{"type":"FeatureCollection","features":[{"type":"Feature","properties":{"osmId":"relation/5609184","name":"New RA Hostel","building":"residential","levels":"2","wheelchair":null,"inAcademicArea":false,"entrances":0},"geometry":{"type":"Polygon","coordinates":[[[80.231563,26.504911],[80.231565,26.50474],[80.231658,26.504741],[80.231658,26.504808],[80.231674,26.504808],[80.231675,26.504689],[80.231769,26.50469],[80.231768,26.504768],[80.231817,26.504769],[80.231818,26.504686],[80.231913,26.504687],[80.231912,26.504765],[80.231936,26.504765],[80.231937,26.504682],[80.232034,26.504683],[80.232033,26.504754],[80.232054,26.504754],[80.232054,26.504804],[80.232262,26.504806],[80.232263,26.504732],[80.232362,26.504733],[80.232361,26.50481],[80.232371,26.504811],[80.232372,26.504766],[80.232383,26.504766],[80.232384,26.504688],[80.232489,26.504689],[80.232488,26.504762],[80.23251,26.504763],[80.232511,26.504687],[80.2326,26.504688],[80.232599,26.504765],[80.232617,26.504766],[80.232617,26.504812],[80.232628,26.504812],[80.232629,26.504731],[80.232727,26.504732],[80.232725,26.504919],[80.232627,26.504918],[80.232628,26.504837],[80.232616,26.504836],[80.232616,26.50488],[80.232601,26.50488],[80.2326,26.50496],[80.232505,26.504959],[80.232506,26.504877],[80.232483,26.504877],[80.232482,26.504958],[80.232385,26.504957],[80.232386,26.504879],[80.23237,26.504879],[80.232371,26.504837],[80.232361,26.504837],[80.23236,26.504917],[80.232261,26.504916],[80.232262,26.504838],[80.232053,26.504836],[80.232053,26.504873],[80.232023,26.504873],[80.232022,26.504956],[80.231934,26.504955],[80.231935,26.504879],[80.23191,26.504878],[80.23191,26.504957],[80.231815,26.504956],[80.231816,26.504876],[80.231767,26.504875],[80.231766,26.504954],[80.231672,26.504953],[80.231673,26.50483],[80.231657,26.50483],[80.231657,26.504912],[80.231563,26.504911]],[[80.231697,26.504851],[80.231965,26.504854],[80.231966,26.504788],[80.231698,26.504784],[80.231697,26.504851]],[[80.232397,26.504858],[80.232398,26.504794],[80.232544,26.504797],[80.232543,26.504861],[80.232397,26.504858]]]}},{"type":"Feature","properties":{"osmId":"relation/7219496","name":"Tutorial Block","building":"university","levels":"2","wheelchair":null,"inAcademicArea":true,"entrances":3},"geometry":{"type":"Polygon","coordinates":[[[80.232167,26.51108],[80.232146,26.511057],[80.232129,26.51103],[80.232116,26.511002],[80.232108,26.510968],[80.232107,26.51096],[80.232093,26.510966],[80.232077,26.510966],[80.232063,26.51096],[80.232053,26.510949],[80.232049,26.510935],[80.232053,26.510921],[80.232063,26.51091],[80.232078,26.510904],[80.232093,26.510904],[80.232108,26.510911],[80.232108,26.510906],[80.232115,26.510877],[80.232127,26.51085],[80.232144,26.510823],[80.232169,26.510794],[80.232218,26.510758],[80.232259,26.510741],[80.232285,26.510733],[80.232353,26.510728],[80.232362,26.510727],[80.232359,26.510713],[80.232362,26.510699],[80.232372,26.510688],[80.232386,26.510682],[80.232402,26.510682],[80.232416,26.510688],[80.232426,26.510699],[80.23243,26.510713],[80.232426,26.510727],[80.232416,26.510738],[80.232427,26.510741],[80.232467,26.51076],[80.232491,26.510774],[80.232518,26.510796],[80.232536,26.510816],[80.232541,26.510823],[80.232552,26.510826],[80.232563,26.510831],[80.23257,26.510839],[80.232572,26.510848],[80.23257,26.51086],[80.232569,26.510869],[80.23257,26.510872],[80.232574,26.510902],[80.232578,26.510935],[80.23259,26.510955],[80.232573,26.510972],[80.232566,26.511002],[80.232563,26.511013],[80.232564,26.511019],[80.232564,26.511024],[80.232564,26.511025],[80.232564,26.511028],[80.232563,26.511033],[80.23256,26.511038],[80.232553,26.511044],[80.232544,26.511048],[80.232537,26.511057],[80.232508,26.511087],[80.232479,26.511108],[80.232451,26.511124],[80.232421,26.511135],[80.232415,26.511137],[80.232425,26.511149],[80.232428,26.511163],[80.232424,26.511177],[80.232414,26.511188],[80.232399,26.511193],[80.232383,26.511193],[80.232369,26.511186],[80.23236,26.511175],[80.232357,26.511161],[80.232361,26.511146],[80.232355,26.511147],[80.232319,26.511146],[80.232282,26.51114],[80.232246,26.511129],[80.232219,26.511117],[80.232208,26.51111],[80.232201,26.51111],[80.232191,26.511108],[80.232185,26.511106],[80.232181,26.511102],[80.232176,26.511094],[80.232173,26.511086],[80.232167,26.51108]],[[80.232248,26.510998],[80.232231,26.510967],[80.232226,26.510934],[80.232233,26.5109],[80.232252,26.510871],[80.23228,26.510848],[80.232315,26.510835],[80.232353,26.510833],[80.23239,26.510843],[80.232421,26.510862],[80.232444,26.510889],[80.232455,26.510922],[80.232454,26.510956],[80.232441,26.510988],[80.232417,26.511014],[80.232385,26.511032],[80.232348,26.511039],[80.23231,26.511036],[80.232276,26.511021],[80.232248,26.510998]],[[80.232209,26.511051],[80.232244,26.511075],[80.232218,26.511111],[80.23221,26.511107],[80.232201,26.511107],[80.232193,26.511105],[80.232188,26.511103],[80.232185,26.5111],[80.23218,26.511093],[80.232178,26.511083],[80.232173,26.511079],[80.232209,26.511051]],[[80.232518,26.510882],[80.232497,26.510847],[80.232537,26.510824],[80.232543,26.510831],[80.23255,26.510834],[80.232557,26.510839],[80.232561,26.510843],[80.232562,26.510847],[80.232563,26.510855],[80.232561,26.510864],[80.232563,26.51087],[80.232518,26.510882]],[[80.232496,26.511025],[80.232515,26.51099],[80.232561,26.511004],[80.232558,26.511013],[80.23256,26.51102],[80.23256,26.511027],[80.232559,26.511032],[80.232556,26.511036],[80.232549,26.511042],[80.23254,26.511046],[80.232537,26.511051],[80.232496,26.511025]]]}},{"type":"Feature","properties":{"osmId":"relation/20322513","name":"P K Kelkar Library","building":"yes","levels":null,"wheelchair":null,"inAcademicArea":true,"entrances":1},"geometry":{"type":"Polygon","coordinates":[[[80.234125,26.512105],[80.233686,26.512101],[80.233679,26.512665],[80.234118,26.512669],[80.234125,26.512105]],[[80.234,26.512463],[80.23402,26.512339],[80.233844,26.512338],[80.233844,26.512466],[80.234,26.512463]]]}},{"type":"Feature","properties":{"osmId":"relation/20327839","name":"New Core Labs","building":"university","levels":"4","wheelchair":null,"inAcademicArea":true,"entrances":0},"geometry":{"type":"Polygon","coordinates":[[[80.231315,26.516796],[80.230804,26.516864],[80.230865,26.516424],[80.230942,26.516423],[80.230942,26.516155],[80.230858,26.516148],[80.230859,26.515884],[80.230864,26.515708],[80.231317,26.515763],[80.231259,26.516158],[80.231247,26.516401],[80.231315,26.516796]],[[80.231091,26.51672],[80.231052,26.516496],[80.23098,26.516496],[80.230974,26.516737],[80.231091,26.51672]],[[80.231063,26.516163],[80.231089,26.515944],[80.230983,26.515919],[80.230988,26.516164],[80.231063,26.516163]]]}},{"type":"Feature","properties":{"osmId":"relation/20327840","name":"Diamond Jubilee Academic Complex","building":"university","levels":null,"wheelchair":null,"inAcademicArea":true,"entrances":0},"geometry":{"type":"Polygon","coordinates":[[[80.231503,26.516776],[80.231495,26.51646],[80.231491,26.516324],[80.23148,26.515974],[80.231672,26.51597],[80.232015,26.515961],[80.232206,26.515956],[80.232232,26.516754],[80.232037,26.516759],[80.23196,26.516761],[80.231784,26.516767],[80.231701,26.51677],[80.231503,26.516776]],[[80.231672,26.515997],[80.23175,26.515995],[80.231754,26.516138],[80.231679,26.51614],[80.231672,26.515997]],[[80.231936,26.515989],[80.232012,26.515987],[80.232016,26.51613],[80.231941,26.516132],[80.231936,26.515989]],[[80.231697,26.516589],[80.231777,26.516587],[80.231782,26.516729],[80.2317,26.516731],[80.231697,26.516589]],[[80.231952,26.516576],[80.23203,26.516574],[80.232035,26.516716],[80.231959,26.516718],[80.231952,26.516576]]]}},{"type":"Feature","properties":{"osmId":"way/1135866500","name":null,"building":"yes","levels":null,"wheelchair":null,"inAcademicArea":false,"entrances":0},"geometry":{"type":"Polygon","coordinates":[[[80.226489,26.506201],[80.226461,26.506054],[80.226416,26.506061],[80.226398,26.505964],[80.226641,26.505926],[80.226645,26.505947],[80.226749,26.505931],[80.226796,26.506172],[80.226756,26.506178],[80.226698,26.506248],[80.22663,26.506203],[80.22653,26.506218],[80.226526,26.506196],[80.226489,26.506201]]]}},{"type":"Feature","properties":{"osmId":"way/1137757106","name":null,"building":"university","levels":"4","wheelchair":null,"inAcademicArea":false,"entrances":0},"geometry":{"type":"Polygon","coordinates":[[[80.229771,26.504643],[80.229772,26.504764],[80.229807,26.504829],[80.229701,26.504884],[80.229673,26.504831],[80.229596,26.504865],[80.22972,26.505092],[80.229673,26.505112],[80.22955,26.504889],[80.229505,26.504898],[80.229455,26.504894],[80.22941,26.504864],[80.229393,26.504807],[80.229132,26.504805],[80.229132,26.504765],[80.229099,26.504764],[80.2291,26.504664],[80.229157,26.504664],[80.229158,26.504642],[80.229771,26.504643]]]}},{"type":"Feature","properties":{"osmId":"way/343976514","name":"Hall 8 Block H","building":"dormitory","levels":"4","wheelchair":null,"inAcademicArea":false,"entrances":0},"geometry":{"type":"Polygon","coordinates":[[[80.22818,26.504622],[80.228437,26.504624],[80.228437,26.504601],[80.228499,26.504601],[80.228507,26.504602],[80.228507,26.504625],[80.228762,26.504628],[80.228763,26.504547],[80.228501,26.504542],[80.228181,26.50454],[80.22818,26.504622]]]}},{"type":"Feature","properties":{"osmId":"way/343976515","name":"Hall 8 Block E","building":"dormitory","levels":"4","wheelchair":null,"inAcademicArea":false,"entrances":0},"geometry":{"type":"Polygon","coordinates":[[[80.22754,26.504614],[80.227797,26.504617],[80.227797,26.504593],[80.227811,26.504593],[80.227867,26.504594],[80.227867,26.504618],[80.228122,26.504621],[80.228123,26.504539],[80.227811,26.504536],[80.227541,26.504533],[80.22754,26.504614]]]}},{"type":"Feature","properties":{"osmId":"way/343976519","name":null,"building":"yes","levels":null,"wheelchair":null,"inAcademicArea":false,"entrances":0},"geometry":{"type":"Polygon","coordinates":[[[80.22848,26.50478],[80.228478,26.505016],[80.228643,26.505018],[80.228644,26.504781],[80.22848,26.50478]]]}},{"type":"Feature","properties":{"osmId":"way/343976520","name":"Hall 8 Block A","building":"dormitory","levels":"4","wheelchair":null,"inAcademicArea":false,"entrances":0},"geometry":{"type":"Polygon","coordinates":[[[80.22744,26.505932],[80.228106,26.505943],[80.228103,26.505847],[80.227768,26.505843],[80.227439,26.505839],[80.22744,26.505932]]]}},{"type":"Feature","properties":{"osmId":"way/343976521","name":"Hall 8 Block B","building":"dormitory","levels":"4","wheelchair":null,"inAcademicArea":false,"entrances":0},"geometry":{"type":"Polygon","coordinates":[[[80.227435,26.505678],[80.227768,26.505681],[80.228159,26.505684],[80.22816,26.505593],[80.227764,26.505588],[80.227436,26.505587],[80.227435,26.505678]]]}},{"type":"Feature","properties":{"osmId":"way/343976522","name":"Hall 8 Block C","building":"dormitory","levels":"4","wheelchair":null,"inAcademicArea":false,"entrances":0},"geometry":{"type":"Polygon","coordinates":[[[80.227455,26.505446],[80.227766,26.505451],[80.228152,26.505455],[80.228153,26.505363],[80.227765,26.505351],[80.227462,26.505348],[80.227455,26.505446]]]}},{"type":"Feature","properties":{"osmId":"way/343976523","name":"Hall 8 Block D","building":"dormitory","levels":"4","wheelchair":null,"inAcademicArea":false,"entrances":0},"geometry":{"type":"Polygon","coordinates":[[[80.227451,26.505196],[80.227759,26.505192],[80.228122,26.505196],[80.228117,26.505089],[80.227757,26.505088],[80.227448,26.505091],[80.227451,26.505196]]]}},{"type":"Feature","properties":{"osmId":"way/343976524","name":"Hall 8 Mess","building":"yes","levels":null,"wheelchair":null,"inAcademicArea":false,"entrances":0},"geometry":{"type":"Polygon","coordinates":[[[80.227529,26.504756],[80.228039,26.50476],[80.228037,26.504976],[80.227528,26.504973],[80.227529,26.504756]]]}},{"type":"Feature","properties":{"osmId":"way/343976525","name":"Hall 8 Block G","building":"dormitory","levels":"4","wheelchair":null,"inAcademicArea":false,"entrances":0},"geometry":{"type":"Polygon","coordinates":[[[80.2282,26.504365],[80.228457,26.504368],[80.228457,26.504344],[80.22851,26.504345],[80.228528,26.504345],[80.228527,26.504369],[80.228782,26.504371],[80.228783,26.50429],[80.228201,26.504284],[80.2282,26.504365]]]}},{"type":"Feature","properties":{"osmId":"way/343976526","name":"Hall 8 Block F","building":"dormitory","levels":"4","wheelchair":null,"inAcademicArea":false,"entrances":0},"geometry":{"type":"Polygon","coordinates":[[[80.227537,26.504357],[80.227794,26.50436],[80.227795,26.504337],[80.227806,26.504337],[80.227865,26.504338],[80.227865,26.504361],[80.228119,26.504364],[80.22812,26.504283],[80.227538,26.504276],[80.227537,26.504357]]]}},{"type":"Feature","properties":{"osmId":"way/1102507063","name":"Hall 10 Mess","building":"yes","levels":null,"wheelchair":null,"inAcademicArea":false,"entrances":0},"geometry":{"type":"Polygon","coordinates":[[[80.225765,26.506027],[80.226267,26.505984],[80.226242,26.505759],[80.225765,26.505787],[80.225765,26.506027]]]}},{"type":"Feature","properties":{"osmId":"way/1102507064","name":"Hall 11 Mess","building":"yes","levels":null,"wheelchair":null,"inAcademicArea":false,"entrances":0},"geometry":{"type":"Polygon","coordinates":[[[80.225768,26.505632],[80.226242,26.505655],[80.226263,26.505433],[80.225778,26.505397],[80.225768,26.505632]]]}},{"type":"Feature","properties":{"osmId":"way/1135352253","name":"Hall 8 Block I","building":"dormitory","levels":"4","wheelchair":null,"inAcademicArea":false,"entrances":0},"geometry":{"type":"Polygon","coordinates":[[[80.228246,26.505952],[80.228835,26.505949],[80.228834,26.505848],[80.228246,26.50585],[80.228246,26.505952]]]}},{"type":"Feature","properties":{"osmId":"way/1135360257","name":null,"building":"yes","levels":null,"wheelchair":null,"inAcademicArea":false,"entrances":0},"geometry":{"type":"Polygon","coordinates":[[[80.228881,26.504056],[80.228996,26.504056],[80.228996,26.503965],[80.228881,26.503965],[80.228881,26.504056]]]}},{"type":"Feature","properties":{"osmId":"way/1135360259","name":"Hall 11 Laundry Room","building":"yes","levels":null,"wheelchair":null,"inAcademicArea":false,"entrances":0},"geometry":{"type":"Polygon","coordinates":[[[80.226206,26.505281],[80.226283,26.505296],[80.226296,26.505243],[80.22622,26.505227],[80.226206,26.505281]]]}},{"type":"Feature","properties":{"osmId":"way/1142120961","name":"Hall 11 Block A","building":"dormitory","levels":"4","wheelchair":null,"inAcademicArea":false,"entrances":0},"geometry":{"type":"Polygon","coordinates":[[[80.226592,26.50504],[80.226908,26.505042],[80.226907,26.505134],[80.226976,26.505134],[80.226977,26.505072],[80.227028,26.505073],[80.227027,26.505146],[80.227103,26.505146],[80.227104,26.505074],[80.227132,26.505075],[80.227134,26.504946],[80.226975,26.504944],[80.226976,26.50478],[80.227127,26.504782],[80.227128,26.50467],[80.227096,26.504669],[80.227097,26.504588],[80.227034,26.504587],[80.227034,26.504664],[80.226981,26.504664],[80.226981,26.504615],[80.226895,26.504614],[80.226894,26.504693],[80.226639,26.504686],[80.226599,26.504688],[80.2266,26.504786],[80.22686,26.504787],[80.226858,26.504948],[80.226593,26.504947],[80.226592,26.50504]]]}},{"type":"Feature","properties":{"osmId":"way/1142120962","name":"Hall 11 Block C","building":"dormitory","levels":"4","wheelchair":null,"inAcademicArea":false,"entrances":0},"geometry":{"type":"Polygon","coordinates":[[[80.226304,26.504686],[80.226256,26.504686],[80.22599,26.504681],[80.225991,26.50459],[80.225922,26.50459],[80.225921,26.504651],[80.22587,26.504651],[80.225871,26.504578],[80.225795,26.504578],[80.225795,26.50465],[80.225766,26.504649],[80.225765,26.504778],[80.225924,26.504779],[80.225922,26.504943],[80.225771,26.504942],[80.22577,26.505054],[80.225803,26.505055],[80.225802,26.505136],[80.225864,26.505137],[80.225865,26.50506],[80.225918,26.50506],[80.225918,26.505109],[80.226004,26.50511],[80.226005,26.505031],[80.226298,26.505033],[80.226299,26.504938],[80.226039,26.504936],[80.22604,26.504775],[80.226306,26.504777],[80.226304,26.504686]]]}},{"type":"Feature","properties":{"osmId":"way/1142120963","name":"Hall 11 Block B","building":"dormitory","levels":"4","wheelchair":null,"inAcademicArea":false,"entrances":0},"geometry":{"type":"Polygon","coordinates":[[[80.226639,26.504686],[80.226647,26.50445],[80.226748,26.504451],[80.226749,26.504389],[80.22668,26.504389],[80.22668,26.504343],[80.226762,26.504344],[80.226762,26.504276],[80.226682,26.504275],[80.226682,26.50425],[80.226538,26.504249],[80.226537,26.504391],[80.226354,26.504389],[80.226355,26.504254],[80.22623,26.504254],[80.22623,26.504282],[80.226138,26.504282],[80.226138,26.504338],[80.226224,26.504338],[80.226224,26.504386],[80.226169,26.504385],[80.226168,26.504463],[80.226256,26.504463],[80.226256,26.504686],[80.226304,26.504686],[80.226359,26.504684],[80.226362,26.504494],[80.226541,26.504495],[80.22654,26.504688],[80.226599,26.504688],[80.226639,26.504686]]]}},{"type":"Feature","properties":{"osmId":"way/1164875508","name":null,"building":"yes","levels":null,"wheelchair":null,"inAcademicArea":false,"entrances":0},"geometry":{"type":"Polygon","coordinates":[[[80.226769,26.505515],[80.226822,26.505174],[80.226605,26.505147],[80.226595,26.505216],[80.226493,26.505203],[80.226461,26.505406],[80.226408,26.505399],[80.226398,26.505461],[80.226469,26.505528],[80.226551,26.505488],[80.226769,26.505515]]]}},{"type":"Feature","properties":{"osmId":"way/1495660257","name":null,"building":"yes","levels":null,"wheelchair":null,"inAcademicArea":false,"entrances":0},"geometry":{"type":"Polygon","coordinates":[[[80.225872,26.50528],[80.225781,26.505282],[80.225771,26.505189],[80.225878,26.505193],[80.225872,26.50528]]]}},{"type":"Feature","properties":{"osmId":"way/682700069","name":null,"building":"yes","levels":null,"wheelchair":null,"inAcademicArea":false,"entrances":0},"geometry":{"type":"Polygon","coordinates":[[[80.233101,26.498953],[80.233099,26.498976],[80.233105,26.498997],[80.233119,26.499016],[80.233139,26.499028],[80.233163,26.499035],[80.233195,26.499031],[80.233216,26.499019],[80.233232,26.499002],[80.23324,26.498981],[80.23324,26.498959],[80.233226,26.498932],[80.233207,26.498917],[80.233184,26.498909],[80.23316,26.498908],[80.233136,26.498915],[80.233116,26.498929],[80.233101,26.498953]]]}},{"type":"Feature","properties":{"osmId":"way/750615062","name":null,"building":"yes","levels":null,"wheelchair":null,"inAcademicArea":false,"entrances":0},"geometry":{"type":"Polygon","coordinates":[[[80.237267,26.498366],[80.237487,26.498318],[80.237547,26.498563],[80.237371,26.498595],[80.237267,26.498366]]]}},{"type":"Feature","properties":{"osmId":"way/770330116","name":null,"building":"yes","levels":null,"wheelchair":null,"inAcademicArea":false,"entrances":0},"geometry":{"type":"Polygon","coordinates":[[[80.237989,26.498626],[80.238401,26.498524],[80.238299,26.498192],[80.237887,26.498293],[80.237989,26.498626]]]}},{"type":"Feature","properties":{"osmId":"way/802503405","name":null,"building":"yes","levels":null,"wheelchair":null,"inAcademicArea":false,"entrances":0},"geometry":{"type":"Polygon","coordinates":[[[80.240383,26.497961],[80.24052,26.498211],[80.240651,26.498153],[80.240514,26.497903],[80.240383,26.497961]]]}},{"type":"Feature","properties":{"osmId":"way/682695152","name":null,"building":"residential","levels":null,"wheelchair":null,"inAcademicArea":false,"entrances":0},"geometry":{"type":"Polygon","coordinates":[[[80.236808,26.506363],[80.236815,26.505945],[80.237374,26.505954],[80.237367,26.506371],[80.236808,26.506363]]]}},{"type":"Feature","properties":{"osmId":"way/682695186","name":"Snehan Child Care Centre","building":"yes","levels":null,"wheelchair":null,"inAcademicArea":false,"entrances":0},"geometry":{"type":"Polygon","coordinates":[[[80.235674,26.505284],[80.235677,26.505181],[80.235771,26.505183],[80.235768,26.505286],[80.235674,26.505284]]]}},{"type":"Feature","properties":{"osmId":"way/682695195","name":null,"building":"house","levels":null,"wheelchair":null,"inAcademicArea":false,"entrances":0},"geometry":{"type":"Polygon","coordinates":[[[80.23566,26.505569],[80.235663,26.505456],[80.235768,26.505458],[80.235765,26.505571],[80.23566,26.505569]]]}},{"type":"Feature","properties":{"osmId":"way/682695218","name":"Counselling Service","building":"yes","levels":null,"wheelchair":null,"inAcademicArea":false,"entrances":0},"geometry":{"type":"Polygon","coordinates":[[[80.235651,26.506097],[80.235654,26.505983],[80.23576,26.505985],[80.235757,26.506099],[80.235651,26.506097]]]}},{"type":"Feature","properties":{"osmId":"way/682695222","name":null,"building":"house","levels":null,"wheelchair":null,"inAcademicArea":false,"entrances":0},"geometry":{"type":"Polygon","coordinates":[[[80.23566,26.505818],[80.235663,26.505706],[80.235767,26.505708],[80.235764,26.50582],[80.23566,26.505818]]]}},{"type":"Feature","properties":{"osmId":"way/682695227","name":null,"building":"house","levels":null,"wheelchair":null,"inAcademicArea":false,"entrances":0},"geometry":{"type":"Polygon","coordinates":[[[80.236097,26.506098],[80.2361,26.505985],[80.236205,26.505987],[80.236202,26.5061],[80.236097,26.506098]]]}},{"type":"Feature","properties":{"osmId":"way/1060910075","name":null,"building":"school","levels":null,"wheelchair":null,"inAcademicArea":false,"entrances":0},"geometry":{"type":"Polygon","coordinates":[[[80.234459,26.506161],[80.235001,26.506163],[80.235003,26.505631],[80.234669,26.50563],[80.234668,26.505753],[80.234576,26.505753],[80.234574,26.506053],[80.234459,26.506052],[80.234459,26.506161]]]}},{"type":"Feature","properties":{"osmId":"way/1160852759","name":null,"building":"residential","levels":"1","wheelchair":null,"inAcademicArea":false,"entrances":1},"geometry":{"type":"Polygon","coordinates":[[[80.235761,26.504992],[80.235629,26.504993],[80.235626,26.504715],[80.235759,26.504714],[80.23576,26.504858],[80.235761,26.504992]]]}},{"type":"Feature","properties":{"osmId":"way/1160852765","name":null,"building":"residential","levels":"1","wheelchair":null,"inAcademicArea":false,"entrances":1},"geometry":{"type":"Polygon","coordinates":[[[80.235776,26.504571],[80.235644,26.504572],[80.235641,26.504294],[80.235774,26.504293],[80.235775,26.504437],[80.235776,26.504571]]]}},{"type":"Feature","properties":{"osmId":"way/1160852769","name":null,"building":"residential","levels":"1","wheelchair":null,"inAcademicArea":false,"entrances":1},"geometry":{"type":"Polygon","coordinates":[[[80.235769,26.504147],[80.235636,26.504148],[80.235634,26.503869],[80.235766,26.503868],[80.235768,26.504012],[80.235769,26.504147]]]}},{"type":"Feature","properties":{"osmId":"way/1495660242","name":null,"building":"yes","levels":null,"wheelchair":null,"inAcademicArea":false,"entrances":0},"geometry":{"type":"Polygon","coordinates":[[[80.235792,26.503411],[80.235721,26.503347],[80.235576,26.503477],[80.235641,26.50353],[80.235792,26.503411]]]}},{"type":"Feature","properties":{"osmId":"way/1495660243","name":null,"building":"yes","levels":null,"wheelchair":null,"inAcademicArea":false,"entrances":0},"geometry":{"type":"Polygon","coordinates":[[[80.235969,26.503245],[80.235786,26.503],[80.235599,26.50314],[80.23581,26.503369],[80.235969,26.503245]]]}},{"type":"Feature","properties":{"osmId":"way/295571716","name":"33 K.V.A. Substation","building":"yes","levels":null,"wheelchair":null,"inAcademicArea":false,"entrances":0},"geometry":{"type":"Polygon","coordinates":[[[80.235268,26.50388],[80.235289,26.503609],[80.235556,26.503626],[80.235524,26.504033],[80.235303,26.504019],[80.235313,26.503883],[80.235268,26.50388]]]}},{"type":"Feature","properties":{"osmId":"way/376451963","name":null,"building":"yes","levels":"0","wheelchair":null,"inAcademicArea":false,"entrances":0},"geometry":{"type":"Polygon","coordinates":[[[80.231063,26.505492],[80.231354,26.505497],[80.231353,26.505539],[80.231421,26.50554],[80.231424,26.50536],[80.231363,26.505359],[80.231362,26.505393],[80.231287,26.505392],[80.231288,26.505362],[80.231065,26.505358],[80.231063,26.505492]]]}},{"type":"Feature","properties":{"osmId":"way/376451964","name":null,"building":"yes","levels":null,"wheelchair":null,"inAcademicArea":false,"entrances":0},"geometry":{"type":"Polygon","coordinates":[[[80.231711,26.50556],[80.232363,26.505109],[80.232349,26.505065],[80.231596,26.50505],[80.231583,26.505132],[80.231578,26.505239],[80.231591,26.50533],[80.231617,26.505411],[80.231648,26.505479],[80.231678,26.50552],[80.231711,26.50556]]]}},{"type":"Feature","properties":{"osmId":"way/376451967","name":"Faculty Apartment (C-Block)","building":"residential","levels":"7","wheelchair":null,"inAcademicArea":false,"entrances":0},"geometry":{"type":"Polygon","coordinates":[[[80.232842,26.503394],[80.232841,26.503516],[80.23318,26.503519],[80.233181,26.503397],[80.233313,26.503273],[80.233216,26.503191],[80.233192,26.503213],[80.233172,26.503196],[80.233122,26.503242],[80.233073,26.503264],[80.232939,26.503262],[80.232903,26.503231],[80.232854,26.503185],[80.232823,26.50321],[80.232799,26.503187],[80.232706,26.503265],[80.232842,26.503394]]]}},{"type":"Feature","properties":{"osmId":"way/376451968","name":"Faculty Apartment (D-Block)","building":"residential","levels":"7","wheelchair":null,"inAcademicArea":false,"entrances":0},"geometry":{"type":"Polygon","coordinates":[[[80.233185,26.502876],[80.23319,26.502754],[80.232843,26.502753],[80.232843,26.502869],[80.232713,26.502985],[80.232808,26.503076],[80.232832,26.503053],[80.232853,26.50307],[80.232902,26.503024],[80.232886,26.50301],[80.232949,26.502951],[80.23308,26.502951],[80.233147,26.503014],[80.233122,26.503035],[80.233171,26.503081],[80.233201,26.503056],[80.233226,26.503079],[80.233316,26.503005],[80.233185,26.502876]]]}},{"type":"Feature","properties":{"osmId":"way/376451969","name":"Faculty Apartment (A-Block)","building":"residential","levels":"7","wheelchair":null,"inAcademicArea":false,"entrances":0},"geometry":{"type":"Polygon","coordinates":[[[80.232004,26.504205],[80.232002,26.504326],[80.232341,26.50433],[80.232343,26.504207],[80.232474,26.504083],[80.232378,26.504001],[80.232354,26.504024],[80.232333,26.504006],[80.232284,26.504053],[80.2323,26.504066],[80.232237,26.504125],[80.232106,26.504126],[80.232039,26.504062],[80.232064,26.504041],[80.232015,26.503995],[80.231985,26.504021],[80.23196,26.503997],[80.231868,26.504076],[80.232004,26.504205]]]}},{"type":"Feature","properties":{"osmId":"way/376451970","name":"Faculty Apartment (B-block)","building":"residential","levels":"7","wheelchair":null,"inAcademicArea":false,"entrances":0},"geometry":{"type":"Polygon","coordinates":[[[80.232343,26.50369],[80.232344,26.503569],[80.232005,26.503566],[80.232004,26.503688],[80.231872,26.503812],[80.231969,26.503894],[80.231993,26.503872],[80.232013,26.503889],[80.232063,26.503843],[80.232047,26.503829],[80.232109,26.50377],[80.23224,26.50377],[80.232307,26.503833],[80.232282,26.503854],[80.232332,26.5039],[80.232362,26.503874],[80.232386,26.503898],[80.232479,26.503819],[80.232343,26.50369]]]}},{"type":"Feature","properties":{"osmId":"way/376451973","name":null,"building":"residential","levels":"6","wheelchair":null,"inAcademicArea":false,"entrances":0},"geometry":{"type":"Polygon","coordinates":[[[80.233377,26.504045],[80.233377,26.504219],[80.233581,26.504219],[80.233581,26.504046],[80.233377,26.504045]]]}},{"type":"Feature","properties":{"osmId":"way/376451974","name":null,"building":"residential","levels":"6","wheelchair":null,"inAcademicArea":false,"entrances":0},"geometry":{"type":"Polygon","coordinates":[[[80.233095,26.504019],[80.233094,26.504192],[80.233298,26.504193],[80.233299,26.504019],[80.233095,26.504019]]]}},{"type":"Feature","properties":{"osmId":"way/376451976","name":null,"building":"residential","levels":"2","wheelchair":null,"inAcademicArea":false,"entrances":0},"geometry":{"type":"Polygon","coordinates":[[[80.232841,26.504266],[80.232841,26.50444],[80.233044,26.50444],[80.233045,26.504267],[80.232841,26.504266]]]}},{"type":"Feature","properties":{"osmId":"way/376451979","name":null,"building":"residential","levels":"6","wheelchair":null,"inAcademicArea":false,"entrances":0},"geometry":{"type":"Polygon","coordinates":[[[80.232822,26.504015],[80.232822,26.504188],[80.233025,26.504189],[80.233026,26.504015],[80.232822,26.504015]]]}},{"type":"Feature","properties":{"osmId":"way/376451980","name":null,"building":"residential","levels":"2","wheelchair":null,"inAcademicArea":false,"entrances":0},"geometry":{"type":"Polygon","coordinates":[[[80.233105,26.504267],[80.233105,26.50444],[80.233309,26.504441],[80.233309,26.504268],[80.233105,26.504267]]]}},{"type":"Feature","properties":{"osmId":"way/376451986","name":"Indoor Sports Complex","building":"yes","levels":null,"wheelchair":null,"inAcademicArea":false,"entrances":0},"geometry":{"type":"Polygon","coordinates":[[[80.230318,26.504739],[80.230291,26.504739],[80.230291,26.504688],[80.230319,26.504688],[80.230319,26.504665],[80.230674,26.504669],[80.230668,26.505156],[80.230313,26.505152],[80.230314,26.505084],[80.230263,26.505109],[80.230276,26.505131],[80.230133,26.5052],[80.230047,26.505057],[80.230083,26.505039],[80.230032,26.504954],[80.229987,26.504975],[80.229871,26.504781],[80.230081,26.50468],[80.230112,26.50473],[80.230229,26.504674],[80.230317,26.504821],[80.230318,26.504739]]]}},{"type":"Feature","properties":{"osmId":"way/1107954196","name":"New Shopping Center","building":"retail","levels":null,"wheelchair":null,"inAcademicArea":false,"entrances":0},"geometry":{"type":"Polygon","coordinates":[[[80.231113,26.504406],[80.231113,26.504449],[80.231236,26.504448],[80.231236,26.504375],[80.231473,26.504373],[80.231474,26.504402],[80.231522,26.504402],[80.231521,26.504203],[80.231431,26.504203],[80.231432,26.504264],[80.231037,26.504267],[80.231038,26.504406],[80.231113,26.504406]]]}},{"type":"Feature","properties":{"osmId":"way/1135340980","name":null,"building":"dormitory","levels":null,"wheelchair":null,"inAcademicArea":false,"entrances":2},"geometry":{"type":"Polygon","coordinates":[[[80.233504,26.506016],[80.234202,26.506022],[80.234204,26.505778],[80.234152,26.505777],[80.234153,26.505665],[80.234253,26.505665],[80.234254,26.505578],[80.234351,26.505578],[80.234357,26.505037],[80.234946,26.505041],[80.234948,26.50474],[80.234559,26.504737],[80.234072,26.504734],[80.234062,26.505745],[80.233506,26.505741],[80.233504,26.506016]]]}},{"type":"Feature","properties":{"osmId":"way/1136942413","name":"Old RA Hostel","building":"dormitory","levels":null,"wheelchair":null,"inAcademicArea":false,"entrances":0},"geometry":{"type":"Polygon","coordinates":[[[80.233017,26.505262],[80.233011,26.505495],[80.232948,26.505494],[80.232949,26.50546],[80.232871,26.505459],[80.232872,26.505397],[80.232812,26.505396],[80.232805,26.505693],[80.232879,26.505694],[80.232881,26.505617],[80.232943,26.505618],[80.232944,26.505584],[80.233023,26.505586],[80.233016,26.50583],[80.232684,26.505824],[80.232659,26.505774],[80.23266,26.505602],[80.232614,26.505602],[80.232614,26.505494],[80.232667,26.505494],[80.232669,26.505282],[80.232734,26.505256],[80.233017,26.505262]]]}},{"type":"Feature","properties":{"osmId":"way/1137181479","name":"Smart Grid Control Centre","building":"university","levels":null,"wheelchair":null,"inAcademicArea":false,"entrances":0},"geometry":{"type":"Polygon","coordinates":[[[80.235113,26.504126],[80.235111,26.503979],[80.235229,26.503978],[80.235231,26.504124],[80.235113,26.504126]]]}},{"type":"Feature","properties":{"osmId":"way/1137189322","name":null,"building":"residential","levels":"1","wheelchair":null,"inAcademicArea":false,"entrances":0},"geometry":{"type":"Polygon","coordinates":[[[80.234631,26.5045],[80.23463,26.504438],[80.234589,26.504438],[80.234588,26.504308],[80.234624,26.504308],[80.234623,26.504244],[80.2347,26.504243],[80.234701,26.504312],[80.23467,26.504312],[80.234671,26.504433],[80.234705,26.504433],[80.234706,26.504499],[80.234631,26.5045]]]}},{"type":"Feature","properties":{"osmId":"way/1137189323","name":null,"building":"residential","levels":"1","wheelchair":null,"inAcademicArea":false,"entrances":0},"geometry":{"type":"Polygon","coordinates":[[[80.234482,26.504499],[80.234481,26.504437],[80.23444,26.504437],[80.234439,26.504307],[80.234475,26.504307],[80.234474,26.504243],[80.234551,26.504242],[80.234552,26.504311],[80.234521,26.504311],[80.234522,26.504432],[80.234556,26.504432],[80.234557,26.504498],[80.234482,26.504499]]]}},{"type":"Feature","properties":{"osmId":"way/1137189324","name":null,"building":"residential","levels":"1","wheelchair":null,"inAcademicArea":false,"entrances":0},"geometry":{"type":"Polygon","coordinates":[[[80.234263,26.504501],[80.234262,26.504439],[80.234221,26.504439],[80.23422,26.504309],[80.234256,26.504309],[80.234256,26.504245],[80.234333,26.504244],[80.234333,26.504313],[80.234302,26.504313],[80.234303,26.504434],[80.234337,26.504433],[80.234338,26.5045],[80.234263,26.504501]]]}},{"type":"Feature","properties":{"osmId":"way/1137189325","name":null,"building":"residential","levels":"1","wheelchair":null,"inAcademicArea":false,"entrances":0},"geometry":{"type":"Polygon","coordinates":[[[80.234116,26.504497],[80.234115,26.504435],[80.234074,26.504436],[80.234073,26.504305],[80.234109,26.504305],[80.234108,26.504241],[80.234186,26.504241],[80.234186,26.504309],[80.234155,26.50431],[80.234156,26.50443],[80.23419,26.50443],[80.234191,26.504497],[80.234116,26.504497]]]}},{"type":"Feature","properties":{"osmId":"way/1137189326","name":null,"building":"residential","levels":"1","wheelchair":null,"inAcademicArea":false,"entrances":0},"geometry":{"type":"Polygon","coordinates":[[[80.234629,26.504206],[80.234628,26.504144],[80.234587,26.504145],[80.234586,26.504014],[80.234622,26.504014],[80.234621,26.50395],[80.234698,26.50395],[80.234699,26.504019],[80.234668,26.504019],[80.234669,26.504139],[80.234703,26.504139],[80.234704,26.504206],[80.234629,26.504206]]]}},{"type":"Feature","properties":{"osmId":"way/1137189327","name":null,"building":"residential","levels":"1","wheelchair":null,"inAcademicArea":false,"entrances":0},"geometry":{"type":"Polygon","coordinates":[[[80.234482,26.504205],[80.234481,26.504143],[80.23444,26.504144],[80.234439,26.504014],[80.234475,26.504013],[80.234474,26.50395],[80.234551,26.503949],[80.234552,26.504018],[80.234521,26.504018],[80.234522,26.504138],[80.234556,26.504138],[80.234557,26.504205],[80.234482,26.504205]]]}},{"type":"Feature","properties":{"osmId":"way/1137189328","name":null,"building":"residential","levels":"1","wheelchair":null,"inAcademicArea":false,"entrances":0},"geometry":{"type":"Polygon","coordinates":[[[80.235158,26.504433],[80.235157,26.504371],[80.235116,26.504372],[80.235115,26.504241],[80.235151,26.504241],[80.23515,26.504177],[80.235227,26.504177],[80.235228,26.504245],[80.235197,26.504246],[80.235198,26.504366],[80.235232,26.504366],[80.235233,26.504432],[80.235158,26.504433]]]}},{"type":"Feature","properties":{"osmId":"way/1137189329","name":null,"building":"residential","levels":"1","wheelchair":null,"inAcademicArea":false,"entrances":0},"geometry":{"type":"Polygon","coordinates":[[[80.235012,26.504435],[80.235011,26.504373],[80.23497,26.504373],[80.234968,26.504243],[80.235005,26.504243],[80.235004,26.504179],[80.235081,26.504178],[80.235082,26.504247],[80.23505,26.504247],[80.235052,26.504368],[80.235086,26.504368],[80.235087,26.504434],[80.235012,26.504435]]]}},{"type":"Feature","properties":{"osmId":"way/1137189330","name":null,"building":"residential","levels":"1","wheelchair":null,"inAcademicArea":false,"entrances":0},"geometry":{"type":"Polygon","coordinates":[[[80.23501,26.503948],[80.235009,26.503886],[80.234968,26.503887],[80.234966,26.503756],[80.235003,26.503756],[80.235002,26.503692],[80.235079,26.503692],[80.23508,26.503761],[80.235048,26.503761],[80.23505,26.503881],[80.235084,26.503881],[80.235085,26.503948],[80.23501,26.503948]]]}},{"type":"Feature","properties":{"osmId":"way/1137189331","name":null,"building":"residential","levels":"1","wheelchair":null,"inAcademicArea":false,"entrances":0},"geometry":{"type":"Polygon","coordinates":[[[80.235156,26.503947],[80.235155,26.503885],[80.235114,26.503886],[80.235113,26.503756],[80.235149,26.503755],[80.235148,26.503692],[80.235225,26.503691],[80.235226,26.50376],[80.235195,26.50376],[80.235196,26.50388],[80.23523,26.50388],[80.235231,26.503947],[80.235156,26.503947]]]}},{"type":"Feature","properties":{"osmId":"way/1137756288","name":null,"building":"yes","levels":null,"wheelchair":null,"inAcademicArea":false,"entrances":0},"geometry":{"type":"Polygon","coordinates":[[[80.233752,26.503548],[80.233757,26.50372],[80.233507,26.503726],[80.233503,26.503583],[80.233563,26.503582],[80.233562,26.503553],[80.233752,26.503548]]]}},{"type":"Feature","properties":{"osmId":"way/1256623109","name":"Health Centre","building":"hospital","levels":null,"wheelchair":"yes","inAcademicArea":false,"entrances":0},"geometry":{"type":"Polygon","coordinates":[[[80.23368,26.505327],[80.233592,26.50534],[80.233519,26.505099],[80.233548,26.504972],[80.23368,26.505203],[80.233716,26.505465],[80.233789,26.505099],[80.233902,26.505432],[80.233548,26.505497],[80.23368,26.505327]]]}},{"type":"Feature","properties":{"osmId":"way/1494405421","name":null,"building":"yes","levels":null,"wheelchair":null,"inAcademicArea":false,"entrances":0},"geometry":{"type":"Polygon","coordinates":[[[80.230517,26.503842],[80.230517,26.503406],[80.230745,26.503429],[80.230727,26.503839],[80.230517,26.503842]]]}},{"type":"Feature","properties":{"osmId":"way/1495660253","name":null,"building":"yes","levels":null,"wheelchair":null,"inAcademicArea":false,"entrances":0},"geometry":{"type":"Polygon","coordinates":[[[80.235399,26.502977],[80.235305,26.503033],[80.235248,26.50297],[80.235343,26.502916],[80.235399,26.502977]]]}},{"type":"Feature","properties":{"osmId":"way/1495660254","name":null,"building":"yes","levels":null,"wheelchair":null,"inAcademicArea":false,"entrances":0},"geometry":{"type":"Polygon","coordinates":[[[80.235252,26.503075],[80.235116,26.502906],[80.235011,26.502958],[80.235153,26.503139],[80.235252,26.503075]]]}},{"type":"Feature","properties":{"osmId":"way/1495660255","name":null,"building":"yes","levels":null,"wheelchair":null,"inAcademicArea":false,"entrances":0},"geometry":{"type":"Polygon","coordinates":[[[80.235099,26.502839],[80.23499,26.502742],[80.234925,26.502797],[80.234999,26.502867],[80.235026,26.502839],[80.235062,26.502869],[80.235099,26.502839]]]}},{"type":"Feature","properties":{"osmId":"way/1495660256","name":null,"building":"yes","levels":null,"wheelchair":null,"inAcademicArea":false,"entrances":0},"geometry":{"type":"Polygon","coordinates":[[[80.234965,26.502695],[80.234872,26.502749],[80.234775,26.502636],[80.234866,26.502579],[80.234965,26.502695]]]}},{"type":"Feature","properties":{"osmId":"way/295570664","name":null,"building":"residential","levels":"1","wheelchair":null,"inAcademicArea":false,"entrances":1},"geometry":{"type":"Polygon","coordinates":[[[80.236677,26.504996],[80.236545,26.504997],[80.236542,26.504718],[80.236675,26.504717],[80.236676,26.504861],[80.236677,26.504996]]]}},{"type":"Feature","properties":{"osmId":"way/295570665","name":null,"building":"residential","levels":"1","wheelchair":null,"inAcademicArea":false,"entrances":1},"geometry":{"type":"Polygon","coordinates":[[[80.236695,26.504995],[80.236696,26.504861],[80.236696,26.504718],[80.236819,26.504718],[80.236818,26.504995],[80.236695,26.504995]]]}},{"type":"Feature","properties":{"osmId":"way/682695124","name":null,"building":"yes","levels":null,"wheelchair":null,"inAcademicArea":false,"entrances":0},"geometry":{"type":"Polygon","coordinates":[[[80.23714,26.505321],[80.237143,26.505199],[80.237259,26.505201],[80.237256,26.505323],[80.23714,26.505321]]]}},{"type":"Feature","properties":{"osmId":"way/682695130","name":null,"building":"house","levels":null,"wheelchair":null,"inAcademicArea":false,"entrances":0},"geometry":{"type":"Polygon","coordinates":[[[80.236096,26.50581],[80.236099,26.505702],[80.236199,26.505704],[80.236196,26.505812],[80.236096,26.50581]]]}},{"type":"Feature","properties":{"osmId":"way/682695166","name":null,"building":"residential","levels":null,"wheelchair":null,"inAcademicArea":false,"entrances":0},"geometry":{"type":"Polygon","coordinates":[[[80.236815,26.505907],[80.236824,26.505429],[80.237374,26.505438],[80.237365,26.505915],[80.236815,26.505907]]]}},{"type":"Feature","properties":{"osmId":"way/682695213","name":null,"building":"house","levels":null,"wheelchair":null,"inAcademicArea":false,"entrances":0},"geometry":{"type":"Polygon","coordinates":[[[80.2361,26.505574],[80.236102,26.505459],[80.23621,26.505461],[80.236207,26.505576],[80.2361,26.505574]]]}},{"type":"Feature","properties":{"osmId":"way/682695232","name":null,"building":"house","levels":null,"wheelchair":null,"inAcademicArea":false,"entrances":0},"geometry":{"type":"Polygon","coordinates":[[[80.236096,26.505293],[80.236099,26.505177],[80.236208,26.505179],[80.236205,26.505295],[80.236096,26.505293]]]}},{"type":"Feature","properties":{"osmId":"way/1160852756","name":null,"building":"residential","levels":"1","wheelchair":null,"inAcademicArea":false,"entrances":1},"geometry":{"type":"Polygon","coordinates":[[[80.236156,26.50498],[80.236024,26.504981],[80.236022,26.504702],[80.236154,26.504702],[80.236155,26.504846],[80.236156,26.50498]]]}},{"type":"Feature","properties":{"osmId":"way/1160852757","name":null,"building":"residential","levels":"1","wheelchair":null,"inAcademicArea":false,"entrances":1},"geometry":{"type":"Polygon","coordinates":[[[80.236175,26.504979],[80.236175,26.504846],[80.236176,26.504702],[80.236299,26.504703],[80.236298,26.50498],[80.236175,26.504979]]]}},{"type":"Feature","properties":{"osmId":"way/1160852760","name":null,"building":"residential","levels":"1","wheelchair":null,"inAcademicArea":false,"entrances":1},"geometry":{"type":"Polygon","coordinates":[[[80.235779,26.504992],[80.23578,26.504858],[80.235781,26.504715],[80.235903,26.504715],[80.235902,26.504992],[80.235779,26.504992]]]}},{"type":"Feature","properties":{"osmId":"way/1160852762","name":null,"building":"residential","levels":"1","wheelchair":null,"inAcademicArea":false,"entrances":1},"geometry":{"type":"Polygon","coordinates":[[[80.236154,26.504603],[80.236022,26.504604],[80.236019,26.504325],[80.236151,26.504324],[80.236153,26.504469],[80.236154,26.504603]]]}},{"type":"Feature","properties":{"osmId":"way/1160852763","name":null,"building":"residential","levels":"1","wheelchair":null,"inAcademicArea":false,"entrances":1},"geometry":{"type":"Polygon","coordinates":[[[80.236172,26.504602],[80.236173,26.504469],[80.236173,26.504325],[80.236296,26.504326],[80.236295,26.504603],[80.236172,26.504602]]]}},{"type":"Feature","properties":{"osmId":"way/1160852766","name":null,"building":"residential","levels":"1","wheelchair":null,"inAcademicArea":false,"entrances":1},"geometry":{"type":"Polygon","coordinates":[[[80.235794,26.50457],[80.235795,26.504437],[80.235795,26.504294],[80.235918,26.504294],[80.235917,26.504571],[80.235794,26.50457]]]}},{"type":"Feature","properties":{"osmId":"way/1160852768","name":null,"building":"residential","levels":"1","wheelchair":null,"inAcademicArea":false,"entrances":1},"geometry":{"type":"Polygon","coordinates":[[[80.235787,26.504146],[80.235788,26.504012],[80.235788,26.503869],[80.235911,26.50387],[80.23591,26.504146],[80.235787,26.504146]]]}},{"type":"Feature","properties":{"osmId":"way/1495660228","name":null,"building":"yes","levels":null,"wheelchair":null,"inAcademicArea":false,"entrances":0},"geometry":{"type":"Polygon","coordinates":[[[80.237604,26.50502],[80.237445,26.50514],[80.237337,26.505047],[80.237518,26.504918],[80.237604,26.50502]]]}},{"type":"Feature","properties":{"osmId":"way/1495660229","name":null,"building":"yes","levels":null,"wheelchair":null,"inAcademicArea":false,"entrances":0},"geometry":{"type":"Polygon","coordinates":[[[80.237718,26.505092],[80.237531,26.505223],[80.237476,26.505178],[80.23767,26.505046],[80.237718,26.505092]]]}},{"type":"Feature","properties":{"osmId":"way/1495660230","name":null,"building":"yes","levels":null,"wheelchair":null,"inAcademicArea":false,"entrances":0},"geometry":{"type":"Polygon","coordinates":[[[80.237805,26.505181],[80.237623,26.505315],[80.237565,26.505268],[80.237756,26.505135],[80.237805,26.505181]]]}},{"type":"Feature","properties":{"osmId":"way/1495660231","name":null,"building":"yes","levels":null,"wheelchair":null,"inAcademicArea":false,"entrances":0},"geometry":{"type":"Polygon","coordinates":[[[80.23801,26.505342],[80.237826,26.505492],[80.237765,26.505441],[80.23796,26.505296],[80.23801,26.505342]]]}},{"type":"Feature","properties":{"osmId":"way/1495660232","name":null,"building":"yes","levels":null,"wheelchair":null,"inAcademicArea":false,"entrances":0},"geometry":{"type":"Polygon","coordinates":[[[80.238437,26.505764],[80.23838,26.505704],[80.238259,26.505806],[80.238232,26.505784],[80.238179,26.505823],[80.238268,26.5059],[80.238437,26.505764]]]}},{"type":"Feature","properties":{"osmId":"way/1495660233","name":null,"building":"yes","levels":null,"wheelchair":null,"inAcademicArea":false,"entrances":0},"geometry":{"type":"Polygon","coordinates":[[[80.238323,26.505661],[80.238217,26.505551],[80.238034,26.505684],[80.238157,26.505793],[80.238323,26.505661]]]}},{"type":"Feature","properties":{"osmId":"way/1495660234","name":null,"building":"yes","levels":null,"wheelchair":null,"inAcademicArea":false,"entrances":0},"geometry":{"type":"Polygon","coordinates":[[[80.236762,26.504417],[80.236615,26.504516],[80.236519,26.504425],[80.236671,26.504333],[80.236762,26.504417]]]}},{"type":"Feature","properties":{"osmId":"way/1495660235","name":null,"building":"yes","levels":null,"wheelchair":null,"inAcademicArea":false,"entrances":0},"geometry":{"type":"Polygon","coordinates":[[[80.236971,26.504557],[80.236945,26.504529],[80.236931,26.504545],[80.236882,26.504484],[80.236764,26.504575],[80.236841,26.504646],[80.236971,26.504557]]]}},{"type":"Feature","properties":{"osmId":"way/1495660236","name":null,"building":"yes","levels":null,"wheelchair":null,"inAcademicArea":false,"entrances":0},"geometry":{"type":"Polygon","coordinates":[[[80.237448,26.50475],[80.237486,26.504723],[80.237464,26.504709],[80.237516,26.504663],[80.237395,26.504528],[80.237258,26.504607],[80.237292,26.504645],[80.237346,26.504606],[80.237367,26.504629],[80.237351,26.504642],[80.237376,26.50467],[80.237398,26.504656],[80.237441,26.504706],[80.23742,26.504724],[80.237448,26.50475]]]}},{"type":"Feature","properties":{"osmId":"way/1495660237","name":null,"building":"yes","levels":null,"wheelchair":null,"inAcademicArea":false,"entrances":0},"geometry":{"type":"Polygon","coordinates":[[[80.237376,26.504536],[80.237441,26.504497],[80.237288,26.50433],[80.237215,26.504365],[80.237376,26.504536]]]}},{"type":"Feature","properties":{"osmId":"way/1495660238","name":null,"building":"yes","levels":null,"wheelchair":null,"inAcademicArea":false,"entrances":0},"geometry":{"type":"Polygon","coordinates":[[[80.237368,26.50454],[80.23727,26.504592],[80.237202,26.504524],[80.237294,26.504456],[80.237368,26.50454]]]}},{"type":"Feature","properties":{"osmId":"way/1495660239","name":null,"building":"yes","levels":null,"wheelchair":null,"inAcademicArea":false,"entrances":0},"geometry":{"type":"Polygon","coordinates":[[[80.236886,26.504196],[80.236965,26.504138],[80.236821,26.503972],[80.23665,26.504085],[80.236686,26.504125],[80.236712,26.504105],[80.236732,26.504141],[80.236712,26.504162],[80.236745,26.504202],[80.236834,26.504137],[80.236886,26.504196]]]}},{"type":"Feature","properties":{"osmId":"way/1495660240","name":null,"building":"yes","levels":null,"wheelchair":null,"inAcademicArea":false,"entrances":0},"geometry":{"type":"Polygon","coordinates":[[[80.237177,26.504293],[80.237023,26.50412],[80.236789,26.504274],[80.236917,26.504407],[80.236978,26.504437],[80.237177,26.504293]]]}},{"type":"Feature","properties":{"osmId":"way/1495660241","name":null,"building":"yes","levels":null,"wheelchair":null,"inAcademicArea":false,"entrances":0},"geometry":{"type":"Polygon","coordinates":[[[80.23643,26.504018],[80.236397,26.503983],[80.236383,26.503995],[80.236348,26.503957],[80.236366,26.503945],[80.236342,26.503915],[80.236163,26.504018],[80.236268,26.504124],[80.236323,26.50409],[80.236301,26.504058],[80.236356,26.504028],[80.236374,26.504059],[80.23643,26.504018]]]}},{"type":"Feature","properties":{"osmId":"way/1495660244","name":null,"building":"yes","levels":null,"wheelchair":null,"inAcademicArea":false,"entrances":0},"geometry":{"type":"Polygon","coordinates":[[[80.236153,26.503498],[80.236003,26.503588],[80.235951,26.50353],[80.235978,26.503504],[80.235933,26.503465],[80.235909,26.503478],[80.235852,26.50342],[80.23601,26.503303],[80.236153,26.503498]]]}},{"type":"Feature","properties":{"osmId":"way/1495660245","name":null,"building":"yes","levels":null,"wheelchair":null,"inAcademicArea":false,"entrances":0},"geometry":{"type":"Polygon","coordinates":[[[80.236249,26.503629],[80.236174,26.503539],[80.236032,26.503618],[80.236124,26.503705],[80.236249,26.503629]]]}},{"type":"Feature","properties":{"osmId":"way/1495660246","name":null,"building":"yes","levels":null,"wheelchair":null,"inAcademicArea":false,"entrances":0},"geometry":{"type":"Polygon","coordinates":[[[80.236188,26.503846],[80.236109,26.503782],[80.236001,26.503855],[80.236072,26.50392],[80.236188,26.503846]]]}},{"type":"Feature","properties":{"osmId":"way/1495660247","name":null,"building":"yes","levels":null,"wheelchair":null,"inAcademicArea":false,"entrances":0},"geometry":{"type":"Polygon","coordinates":[[[80.236109,26.503773],[80.23599,26.503857],[80.235903,26.50378],[80.235902,26.503719],[80.235989,26.503639],[80.236109,26.503773]]]}},{"type":"Feature","properties":{"osmId":"way/1495660248","name":null,"building":"yes","levels":null,"wheelchair":null,"inAcademicArea":false,"entrances":0},"geometry":{"type":"Polygon","coordinates":[[[80.236617,26.503782],[80.236486,26.503875],[80.236415,26.503795],[80.236543,26.503701],[80.236617,26.503782]]]}},{"type":"Feature","properties":{"osmId":"way/1495660249","name":null,"building":"yes","levels":null,"wheelchair":null,"inAcademicArea":false,"entrances":0},"geometry":{"type":"Polygon","coordinates":[[[80.236577,26.503633],[80.236494,26.503687],[80.236391,26.503535],[80.236461,26.503488],[80.236577,26.503633]]]}},{"type":"Feature","properties":{"osmId":"way/1495660250","name":null,"building":"yes","levels":null,"wheelchair":null,"inAcademicArea":false,"entrances":0},"geometry":{"type":"Polygon","coordinates":[[[80.236716,26.503528],[80.236598,26.503393],[80.236524,26.503438],[80.236637,26.503574],[80.236716,26.503528]]]}},{"type":"Feature","properties":{"osmId":"way/1495660251","name":null,"building":"yes","levels":null,"wheelchair":null,"inAcademicArea":false,"entrances":0},"geometry":{"type":"Polygon","coordinates":[[[80.2367,26.503503],[80.236762,26.503462],[80.236665,26.503341],[80.236597,26.503388],[80.2367,26.503503]]]}},{"type":"Feature","properties":{"osmId":"way/1495660252","name":null,"building":"yes","levels":null,"wheelchair":null,"inAcademicArea":false,"entrances":0},"geometry":{"type":"Polygon","coordinates":[[[80.236794,26.503232],[80.236717,26.503142],[80.236608,26.503226],[80.236671,26.503313],[80.236794,26.503232]]]}},{"type":"Feature","properties":{"osmId":"way/1495660258","name":null,"building":"yes","levels":null,"wheelchair":null,"inAcademicArea":false,"entrances":0},"geometry":{"type":"Polygon","coordinates":[[[80.236434,26.503082],[80.236177,26.502777],[80.236074,26.502851],[80.236116,26.502901],[80.23599,26.502971],[80.23592,26.502914],[80.235871,26.502962],[80.236079,26.50324],[80.236162,26.503292],[80.236244,26.503223],[80.236109,26.503079],[80.236214,26.503007],[80.236331,26.503158],[80.236434,26.503082]]]}},{"type":"Feature","properties":{"osmId":"way/1495660259","name":null,"building":"yes","levels":null,"wheelchair":null,"inAcademicArea":false,"entrances":0},"geometry":{"type":"Polygon","coordinates":[[[80.236528,26.503424],[80.236334,26.503565],[80.236187,26.50339],[80.236377,26.50323],[80.236528,26.503424]]]}},{"type":"Feature","properties":{"osmId":"way/1495660260","name":null,"building":"yes","levels":null,"wheelchair":null,"inAcademicArea":false,"entrances":0},"geometry":{"type":"Polygon","coordinates":[[[80.237003,26.503748],[80.236848,26.503869],[80.236712,26.503719],[80.236867,26.503595],[80.237003,26.503748]]]}},{"type":"Feature","properties":{"osmId":"way/1495660261","name":null,"building":"yes","levels":null,"wheelchair":null,"inAcademicArea":false,"entrances":0},"geometry":{"type":"Polygon","coordinates":[[[80.237468,26.503622],[80.237398,26.503551],[80.237258,26.503662],[80.237333,26.503737],[80.237468,26.503622]]]}},{"type":"Feature","properties":{"osmId":"way/1495660262","name":null,"building":"yes","levels":null,"wheelchair":null,"inAcademicArea":false,"entrances":0},"geometry":{"type":"Polygon","coordinates":[[[80.237354,26.503834],[80.237289,26.503767],[80.237196,26.503826],[80.237132,26.503759],[80.23707,26.503785],[80.237222,26.503939],[80.237354,26.503834]]]}},{"type":"Feature","properties":{"osmId":"way/1495660263","name":null,"building":"yes","levels":null,"wheelchair":null,"inAcademicArea":false,"entrances":0},"geometry":{"type":"Polygon","coordinates":[[[80.237438,26.504101],[80.23736,26.504006],[80.237297,26.504053],[80.237354,26.504106],[80.237377,26.504088],[80.237412,26.504119],[80.237438,26.504101]]]}},{"type":"Feature","properties":{"osmId":"way/1495660264","name":null,"building":"yes","levels":null,"wheelchair":null,"inAcademicArea":false,"entrances":0},"geometry":{"type":"Polygon","coordinates":[[[80.23695,26.503593],[80.236867,26.503472],[80.23691,26.503449],[80.236997,26.50356],[80.23695,26.503593]]]}},{"type":"Feature","properties":{"osmId":"way/1495660265","name":null,"building":"yes","levels":null,"wheelchair":null,"inAcademicArea":false,"entrances":0},"geometry":{"type":"Polygon","coordinates":[[[80.237268,26.503423],[80.237216,26.50345],[80.237137,26.50332],[80.237184,26.503291],[80.237268,26.503423]]]}},{"type":"Feature","properties":{"osmId":"way/1495660266","name":null,"building":"yes","levels":null,"wheelchair":null,"inAcademicArea":false,"entrances":0},"geometry":{"type":"Polygon","coordinates":[[[80.237334,26.503499],[80.23721,26.503585],[80.237147,26.503501],[80.23727,26.503428],[80.237334,26.503499]]]}},{"type":"Feature","properties":{"osmId":"way/1495660267","name":null,"building":"yes","levels":null,"wheelchair":null,"inAcademicArea":false,"entrances":0},"geometry":{"type":"Polygon","coordinates":[[[80.237399,26.503345],[80.237349,26.50337],[80.237264,26.503249],[80.23731,26.503222],[80.237399,26.503345]]]}},{"type":"Feature","properties":{"osmId":"way/1495660268","name":null,"building":"yes","levels":null,"wheelchair":null,"inAcademicArea":false,"entrances":0},"geometry":{"type":"Polygon","coordinates":[[[80.237874,26.502746],[80.237796,26.50267],[80.237663,26.50277],[80.237742,26.502852],[80.237874,26.502746]]]}},{"type":"Feature","properties":{"osmId":"way/203657903","name":null,"building":"yes","levels":null,"wheelchair":null,"inAcademicArea":false,"entrances":0},"geometry":{"type":"Polygon","coordinates":[[[80.22704,26.512221],[80.227041,26.512136],[80.227092,26.512128],[80.227094,26.512097],[80.227176,26.512101],[80.227175,26.512135],[80.227239,26.512138],[80.227238,26.512224],[80.22704,26.512221]]]}},{"type":"Feature","properties":{"osmId":"way/203657905","name":null,"building":"yes","levels":null,"wheelchair":null,"inAcademicArea":false,"entrances":0},"geometry":{"type":"Polygon","coordinates":[[[80.227546,26.512054],[80.227548,26.511885],[80.227643,26.511886],[80.227641,26.512055],[80.227546,26.512054]]]}},{"type":"Feature","properties":{"osmId":"way/203657908","name":null,"building":"yes","levels":null,"wheelchair":null,"inAcademicArea":false,"entrances":0},"geometry":{"type":"Polygon","coordinates":[[[80.227044,26.512017],[80.227046,26.511931],[80.227243,26.511934],[80.227242,26.512019],[80.227044,26.512017]]]}},{"type":"Feature","properties":{"osmId":"way/203657909","name":null,"building":"yes","levels":null,"wheelchair":null,"inAcademicArea":false,"entrances":0},"geometry":{"type":"Polygon","coordinates":[[[80.227279,26.51222],[80.227281,26.512133],[80.227465,26.512138],[80.227464,26.512223],[80.227279,26.51222]]]}},{"type":"Feature","properties":{"osmId":"way/203657910","name":null,"building":"yes","levels":null,"wheelchair":null,"inAcademicArea":false,"entrances":0},"geometry":{"type":"Polygon","coordinates":[[[80.227551,26.512261],[80.227547,26.51209],[80.227644,26.512089],[80.227648,26.512259],[80.227551,26.512261]]]}},{"type":"Feature","properties":{"osmId":"way/203657912","name":null,"building":"yes","levels":null,"wheelchair":null,"inAcademicArea":false,"entrances":0},"geometry":{"type":"Polygon","coordinates":[[[80.227266,26.512015],[80.227267,26.511929],[80.227465,26.511931],[80.227464,26.512017],[80.227266,26.512015]]]}},{"type":"Feature","properties":{"osmId":"way/203657919","name":null,"building":"yes","levels":null,"wheelchair":null,"inAcademicArea":false,"entrances":0},"geometry":{"type":"Polygon","coordinates":[[[80.228135,26.512056],[80.228138,26.511904],[80.22806,26.511903],[80.22806,26.511919],[80.228046,26.511918],[80.228044,26.51204],[80.228064,26.512041],[80.228063,26.512055],[80.228135,26.512056]]]}},{"type":"Feature","properties":{"osmId":"way/203657928","name":null,"building":"yes","levels":null,"wheelchair":null,"inAcademicArea":false,"entrances":0},"geometry":{"type":"Polygon","coordinates":[[[80.227813,26.512054],[80.227817,26.511901],[80.227889,26.511902],[80.227889,26.51192],[80.227905,26.51192],[80.227903,26.512042],[80.227886,26.512042],[80.227885,26.512055],[80.227813,26.512054]]]}},{"type":"Feature","properties":{"osmId":"way/203657929","name":null,"building":"yes","levels":null,"wheelchair":null,"inAcademicArea":false,"entrances":0},"geometry":{"type":"Polygon","coordinates":[[[80.227807,26.512212],[80.22781,26.512059],[80.227883,26.51206],[80.227883,26.512078],[80.227899,26.512078],[80.227897,26.5122],[80.22788,26.5122],[80.227879,26.512213],[80.227807,26.512212]]]}},{"type":"Feature","properties":{"osmId":"way/268045151","name":"Block A","building":"residential","levels":"2","wheelchair":null,"inAcademicArea":false,"entrances":0},"geometry":{"type":"Polygon","coordinates":[[[80.225287,26.512271],[80.225201,26.512269],[80.225208,26.51196],[80.225294,26.511958],[80.225287,26.512271]]]}},{"type":"Feature","properties":{"osmId":"way/268045152","name":"Block B","building":"residential","levels":"2","wheelchair":null,"inAcademicArea":false,"entrances":0},"geometry":{"type":"Polygon","coordinates":[[[80.225289,26.512461],[80.22529,26.512375],[80.224949,26.512371],[80.224948,26.512457],[80.225289,26.512461]]]}},{"type":"Feature","properties":{"osmId":"way/268050269","name":"Block C","building":"residential","levels":null,"wheelchair":null,"inAcademicArea":false,"entrances":0},"geometry":{"type":"Polygon","coordinates":[[[80.224745,26.512364],[80.224858,26.512364],[80.224863,26.512103],[80.22475,26.512108],[80.224745,26.512364]]]}},{"type":"Feature","properties":{"osmId":"way/268050270","name":null,"building":"residential","levels":null,"wheelchair":null,"inAcademicArea":false,"entrances":0},"geometry":{"type":"Polygon","coordinates":[[[80.224862,26.512016],[80.224863,26.511923],[80.224515,26.511925],[80.224512,26.512019],[80.224862,26.512016]]]}},{"type":"Feature","properties":{"osmId":"way/268050271","name":null,"building":"residential","levels":null,"wheelchair":null,"inAcademicArea":false,"entrances":0},"geometry":{"type":"Polygon","coordinates":[[[80.224304,26.512264],[80.224418,26.512262],[80.224419,26.511925],[80.224304,26.511921],[80.224304,26.512264]]]}},{"type":"Feature","properties":{"osmId":"way/268105802","name":null,"building":"yes","levels":null,"wheelchair":null,"inAcademicArea":false,"entrances":0},"geometry":{"type":"Polygon","coordinates":[[[80.225202,26.511658],[80.225314,26.511658],[80.225314,26.511356],[80.225202,26.511354],[80.225202,26.511658]]]}},{"type":"Feature","properties":{"osmId":"way/268105803","name":null,"building":"yes","levels":null,"wheelchair":null,"inAcademicArea":false,"entrances":0},"geometry":{"type":"Polygon","coordinates":[[[80.224534,26.511566],[80.224533,26.511639],[80.224869,26.511641],[80.224864,26.511525],[80.22479,26.511526],[80.224787,26.511568],[80.224534,26.511566]]]}},{"type":"Feature","properties":{"osmId":"way/268105804","name":null,"building":"yes","levels":null,"wheelchair":null,"inAcademicArea":false,"entrances":0},"geometry":{"type":"Polygon","coordinates":[[[80.224785,26.511449],[80.224876,26.51145],[80.224873,26.511147],[80.224779,26.511146],[80.224785,26.511449]]]}},{"type":"Feature","properties":{"osmId":"way/268105806","name":null,"building":"yes","levels":null,"wheelchair":null,"inAcademicArea":false,"entrances":0},"geometry":{"type":"Polygon","coordinates":[[[80.225336,26.511221],[80.22534,26.511158],[80.224992,26.511138],[80.224992,26.511216],[80.225336,26.511221]]]}},{"type":"Feature","properties":{"osmId":"way/376400408","name":"Hall 9 Block A","building":"dormitory","levels":"3","wheelchair":null,"inAcademicArea":false,"entrances":0},"geometry":{"type":"Polygon","coordinates":[[[80.22647,26.507607],[80.226471,26.507508],[80.226728,26.507509],[80.226728,26.507537],[80.226807,26.507537],[80.226807,26.507512],[80.227055,26.507513],[80.227054,26.50761],[80.226997,26.507609],[80.226997,26.507595],[80.226801,26.507594],[80.226801,26.507566],[80.226774,26.507566],[80.226774,26.507607],[80.226733,26.507607],[80.226734,26.507592],[80.22653,26.507592],[80.22653,26.507607],[80.22647,26.507607]]]}},{"type":"Feature","properties":{"osmId":"way/376400409","name":"Hall 9 Block B","building":"dormitory","levels":"3","wheelchair":null,"inAcademicArea":false,"entrances":0},"geometry":{"type":"Polygon","coordinates":[[[80.225821,26.5075],[80.22607,26.507501],[80.22607,26.507528],[80.226152,26.507529],[80.226152,26.507506],[80.226401,26.507506],[80.226401,26.507609],[80.22634,26.507609],[80.22634,26.507589],[80.226151,26.507588],[80.226151,26.507602],[80.226113,26.507602],[80.226114,26.507561],[80.226071,26.507561],[80.226071,26.507591],[80.225886,26.507591],[80.225885,26.507605],[80.22582,26.507605],[80.225821,26.5075]]]}},{"type":"Feature","properties":{"osmId":"way/376400410","name":"Hall 9 Block C","building":"dormitory","levels":"3","wheelchair":null,"inAcademicArea":false,"entrances":0},"geometry":{"type":"Polygon","coordinates":[[[80.226726,26.507793],[80.226797,26.507793],[80.226797,26.50782],[80.227047,26.507821],[80.227048,26.50772],[80.226987,26.50772],[80.226987,26.507738],[80.226524,26.507736],[80.226524,26.507717],[80.22647,26.507717],[80.22647,26.507822],[80.226726,26.507823],[80.226726,26.507793]]]}},{"type":"Feature","properties":{"osmId":"way/376400411","name":"Hall 9 Block D","building":"dormitory","levels":"3","wheelchair":null,"inAcademicArea":false,"entrances":0},"geometry":{"type":"Polygon","coordinates":[[[80.226081,26.507791],[80.226148,26.507792],[80.226148,26.507817],[80.226404,26.507818],[80.226404,26.507723],[80.226355,26.507723],[80.226355,26.507736],[80.225881,26.507735],[80.225881,26.507723],[80.225824,26.507723],[80.225824,26.50782],[80.226081,26.507821],[80.226081,26.507791]]]}},{"type":"Feature","properties":{"osmId":"way/376400412","name":"Hall 9 Block E","building":"dormitory","levels":"3","wheelchair":null,"inAcademicArea":false,"entrances":0},"geometry":{"type":"Polygon","coordinates":[[[80.226464,26.508342],[80.226464,26.508244],[80.226721,26.508244],[80.226721,26.508272],[80.226796,26.508272],[80.226796,26.50825],[80.227048,26.50825],[80.227048,26.508345],[80.22699,26.508345],[80.22699,26.50833],[80.226794,26.50833],[80.226794,26.508302],[80.226759,26.508302],[80.226759,26.508343],[80.226727,26.508343],[80.226727,26.508328],[80.226523,26.508328],[80.226523,26.508343],[80.226464,26.508342]]]}},{"type":"Feature","properties":{"osmId":"way/376400413","name":"Hall 9 Block F","building":"dormitory","levels":"3","wheelchair":null,"inAcademicArea":false,"entrances":0},"geometry":{"type":"Polygon","coordinates":[[[80.22582,26.508237],[80.22607,26.508238],[80.226069,26.508265],[80.226151,26.508266],[80.226151,26.508243],[80.2264,26.508244],[80.2264,26.508346],[80.226339,26.508346],[80.226339,26.508326],[80.22615,26.508325],[80.22615,26.508339],[80.226113,26.508339],[80.226113,26.508298],[80.22607,26.508298],[80.22607,26.508328],[80.225885,26.508328],[80.225885,26.508342],[80.22582,26.508342],[80.22582,26.508237]]]}},{"type":"Feature","properties":{"osmId":"way/376400414","name":"Hall 9 Block G","building":"dormitory","levels":"3","wheelchair":null,"inAcademicArea":false,"entrances":0},"geometry":{"type":"Polygon","coordinates":[[[80.226725,26.508525],[80.226793,26.508526],[80.226793,26.508552],[80.227047,26.508553],[80.227047,26.50847],[80.226469,26.508469],[80.226469,26.508555],[80.226725,26.508556],[80.226725,26.508525]]]}},{"type":"Feature","properties":{"osmId":"way/376400416","name":"Hall 9 Mess","building":"yes","levels":null,"wheelchair":null,"inAcademicArea":false,"entrances":0},"geometry":{"type":"Polygon","coordinates":[[[80.225859,26.508126],[80.22586,26.507928],[80.226311,26.507929],[80.226311,26.507959],[80.226375,26.507959],[80.226374,26.508098],[80.226307,26.508098],[80.226307,26.508127],[80.225859,26.508126]]]}},{"type":"Feature","properties":{"osmId":"way/376400419","name":null,"building":"yes","levels":null,"wheelchair":null,"inAcademicArea":false,"entrances":0},"geometry":{"type":"Polygon","coordinates":[[[80.226813,26.508145],[80.226815,26.507912],[80.226992,26.507914],[80.22699,26.508147],[80.226813,26.508145]]]}},{"type":"Feature","properties":{"osmId":"way/376400429","name":"Hall 9 Block H","building":"dormitory","levels":"3","wheelchair":null,"inAcademicArea":false,"entrances":0},"geometry":{"type":"Polygon","coordinates":[[[80.226086,26.508529],[80.226153,26.508529],[80.226153,26.508554],[80.226409,26.508555],[80.226409,26.508473],[80.225885,26.508472],[80.225885,26.508452],[80.225829,26.508451],[80.225829,26.508557],[80.226086,26.508558],[80.226086,26.508529]]]}},{"type":"Feature","properties":{"osmId":"way/1102507059","name":"Hall 5 Block C","building":"dormitory","levels":"3","wheelchair":null,"inAcademicArea":false,"entrances":0},"geometry":{"type":"Polygon","coordinates":[[[80.228378,26.510066],[80.228898,26.510065],[80.228898,26.509962],[80.228378,26.509964],[80.228378,26.510066]]]}},{"type":"Feature","properties":{"osmId":"way/1102507060","name":"Hall 5 Block D","building":"dormitory","levels":"3","wheelchair":null,"inAcademicArea":false,"entrances":0},"geometry":{"type":"Polygon","coordinates":[[[80.228388,26.510282],[80.228892,26.510282],[80.228892,26.510179],[80.228388,26.510179],[80.228388,26.510282]]]}},{"type":"Feature","properties":{"osmId":"way/1102507061","name":"Hall 5 Mess","building":"yes","levels":null,"wheelchair":null,"inAcademicArea":false,"entrances":0},"geometry":{"type":"Polygon","coordinates":[[[80.227673,26.509649],[80.228092,26.509652],[80.228093,26.509454],[80.227675,26.509451],[80.227673,26.509649]]]}},{"type":"Feature","properties":{"osmId":"way/1102507062","name":"Hall 5 Canteen","building":"yes","levels":null,"wheelchair":null,"inAcademicArea":false,"entrances":0},"geometry":{"type":"Polygon","coordinates":[[[80.228329,26.509464],[80.228451,26.509463],[80.228451,26.509345],[80.228369,26.509345],[80.228369,26.509405],[80.228328,26.509405],[80.228329,26.509464]]]}},{"type":"Feature","properties":{"osmId":"way/1130615170","name":"Hall 5 Block F","building":"dormitory","levels":"3","wheelchair":null,"inAcademicArea":false,"entrances":0},"geometry":{"type":"Polygon","coordinates":[[[80.227897,26.510167],[80.228394,26.510168],[80.228395,26.510071],[80.227897,26.51007],[80.227897,26.510167]]]}},{"type":"Feature","properties":{"osmId":"way/1130615171","name":"Hall 5 Block E","building":"dormitory","levels":"3","wheelchair":null,"inAcademicArea":false,"entrances":0},"geometry":{"type":"Polygon","coordinates":[[[80.227894,26.50995],[80.228405,26.509948],[80.228404,26.509845],[80.227894,26.509847],[80.227894,26.50995]]]}},{"type":"Feature","properties":{"osmId":"way/1130673238","name":"Hall 5 Block B","building":"dormitory","levels":"3","wheelchair":null,"inAcademicArea":false,"entrances":0},"geometry":{"type":"Polygon","coordinates":[[[80.228384,26.509166],[80.228915,26.509168],[80.228916,26.509068],[80.228385,26.509065],[80.228384,26.509166]]]}},{"type":"Feature","properties":{"osmId":"way/1130673239","name":"Hall 5 Block A","building":"dormitory","levels":"3","wheelchair":null,"inAcademicArea":false,"entrances":0},"geometry":{"type":"Polygon","coordinates":[[[80.228382,26.508939],[80.228893,26.508941],[80.228894,26.50885],[80.228383,26.508848],[80.228382,26.508939]]]}},{"type":"Feature","properties":{"osmId":"way/1130673240","name":"Hall 5 Block I","building":"dormitory","levels":"3","wheelchair":null,"inAcademicArea":false,"entrances":0},"geometry":{"type":"Polygon","coordinates":[[[80.227901,26.508833],[80.228395,26.508839],[80.228396,26.508735],[80.227902,26.508729],[80.227901,26.508833]]]}},{"type":"Feature","properties":{"osmId":"way/1130673241","name":"Hall 5 Block H","building":"dormitory","levels":"3","wheelchair":null,"inAcademicArea":false,"entrances":0},"geometry":{"type":"Polygon","coordinates":[[[80.227901,26.509054],[80.228395,26.509051],[80.228394,26.508961],[80.227901,26.508964],[80.227901,26.509054]]]}},{"type":"Feature","properties":{"osmId":"way/1130673242","name":"Hall 5 Block G","building":"dormitory","levels":"3","wheelchair":null,"inAcademicArea":false,"entrances":0},"geometry":{"type":"Polygon","coordinates":[[[80.2279,26.509276],[80.228401,26.509274],[80.2284,26.509181],[80.227899,26.509183],[80.2279,26.509276]]]}},{"type":"Feature","properties":{"osmId":"way/1135333024","name":"Hall 5 Multipurpose hall","building":"yes","levels":null,"wheelchair":null,"inAcademicArea":false,"entrances":0},"geometry":{"type":"Polygon","coordinates":[[[80.227861,26.509821],[80.228065,26.509818],[80.228062,26.509678],[80.227858,26.509682],[80.227861,26.509821]]]}},{"type":"Feature","properties":{"osmId":"way/1135334283","name":"Hall 10 Block A","building":"dormitory","levels":"4","wheelchair":null,"inAcademicArea":false,"entrances":0},"geometry":{"type":"Polygon","coordinates":[[[80.226634,26.506757],[80.226668,26.506756],[80.226902,26.506756],[80.226902,26.506826],[80.226977,26.506826],[80.226977,26.506775],[80.227027,26.506775],[80.227027,26.506848],[80.22711,26.506848],[80.22711,26.506649],[80.226981,26.506649],[80.226981,26.506483],[80.22711,26.506483],[80.22711,26.506292],[80.227033,26.506292],[80.227034,26.506369],[80.226968,26.506369],[80.226968,26.506315],[80.226903,26.506315],[80.226903,26.506373],[80.226638,26.506373],[80.226638,26.506497],[80.226849,26.506497],[80.22685,26.506642],[80.226634,26.506642],[80.226634,26.506757]]]}},{"type":"Feature","properties":{"osmId":"way/1135352251","name":null,"building":"yes","levels":null,"wheelchair":null,"inAcademicArea":false,"entrances":0},"geometry":{"type":"Polygon","coordinates":[[[80.225696,26.507199],[80.225896,26.507201],[80.225899,26.506979],[80.225812,26.506978],[80.225814,26.506896],[80.2257,26.506895],[80.225696,26.507199]]]}},{"type":"Feature","properties":{"osmId":"way/1135352252","name":"Hall 10 Laundry Room","building":"yes","levels":null,"wheelchair":null,"inAcademicArea":false,"entrances":0},"geometry":{"type":"Polygon","coordinates":[[[80.226394,26.506347],[80.226468,26.506323],[80.226449,26.506276],[80.226375,26.506299],[80.226394,26.506347]]]}},{"type":"Feature","properties":{"osmId":"way/1135360258","name":"Hall 5 TV Room","building":"yes","levels":null,"wheelchair":null,"inAcademicArea":false,"entrances":0},"geometry":{"type":"Polygon","coordinates":[[[80.228489,26.509468],[80.228612,26.509467],[80.22861,26.509306],[80.228487,26.509307],[80.228489,26.509468]]]}},{"type":"Feature","properties":{"osmId":"way/1136989052","name":null,"building":"yes","levels":null,"wheelchair":null,"inAcademicArea":false,"entrances":0},"geometry":{"type":"Polygon","coordinates":[[[80.22866,26.510124],[80.228791,26.510124],[80.22879,26.510069],[80.22866,26.510069],[80.22866,26.510124]]]}},{"type":"Feature","properties":{"osmId":"way/1137756286","name":null,"building":"yes","levels":null,"wheelchair":null,"inAcademicArea":false,"entrances":0},"geometry":{"type":"Polygon","coordinates":[[[80.226684,26.511397],[80.226683,26.511552],[80.226542,26.511552],[80.226542,26.511641],[80.226232,26.51164],[80.226232,26.511599],[80.226362,26.5116],[80.226363,26.511455],[80.226294,26.511455],[80.226295,26.511395],[80.226684,26.511397]]]}},{"type":"Feature","properties":{"osmId":"way/1137984878","name":"Hall 5 Reading Room","building":"yes","levels":null,"wheelchair":null,"inAcademicArea":false,"entrances":0},"geometry":{"type":"Polygon","coordinates":[[[80.228329,26.509464],[80.228219,26.509464],[80.228219,26.509406],[80.228328,26.509405],[80.228329,26.509464]]]}},{"type":"Feature","properties":{"osmId":"way/1142120964","name":"Hall 10 Block B","building":"dormitory","levels":"4","wheelchair":null,"inAcademicArea":false,"entrances":0},"geometry":{"type":"Polygon","coordinates":[[[80.226241,26.506747],[80.226241,26.506764],[80.226239,26.506987],[80.226161,26.506986],[80.22616,26.507053],[80.226217,26.507053],[80.226217,26.507099],[80.226135,26.507098],[80.226135,26.507172],[80.226358,26.507174],[80.226358,26.507058],[80.226543,26.507059],[80.226542,26.507175],[80.226756,26.507176],[80.226756,26.507108],[80.22667,26.507108],[80.226671,26.507049],[80.226732,26.50705],[80.226732,26.506991],[80.226667,26.506991],[80.226668,26.506756],[80.226634,26.506757],[80.22653,26.506757],[80.226529,26.506942],[80.226367,26.506941],[80.226369,26.506748],[80.226241,26.506747]]]}},{"type":"Feature","properties":{"osmId":"way/1142120965","name":"Hall 10 Block C","building":"dormitory","levels":"4","wheelchair":null,"inAcademicArea":false,"entrances":0},"geometry":{"type":"Polygon","coordinates":[[[80.226258,26.506381],[80.225991,26.506377],[80.225992,26.506307],[80.225917,26.506305],[80.225916,26.506356],[80.225866,26.506355],[80.225867,26.506282],[80.225784,26.506281],[80.22578,26.50648],[80.225909,26.506482],[80.225905,26.506647],[80.225776,26.506645],[80.225771,26.506836],[80.225847,26.506838],[80.225849,26.506761],[80.225914,26.506762],[80.225913,26.506816],[80.225978,26.506817],[80.22598,26.506759],[80.226241,26.506764],[80.226241,26.506747],[80.22624,26.506641],[80.226037,26.506637],[80.22604,26.506492],[80.226256,26.506496],[80.226258,26.506381]]]}},{"type":"Feature","properties":{"osmId":"way/1162105833","name":null,"building":"yes","levels":null,"wheelchair":null,"inAcademicArea":false,"entrances":0},"geometry":{"type":"Polygon","coordinates":[[[80.228665,26.510344],[80.228796,26.510343],[80.228796,26.510289],[80.228665,26.510289],[80.228665,26.510344]]]}},{"type":"Feature","properties":{"osmId":"way/1167531616","name":null,"building":"dormitory","levels":null,"wheelchair":null,"inAcademicArea":false,"entrances":0},"geometry":{"type":"Polygon","coordinates":[[[80.227513,26.506804],[80.227613,26.506801],[80.22761,26.506701],[80.227703,26.506625],[80.227784,26.506624],[80.227782,26.506557],[80.227569,26.506561],[80.227507,26.506633],[80.227513,26.506804]]]}},{"type":"Feature","properties":{"osmId":"way/1167531617","name":null,"building":"dormitory","levels":null,"wheelchair":null,"inAcademicArea":false,"entrances":0},"geometry":{"type":"Polygon","coordinates":[[[80.227664,26.506993],[80.227665,26.506825],[80.227902,26.506826],[80.227904,26.50656],[80.228073,26.506562],[80.228075,26.50637],[80.227951,26.506369],[80.227871,26.506449],[80.22787,26.506548],[80.227752,26.506547],[80.227754,26.506368],[80.227851,26.506303],[80.228086,26.50629],[80.228085,26.50624],[80.228399,26.506234],[80.22838,26.506308],[80.228379,26.506366],[80.228332,26.506438],[80.228224,26.506437],[80.228224,26.506484],[80.22815,26.506484],[80.228149,26.506553],[80.228216,26.506554],[80.228215,26.506623],[80.228185,26.506622],[80.228169,26.506686],[80.228046,26.50669],[80.228048,26.506739],[80.227964,26.506742],[80.22797,26.506884],[80.227929,26.506939],[80.227891,26.506939],[80.227813,26.506994],[80.227664,26.506993]]]}},{"type":"Feature","properties":{"osmId":"way/1167531618","name":null,"building":"dormitory","levels":null,"wheelchair":null,"inAcademicArea":false,"entrances":0},"geometry":{"type":"Polygon","coordinates":[[[80.228136,26.507749],[80.228137,26.507678],[80.228293,26.507615],[80.228294,26.507496],[80.228414,26.507497],[80.228412,26.507669],[80.228332,26.507751],[80.228136,26.507749]]]}},{"type":"Feature","properties":{"osmId":"way/1167531619","name":null,"building":"dormitory","levels":null,"wheelchair":null,"inAcademicArea":false,"entrances":0},"geometry":{"type":"Polygon","coordinates":[[[80.228427,26.507526],[80.228425,26.507457],[80.228505,26.507455],[80.228589,26.507382],[80.228589,26.50728],[80.228635,26.50728],[80.228635,26.507238],[80.228403,26.507238],[80.228403,26.507405],[80.228118,26.507405],[80.228118,26.507608],[80.227927,26.507608],[80.227927,26.507446],[80.227996,26.507353],[80.228072,26.507323],[80.22821,26.50732],[80.228208,26.507251],[80.228271,26.50725],[80.228269,26.507157],[80.228351,26.507122],[80.228403,26.507123],[80.228402,26.50719],[80.22851,26.507191],[80.228511,26.507107],[80.22857,26.506999],[80.228637,26.50697],[80.228702,26.506971],[80.228696,26.50745],[80.228639,26.50745],[80.228608,26.507478],[80.228621,26.507521],[80.228427,26.507526]]]}},{"type":"Feature","properties":{"osmId":"way/1167531620","name":"Hall 7 Mess","building":"yes","levels":null,"wheelchair":null,"inAcademicArea":false,"entrances":0},"geometry":{"type":"Polygon","coordinates":[[[80.227604,26.50735],[80.227769,26.507218],[80.227694,26.507143],[80.227739,26.507075],[80.227867,26.506972],[80.228121,26.507226],[80.227939,26.507372],[80.227898,26.507348],[80.227733,26.50748],[80.227604,26.50735]]]}},{"type":"Feature","properties":{"osmId":"way/1486429148","name":"Hall12 Canteen","building":"yes","levels":null,"wheelchair":null,"inAcademicArea":false,"entrances":0},"geometry":{"type":"Polygon","coordinates":[[[80.227136,26.510687],[80.227133,26.51049],[80.227314,26.510488],[80.22731,26.510684],[80.227136,26.510687]]]}},{"type":"Feature","properties":{"osmId":"way/1486430418","name":"Hall 12 Block A","building":"residential","levels":"7","wheelchair":null,"inAcademicArea":false,"entrances":0},"geometry":{"type":"Polygon","coordinates":[[[80.227602,26.510706],[80.227601,26.510586],[80.227989,26.510581],[80.227989,26.510704],[80.227602,26.510706]]]}},{"type":"Feature","properties":{"osmId":"way/1486430419","name":"Hall 12 Block C","building":"residential","levels":"7","wheelchair":null,"inAcademicArea":false,"entrances":0},"geometry":{"type":"Polygon","coordinates":[[[80.227176,26.510991],[80.227172,26.510851],[80.227523,26.510858],[80.227525,26.511],[80.227176,26.510991]]]}},{"type":"Feature","properties":{"osmId":"way/1486430420","name":"Hall 12 Block B","building":"residential","levels":"7","wheelchair":null,"inAcademicArea":false,"entrances":0},"geometry":{"type":"Polygon","coordinates":[[[80.227609,26.510996],[80.227605,26.510856],[80.227956,26.510863],[80.227958,26.511006],[80.227609,26.510996]]]}},{"type":"Feature","properties":{"osmId":"way/1486430421","name":"Hall 12 Block D","building":"residential","levels":"7","wheelchair":null,"inAcademicArea":false,"entrances":0},"geometry":{"type":"Polygon","coordinates":[[[80.227624,26.511273],[80.22762,26.511133],[80.227971,26.51114],[80.227973,26.511282],[80.227624,26.511273]]]}},{"type":"Feature","properties":{"osmId":"way/1486430422","name":"Hall 12 Block E","building":"residential","levels":"7","wheelchair":null,"inAcademicArea":false,"entrances":0},"geometry":{"type":"Polygon","coordinates":[[[80.227185,26.511268],[80.227181,26.511128],[80.227532,26.511135],[80.227534,26.511277],[80.227185,26.511268]]]}},{"type":"Feature","properties":{"osmId":"way/1486430423","name":"Hall 12 Block F","building":"residential","levels":"7","wheelchair":null,"inAcademicArea":false,"entrances":0},"geometry":{"type":"Polygon","coordinates":[[[80.227594,26.511557],[80.22759,26.511417],[80.227984,26.511429],[80.227973,26.51156],[80.227594,26.511557]]]}},{"type":"Feature","properties":{"osmId":"way/1486430424","name":"Hall 12 Mess","building":"yes","levels":null,"wheelchair":null,"inAcademicArea":false,"entrances":0},"geometry":{"type":"Polygon","coordinates":[[[80.226994,26.511565],[80.226991,26.511368],[80.227391,26.51137],[80.227386,26.511562],[80.226994,26.511565]]]}},{"type":"Feature","properties":{"osmId":"way/1494405414","name":null,"building":"yes","levels":null,"wheelchair":null,"inAcademicArea":false,"entrances":0},"geometry":{"type":"Polygon","coordinates":[[[80.22361,26.512002],[80.223612,26.511902],[80.223426,26.511893],[80.223427,26.512],[80.22361,26.512002]]]}},{"type":"Feature","properties":{"osmId":"way/1494405415","name":null,"building":"yes","levels":null,"wheelchair":null,"inAcademicArea":false,"entrances":0},"geometry":{"type":"Polygon","coordinates":[[[80.224494,26.512418],[80.224492,26.512323],[80.224416,26.512326],[80.224415,26.512295],[80.224383,26.512296],[80.224381,26.512325],[80.224304,26.512326],[80.224303,26.512419],[80.224494,26.512418]]]}},{"type":"Feature","properties":{"osmId":"way/1494405416","name":null,"building":"yes","levels":null,"wheelchair":null,"inAcademicArea":false,"entrances":0},"geometry":{"type":"Polygon","coordinates":[[[80.225978,26.512328],[80.225978,26.512148],[80.226037,26.512157],[80.226285,26.512159],[80.22628,26.512335],[80.225978,26.512328]]]}},{"type":"Feature","properties":{"osmId":"way/1495660224","name":null,"building":"yes","levels":null,"wheelchair":null,"inAcademicArea":false,"entrances":0},"geometry":{"type":"Polygon","coordinates":[[[80.227137,26.510793],[80.227135,26.510689],[80.227306,26.510688],[80.227305,26.510796],[80.227137,26.510793]]]}},{"type":"Feature","properties":{"osmId":"way/1532673704","name":"Mess Hall 14","building":"yes","levels":null,"wheelchair":null,"inAcademicArea":false,"entrances":0},"geometry":{"type":"Polygon","coordinates":[[[80.225685,26.512505],[80.225693,26.512262],[80.225827,26.512266],[80.225825,26.512511],[80.225685,26.512505]]]}},{"type":"Feature","properties":{"osmId":"way/203657904","name":null,"building":"yes","levels":null,"wheelchair":null,"inAcademicArea":false,"entrances":0},"geometry":{"type":"Polygon","coordinates":[[[80.227044,26.512608],[80.227046,26.512522],[80.227243,26.512525],[80.227242,26.51261],[80.227044,26.512608]]]}},{"type":"Feature","properties":{"osmId":"way/203657911","name":null,"building":"yes","levels":null,"wheelchair":null,"inAcademicArea":false,"entrances":0},"geometry":{"type":"Polygon","coordinates":[[[80.227263,26.512606],[80.227264,26.512521],[80.227462,26.512523],[80.227461,26.512609],[80.227263,26.512606]]]}},{"type":"Feature","properties":{"osmId":"way/268050273","name":null,"building":"yes","levels":null,"wheelchair":null,"inAcademicArea":false,"entrances":0},"geometry":{"type":"Polygon","coordinates":[[[80.22691,26.51262],[80.226678,26.512737],[80.226565,26.512552],[80.226807,26.512435],[80.22691,26.51262]]]}},{"type":"Feature","properties":{"osmId":"way/383014549","name":"Hall 2 Block G","building":"dormitory","levels":"3","wheelchair":null,"inAcademicArea":false,"entrances":0},"geometry":{"type":"Polygon","coordinates":[[[80.229082,26.511299],[80.229674,26.511307],[80.229675,26.511219],[80.229083,26.511211],[80.229082,26.511299]]]}},{"type":"Feature","properties":{"osmId":"way/383015318","name":"Hall 2 Block A","building":"dormitory","levels":"3","wheelchair":null,"inAcademicArea":false,"entrances":0},"geometry":{"type":"Polygon","coordinates":[[[80.2291,26.511072],[80.229675,26.511078],[80.229677,26.510988],[80.229101,26.510982],[80.2291,26.511072]]]}},{"type":"Feature","properties":{"osmId":"way/383018190","name":"Hall 2 Block F","building":"dormitory","levels":"3","wheelchair":null,"inAcademicArea":false,"entrances":0},"geometry":{"type":"Polygon","coordinates":[[[80.2291,26.510394],[80.229681,26.510394],[80.229681,26.5103],[80.2291,26.510299],[80.2291,26.510394]]]}},{"type":"Feature","properties":{"osmId":"way/1161607387","name":"Hall 3 Block 1","building":"dormitory","levels":null,"wheelchair":null,"inAcademicArea":false,"entrances":0},"geometry":{"type":"Polygon","coordinates":[[[80.22911,26.508815],[80.22911,26.508752],[80.229667,26.508753],[80.229667,26.508816],[80.22911,26.508815]]]}},{"type":"Feature","properties":{"osmId":"way/1161607388","name":"Hall 3 Block 7","building":"dormitory","levels":null,"wheelchair":null,"inAcademicArea":false,"entrances":0},"geometry":{"type":"Polygon","coordinates":[[[80.229103,26.509056],[80.229104,26.508981],[80.229672,26.508985],[80.229671,26.50906],[80.229103,26.509056]]]}},{"type":"Feature","properties":{"osmId":"way/1161607389","name":"Hall 3 Block 6","building":"dormitory","levels":null,"wheelchair":null,"inAcademicArea":false,"entrances":0},"geometry":{"type":"Polygon","coordinates":[[[80.22912,26.508137],[80.229121,26.508066],[80.229675,26.508069],[80.229675,26.50814],[80.22912,26.508137]]]}},{"type":"Feature","properties":{"osmId":"way/1161607394","name":null,"building":"yes","levels":null,"wheelchair":null,"inAcademicArea":false,"entrances":0},"geometry":{"type":"Polygon","coordinates":[[[80.229074,26.508047],[80.229072,26.507981],[80.229199,26.50798],[80.229201,26.508045],[80.229074,26.508047]]]}},{"type":"Feature","properties":{"osmId":"way/203657906","name":null,"building":"yes","levels":null,"wheelchair":null,"inAcademicArea":false,"entrances":0},"geometry":{"type":"Polygon","coordinates":[[[80.227946,26.513193],[80.227901,26.513146],[80.228011,26.513061],[80.228057,26.513108],[80.227946,26.513193]]]}},{"type":"Feature","properties":{"osmId":"way/203657907","name":null,"building":"yes","levels":null,"wheelchair":null,"inAcademicArea":false,"entrances":0},"geometry":{"type":"Polygon","coordinates":[[[80.228081,26.51322],[80.228056,26.513193],[80.228105,26.513156],[80.22813,26.513184],[80.228081,26.51322]]]}},{"type":"Feature","properties":{"osmId":"way/643878076","name":null,"building":"yes","levels":null,"wheelchair":null,"inAcademicArea":false,"entrances":0},"geometry":{"type":"Polygon","coordinates":[[[80.2242,26.513051],[80.224196,26.512978],[80.224457,26.512975],[80.224459,26.512943],[80.224523,26.512939],[80.224519,26.513052],[80.2242,26.513051]]]}},{"type":"Feature","properties":{"osmId":"way/643878077","name":null,"building":"yes","levels":null,"wheelchair":null,"inAcademicArea":false,"entrances":0},"geometry":{"type":"Polygon","coordinates":[[[80.224597,26.512982],[80.224599,26.512916],[80.22492,26.512912],[80.224918,26.512982],[80.224597,26.512982]]]}},{"type":"Feature","properties":{"osmId":"way/643878078","name":null,"building":"yes","levels":null,"wheelchair":null,"inAcademicArea":false,"entrances":0},"geometry":{"type":"Polygon","coordinates":[[[80.22494,26.513058],[80.224941,26.512989],[80.225273,26.512991],[80.225273,26.513061],[80.22494,26.513058]]]}},{"type":"Feature","properties":{"osmId":"way/643878079","name":null,"building":"yes","levels":null,"wheelchair":null,"inAcademicArea":false,"entrances":0},"geometry":{"type":"Polygon","coordinates":[[[80.225385,26.512981],[80.225386,26.512911],[80.225719,26.512914],[80.225718,26.512984],[80.225385,26.512981]]]}},{"type":"Feature","properties":{"osmId":"way/643878080","name":null,"building":"yes","levels":null,"wheelchair":null,"inAcademicArea":false,"entrances":0},"geometry":{"type":"Polygon","coordinates":[[[80.225912,26.513062],[80.225913,26.512993],[80.226246,26.512996],[80.226245,26.513065],[80.225912,26.513062]]]}},{"type":"Feature","properties":{"osmId":"way/643878081","name":null,"building":"yes","levels":null,"wheelchair":null,"inAcademicArea":false,"entrances":0},"geometry":{"type":"Polygon","coordinates":[[[80.224942,26.513286],[80.224942,26.513216],[80.225275,26.513219],[80.225274,26.513288],[80.224942,26.513286]]]}},{"type":"Feature","properties":{"osmId":"way/643878082","name":null,"building":"yes","levels":null,"wheelchair":null,"inAcademicArea":false,"entrances":0},"geometry":{"type":"Polygon","coordinates":[[[80.224686,26.51336],[80.224693,26.513288],[80.22493,26.513295],[80.224927,26.51336],[80.224686,26.51336]]]}},{"type":"Feature","properties":{"osmId":"way/643878083","name":null,"building":"yes","levels":null,"wheelchair":null,"inAcademicArea":false,"entrances":0},"geometry":{"type":"Polygon","coordinates":[[[80.224196,26.513286],[80.224197,26.513209],[80.224466,26.513216],[80.224469,26.513288],[80.224196,26.513286]]]}},{"type":"Feature","properties":{"osmId":"way/643878084","name":null,"building":"yes","levels":null,"wheelchair":null,"inAcademicArea":false,"entrances":0},"geometry":{"type":"Polygon","coordinates":[[[80.224199,26.513718],[80.224199,26.513651],[80.224519,26.513651],[80.224522,26.513724],[80.224199,26.513718]]]}},{"type":"Feature","properties":{"osmId":"way/643878085","name":null,"building":"yes","levels":null,"wheelchair":null,"inAcademicArea":false,"entrances":0},"geometry":{"type":"Polygon","coordinates":[[[80.224625,26.513657],[80.224626,26.513589],[80.224688,26.513578],[80.224692,26.513519],[80.224873,26.513523],[80.224872,26.513581],[80.224922,26.513584],[80.224924,26.513657],[80.224625,26.513657]]]}},{"type":"Feature","properties":{"osmId":"way/643878086","name":null,"building":"yes","levels":null,"wheelchair":null,"inAcademicArea":false,"entrances":0},"geometry":{"type":"Polygon","coordinates":[[[80.224943,26.513725],[80.224944,26.513656],[80.225277,26.513659],[80.225276,26.513728],[80.224943,26.513725]]]}},{"type":"Feature","properties":{"osmId":"way/643878087","name":null,"building":"yes","levels":null,"wheelchair":null,"inAcademicArea":false,"entrances":0},"geometry":{"type":"Polygon","coordinates":[[[80.224191,26.513961],[80.224193,26.51388],[80.224532,26.513889],[80.22453,26.513964],[80.224191,26.513961]]]}},{"type":"Feature","properties":{"osmId":"way/643878088","name":null,"building":"yes","levels":null,"wheelchair":null,"inAcademicArea":false,"entrances":0},"geometry":{"type":"Polygon","coordinates":[[[80.224586,26.514032],[80.22459,26.513959],[80.224919,26.513965],[80.224917,26.514035],[80.224586,26.514032]]]}},{"type":"Feature","properties":{"osmId":"way/643878089","name":null,"building":"yes","levels":null,"wheelchair":null,"inAcademicArea":false,"entrances":0},"geometry":{"type":"Polygon","coordinates":[[[80.22498,26.513971],[80.224982,26.513885],[80.22528,26.513897],[80.225279,26.513967],[80.22498,26.513971]]]}},{"type":"Feature","properties":{"osmId":"way/1494405412","name":null,"building":"yes","levels":null,"wheelchair":null,"inAcademicArea":false,"entrances":0},"geometry":{"type":"Polygon","coordinates":[[[80.225726,26.51337],[80.22573,26.51329],[80.225894,26.513301],[80.225892,26.513376],[80.225828,26.513369],[80.225828,26.51341],[80.225767,26.513412],[80.22577,26.513372],[80.225726,26.51337]]]}},{"type":"Feature","properties":{"osmId":"way/1494405413","name":null,"building":"yes","levels":null,"wheelchair":null,"inAcademicArea":false,"entrances":0},"geometry":{"type":"Polygon","coordinates":[[[80.225631,26.513376],[80.225625,26.513296],[80.225466,26.513297],[80.225463,26.513374],[80.225631,26.513376]]]}},{"type":"Feature","properties":{"osmId":"way/1495660225","name":null,"building":"yes","levels":null,"wheelchair":null,"inAcademicArea":false,"entrances":0},"geometry":{"type":"Polygon","coordinates":[[[80.223129,26.513151],[80.223259,26.513068],[80.223227,26.513014],[80.223277,26.512994],[80.223317,26.513002],[80.223336,26.512938],[80.223283,26.512937],[80.223255,26.512901],[80.223328,26.512859],[80.223234,26.512726],[80.223106,26.512792],[80.223058,26.512728],[80.22294,26.512802],[80.22302,26.512895],[80.223011,26.512927],[80.222897,26.512981],[80.222972,26.513087],[80.223056,26.513045],[80.223129,26.513151]]]}},{"type":"Feature","properties":{"osmId":"way/1495660226","name":null,"building":"yes","levels":null,"wheelchair":null,"inAcademicArea":false,"entrances":0},"geometry":{"type":"Polygon","coordinates":[[[80.223419,26.512805],[80.223417,26.512719],[80.223491,26.51272],[80.22349,26.512807],[80.223419,26.512805]]]}},{"type":"Feature","properties":{"osmId":"way/1495660227","name":null,"building":"yes","levels":null,"wheelchair":null,"inAcademicArea":false,"entrances":0},"geometry":{"type":"Polygon","coordinates":[[[80.22374,26.513377],[80.223786,26.513374],[80.223786,26.5134],[80.223864,26.513396],[80.223865,26.513379],[80.223903,26.513374],[80.223907,26.513282],[80.223859,26.51328],[80.223858,26.51326],[80.223791,26.513266],[80.223789,26.513299],[80.223743,26.513304],[80.22374,26.513377]]]}},{"type":"Feature","properties":{"osmId":"way/268050281","name":"Cafe Coffee Day","building":"yes","levels":null,"wheelchair":null,"inAcademicArea":true,"entrances":1},"geometry":{"type":"Polygon","coordinates":[[[80.234221,26.512074],[80.23427,26.512075],[80.234382,26.512076],[80.234385,26.511872],[80.234224,26.51187],[80.234221,26.512074]]]}},{"type":"Feature","properties":{"osmId":"way/268050282","name":"Southern Labs","building":"university","levels":null,"wheelchair":null,"inAcademicArea":true,"entrances":0},"geometry":{"type":"Polygon","coordinates":[[[80.234198,26.511856],[80.234203,26.511609],[80.234544,26.51161],[80.234542,26.511078],[80.235212,26.511079],[80.235189,26.511931],[80.235031,26.511928],[80.235029,26.512039],[80.234747,26.512034],[80.23459,26.512031],[80.234594,26.511863],[80.234198,26.511856]]]}},{"type":"Feature","properties":{"osmId":"way/268061984","name":"Advanced Centre For Materials Science","building":"university","levels":null,"wheelchair":null,"inAcademicArea":true,"entrances":0},"geometry":{"type":"Polygon","coordinates":[[[80.231041,26.511602],[80.231052,26.511212],[80.231164,26.511214],[80.231161,26.511292],[80.231595,26.511302],[80.231597,26.511213],[80.23172,26.511216],[80.231704,26.511751],[80.231566,26.511748],[80.231573,26.511495],[80.23143,26.511491],[80.231419,26.511873],[80.231302,26.511871],[80.231313,26.511493],[80.231154,26.511489],[80.23115,26.511605],[80.231041,26.511602]]]}},{"type":"Feature","properties":{"osmId":"way/315780951","name":"Samtel Centre for Display Technologies","building":"university","levels":null,"wheelchair":null,"inAcademicArea":true,"entrances":0},"geometry":{"type":"Polygon","coordinates":[[[80.231884,26.511867],[80.231873,26.511616],[80.232129,26.511607],[80.232248,26.511695],[80.232257,26.511893],[80.232118,26.511898],[80.232116,26.511859],[80.231884,26.511867]]]}},{"type":"Feature","properties":{"osmId":"way/376451965","name":"Electric Substation No 5","building":"yes","levels":null,"wheelchair":null,"inAcademicArea":false,"entrances":0},"geometry":{"type":"Polygon","coordinates":[[[80.229685,26.507543],[80.229778,26.507544],[80.229779,26.507534],[80.229841,26.507535],[80.229843,26.507428],[80.229806,26.507427],[80.229806,26.507384],[80.229685,26.507382],[80.229684,26.507425],[80.229653,26.507424],[80.229652,26.507489],[80.229686,26.507489],[80.229685,26.507543]]]}},{"type":"Feature","properties":{"osmId":"way/383013949","name":"Hall 2 Block B","building":"dormitory","levels":"3","wheelchair":null,"inAcademicArea":true,"entrances":0},"geometry":{"type":"Polygon","coordinates":[[[80.229657,26.511199],[80.230374,26.511204],[80.230375,26.511115],[80.229658,26.51111],[80.229657,26.511199]]]}},{"type":"Feature","properties":{"osmId":"way/383016139","name":"Hall 2 Block C","building":"dormitory","levels":"3","wheelchair":null,"inAcademicArea":true,"entrances":0},"geometry":{"type":"Polygon","coordinates":[[[80.230158,26.511042],[80.230265,26.511042],[80.230264,26.510574],[80.230157,26.510574],[80.230158,26.511042]]]}},{"type":"Feature","properties":{"osmId":"way/383018469","name":"Hall 2 Block E","building":"dormitory","levels":"3","wheelchair":null,"inAcademicArea":true,"entrances":0},"geometry":{"type":"Polygon","coordinates":[[[80.229688,26.510251],[80.230268,26.510249],[80.230268,26.510156],[80.229688,26.510158],[80.229688,26.510251]]]}},{"type":"Feature","properties":{"osmId":"way/383019229","name":"Hall 2 Block D","building":"dormitory","levels":"3","wheelchair":null,"inAcademicArea":true,"entrances":0},"geometry":{"type":"Polygon","coordinates":[[[80.230281,26.510608],[80.230393,26.510607],[80.230388,26.510123],[80.230289,26.510122],[80.230281,26.510608]]]}},{"type":"Feature","properties":{"osmId":"way/1060146288","name":"Faculty Building Annexe","building":"university","levels":null,"wheelchair":"yes","inAcademicArea":true,"entrances":0},"geometry":{"type":"Polygon","coordinates":[[[80.23481,26.512484],[80.235211,26.512482],[80.235209,26.512016],[80.234807,26.512017],[80.23481,26.512484]]]}},{"type":"Feature","properties":{"osmId":"way/1090937351","name":"Outreach Auditorium","building":"yes","levels":null,"wheelchair":null,"inAcademicArea":true,"entrances":0},"geometry":{"type":"Polygon","coordinates":[[[80.23443,26.509371],[80.234453,26.509376],[80.234702,26.509346],[80.234766,26.509287],[80.234702,26.50884],[80.234586,26.508843],[80.234542,26.508933],[80.234528,26.509074],[80.234391,26.509202],[80.23443,26.509371]]]}},{"type":"Feature","properties":{"osmId":"way/1131208303","name":"Security Control Room","building":"yes","levels":null,"wheelchair":null,"inAcademicArea":true,"entrances":0},"geometry":{"type":"Polygon","coordinates":[[[80.230341,26.511744],[80.230565,26.511743],[80.230576,26.51156],[80.230349,26.511558],[80.230341,26.511744]]]}},{"type":"Feature","properties":{"osmId":"way/1131622792","name":"National Centre for Flexible Electronics","building":"university","levels":null,"wheelchair":null,"inAcademicArea":true,"entrances":0},"geometry":{"type":"Polygon","coordinates":[[[80.230937,26.512187],[80.231108,26.512186],[80.231106,26.511934],[80.231263,26.511933],[80.231262,26.511658],[80.230934,26.511659],[80.230937,26.512187]]]}},{"type":"Feature","properties":{"osmId":"way/1131994408","name":"Electrical Maintenance Office (Hostel Area)","building":"yes","levels":null,"wheelchair":null,"inAcademicArea":false,"entrances":0},"geometry":{"type":"Polygon","coordinates":[[[80.234916,26.50856],[80.23492,26.508342],[80.235177,26.508346],[80.235173,26.508564],[80.234916,26.50856]]]}},{"type":"Feature","properties":{"osmId":"way/1135339096","name":"New Lecture Hall Complex","building":"university","levels":"3","wheelchair":null,"inAcademicArea":true,"entrances":0},"geometry":{"type":"Polygon","coordinates":[[[80.233299,26.510736],[80.233353,26.510761],[80.233483,26.510792],[80.233544,26.510795],[80.233612,26.510798],[80.233708,26.510795],[80.233855,26.510749],[80.233961,26.510891],[80.234053,26.510974],[80.234196,26.511046],[80.23435,26.51108],[80.234422,26.511068],[80.234465,26.510692],[80.234352,26.510654],[80.234271,26.510585],[80.23408,26.510693],[80.234002,26.510582],[80.233818,26.510691],[80.233812,26.510683],[80.233747,26.510583],[80.233612,26.510613],[80.233544,26.510617],[80.233409,26.51058],[80.23334,26.510678],[80.233299,26.510736]]]}},{"type":"Feature","properties":{"osmId":"way/1135345960","name":null,"building":"university","levels":null,"wheelchair":null,"inAcademicArea":true,"entrances":0},"geometry":{"type":"Polygon","coordinates":[[[80.234649,26.510348],[80.234797,26.510349],[80.234799,26.510171],[80.234651,26.51017],[80.234649,26.510348]]]}},{"type":"Feature","properties":{"osmId":"way/1135345961","name":null,"building":"university","levels":null,"wheelchair":null,"inAcademicArea":true,"entrances":0},"geometry":{"type":"Polygon","coordinates":[[[80.234207,26.510314],[80.234536,26.510309],[80.234534,26.510184],[80.234205,26.510189],[80.234207,26.510314]]]}},{"type":"Feature","properties":{"osmId":"way/1135345962","name":null,"building":"university","levels":null,"wheelchair":null,"inAcademicArea":true,"entrances":0},"geometry":{"type":"Polygon","coordinates":[[[80.234216,26.510145],[80.234354,26.510145],[80.234355,26.509854],[80.234217,26.509853],[80.234216,26.510145]]]}},{"type":"Feature","properties":{"osmId":"way/1135345963","name":null,"building":"university","levels":null,"wheelchair":null,"inAcademicArea":true,"entrances":0},"geometry":{"type":"Polygon","coordinates":[[[80.234242,26.509817],[80.234438,26.509817],[80.234438,26.509667],[80.234242,26.509668],[80.234242,26.509817]]]}},{"type":"Feature","properties":{"osmId":"way/1135345964","name":null,"building":"university","levels":null,"wheelchair":null,"inAcademicArea":true,"entrances":0},"geometry":{"type":"Polygon","coordinates":[[[80.234484,26.509634],[80.234624,26.509636],[80.234628,26.509407],[80.234488,26.509405],[80.234484,26.509634]]]}},{"type":"Feature","properties":{"osmId":"way/1135345965","name":null,"building":"yes","levels":null,"wheelchair":null,"inAcademicArea":false,"entrances":0},"geometry":{"type":"Polygon","coordinates":[[[80.234765,26.508487],[80.23486,26.508487],[80.23486,26.50833],[80.234768,26.508321],[80.234765,26.508487]]]}},{"type":"Feature","properties":{"osmId":"way/1143854836","name":"Lecture Hall 7","building":"university","levels":null,"wheelchair":null,"inAcademicArea":true,"entrances":3},"geometry":{"type":"Polygon","coordinates":[[[80.232739,26.511727],[80.232795,26.511748],[80.232867,26.511759],[80.23293,26.511759],[80.232984,26.511753],[80.233055,26.511729],[80.23303,26.51167],[80.233008,26.51162],[80.232976,26.511543],[80.232939,26.511546],[80.232865,26.511548],[80.232826,26.511544],[80.232773,26.511654],[80.232739,26.511727]]]}},{"type":"Feature","properties":{"osmId":"way/1143854837","name":"Lecture Hall 5","building":"university","levels":null,"wheelchair":null,"inAcademicArea":true,"entrances":1},"geometry":{"type":"Polygon","coordinates":[[[80.232571,26.511578],[80.232704,26.511562],[80.232669,26.511478],[80.23263,26.511477],[80.232601,26.511475],[80.232555,26.511473],[80.232571,26.511578]]]}},{"type":"Feature","properties":{"osmId":"way/1143854838","name":"Lecture Hall 6","building":"university","levels":null,"wheelchair":null,"inAcademicArea":true,"entrances":1},"geometry":{"type":"Polygon","coordinates":[[[80.232556,26.511431],[80.232613,26.511425],[80.232662,26.51142],[80.23269,26.511359],[80.232577,26.511326],[80.232558,26.511377],[80.232556,26.511431]]]}},{"type":"Feature","properties":{"osmId":"way/1143854839","name":"Lecture Hall 1","building":"university","levels":null,"wheelchair":null,"inAcademicArea":true,"entrances":2},"geometry":{"type":"Polygon","coordinates":[[[80.232777,26.511294],[80.23273,26.511185],[80.232713,26.511141],[80.232771,26.511122],[80.232821,26.511116],[80.232885,26.511117],[80.232884,26.511171],[80.232882,26.511286],[80.232777,26.511294]]]}},{"type":"Feature","properties":{"osmId":"way/1143854840","name":"Lecture Hall 2","building":"university","levels":null,"wheelchair":null,"inAcademicArea":true,"entrances":0},"geometry":{"type":"Polygon","coordinates":[[[80.232946,26.511126],[80.23294,26.511288],[80.233045,26.511303],[80.233116,26.511159],[80.233007,26.511126],[80.232946,26.511126]]]}},{"type":"Feature","properties":{"osmId":"way/1143854841","name":"Lecture Hall 3","building":"university","levels":null,"wheelchair":null,"inAcademicArea":true,"entrances":1},"geometry":{"type":"Polygon","coordinates":[[[80.23325,26.511434],[80.233247,26.511386],[80.233225,26.511321],[80.233106,26.511351],[80.233119,26.511435],[80.23318,26.511429],[80.23325,26.511434]]]}},{"type":"Feature","properties":{"osmId":"way/1143854842","name":"Lecture Hall 4","building":"university","levels":null,"wheelchair":null,"inAcademicArea":true,"entrances":1},"geometry":{"type":"Polygon","coordinates":[[[80.233226,26.511597],[80.233245,26.511526],[80.233248,26.511472],[80.233195,26.511477],[80.233167,26.511474],[80.233113,26.511469],[80.233093,26.511569],[80.233226,26.511597]]]}},{"type":"Feature","properties":{"osmId":"way/1143854843","name":"Lecture Hall 14","building":"university","levels":null,"wheelchair":null,"inAcademicArea":true,"entrances":1},"geometry":{"type":"Polygon","coordinates":[[[80.233236,26.511081],[80.233135,26.511076],[80.233106,26.511069],[80.233107,26.511006],[80.233127,26.510965],[80.233191,26.510912],[80.233226,26.510939],[80.233303,26.511018],[80.233236,26.511081]]]}},{"type":"Feature","properties":{"osmId":"way/1143854844","name":"Lecture Hall 15","building":"university","levels":null,"wheelchair":null,"inAcademicArea":true,"entrances":1},"geometry":{"type":"Polygon","coordinates":[[[80.233343,26.51099],[80.233253,26.510909],[80.233226,26.510886],[80.233271,26.510843],[80.233329,26.510826],[80.233406,26.510817],[80.233422,26.510933],[80.233343,26.51099]]]}},{"type":"Feature","properties":{"osmId":"way/1158746039","name":"Electric Substation No 1","building":"yes","levels":null,"wheelchair":null,"inAcademicArea":true,"entrances":0},"geometry":{"type":"Polygon","coordinates":[[[80.230186,26.512121],[80.230184,26.511965],[80.230593,26.511961],[80.230595,26.512117],[80.230186,26.512121]]]}},{"type":"Feature","properties":{"osmId":"way/1160854067","name":"Old Sports Complex Gym","building":"yes","levels":null,"wheelchair":null,"inAcademicArea":false,"entrances":0},"geometry":{"type":"Polygon","coordinates":[[[80.231626,26.508629],[80.231625,26.508365],[80.231077,26.508367],[80.231078,26.508631],[80.231626,26.508629]]]}},{"type":"Feature","properties":{"osmId":"way/1161607384","name":"Hall 3 Block 4","building":"dormitory","levels":null,"wheelchair":null,"inAcademicArea":false,"entrances":0},"geometry":{"type":"Polygon","coordinates":[[[80.230326,26.508332],[80.230327,26.507763],[80.230406,26.507763],[80.230405,26.508332],[80.230326,26.508332]]]}},{"type":"Feature","properties":{"osmId":"way/1161607385","name":"Hall 3 Block 3","building":"dormitory","levels":null,"wheelchair":null,"inAcademicArea":false,"entrances":0},"geometry":{"type":"Polygon","coordinates":[[[80.23018,26.508826],[80.230183,26.508369],[80.230265,26.508369],[80.230263,26.508827],[80.23018,26.508826]]]}},{"type":"Feature","properties":{"osmId":"way/1161607386","name":"Hall 3 Block 2","building":"dormitory","levels":null,"wheelchair":null,"inAcademicArea":false,"entrances":0},"geometry":{"type":"Polygon","coordinates":[[[80.22962,26.508949],[80.229619,26.508872],[80.230387,26.508869],[80.230387,26.508947],[80.22962,26.508949]]]}},{"type":"Feature","properties":{"osmId":"way/1161607390","name":"Hall 3 Block 5","building":"dormitory","levels":null,"wheelchair":null,"inAcademicArea":false,"entrances":0},"geometry":{"type":"Polygon","coordinates":[[[80.229713,26.507998],[80.229714,26.507928],[80.23027,26.507928],[80.23027,26.507999],[80.229713,26.507998]]]}},{"type":"Feature","properties":{"osmId":"way/1161607391","name":"Hall 3 Mess","building":"yes","levels":null,"wheelchair":null,"inAcademicArea":false,"entrances":0},"geometry":{"type":"Polygon","coordinates":[[[80.229344,26.5086],[80.229342,26.508284],[80.229686,26.508282],[80.229688,26.508597],[80.229344,26.5086]]]}},{"type":"Feature","properties":{"osmId":"way/1161607392","name":"Hall 3 Canteen","building":"yes","levels":null,"wheelchair":null,"inAcademicArea":false,"entrances":0},"geometry":{"type":"Polygon","coordinates":[[[80.229876,26.508709],[80.229878,26.508545],[80.230074,26.508546],[80.230073,26.508607],[80.229969,26.508606],[80.229968,26.50871],[80.229876,26.508709]]]}},{"type":"Feature","properties":{"osmId":"way/1161607393","name":"Hall 3 TV Room","building":"yes","levels":null,"wheelchair":null,"inAcademicArea":false,"entrances":0},"geometry":{"type":"Polygon","coordinates":[[[80.229882,26.50834],[80.22988,26.508215],[80.229974,26.508213],[80.229977,26.508338],[80.229882,26.50834]]]}},{"type":"Feature","properties":{"osmId":"way/1161611871","name":null,"building":"pavilion","levels":null,"wheelchair":null,"inAcademicArea":false,"entrances":0},"geometry":{"type":"Polygon","coordinates":[[[80.232961,26.509133],[80.233026,26.509134],[80.233032,26.50882],[80.232967,26.508819],[80.232961,26.509133]]]}},{"type":"Feature","properties":{"osmId":"way/1162116097","name":null,"building":"dormitory","levels":"3","wheelchair":null,"inAcademicArea":true,"entrances":0},"geometry":{"type":"Polygon","coordinates":[[[80.230966,26.510079],[80.230967,26.510008],[80.231186,26.510006],[80.231186,26.509969],[80.23126,26.509974],[80.231261,26.51001],[80.231753,26.510015],[80.231752,26.510087],[80.230966,26.510079]]]}},{"type":"Feature","properties":{"osmId":"way/1162116098","name":null,"building":"dormitory","levels":"3","wheelchair":null,"inAcademicArea":false,"entrances":0},"geometry":{"type":"Polygon","coordinates":[[[80.230974,26.509816],[80.230975,26.509745],[80.231761,26.509752],[80.231761,26.509824],[80.230974,26.509816]]]}},{"type":"Feature","properties":{"osmId":"way/1162116099","name":null,"building":"dormitory","levels":"3","wheelchair":null,"inAcademicArea":false,"entrances":0},"geometry":{"type":"Polygon","coordinates":[[[80.230968,26.509211],[80.230969,26.50914],[80.231756,26.509148],[80.231755,26.509219],[80.230968,26.509211]]]}},{"type":"Feature","properties":{"osmId":"way/1162116100","name":null,"building":"dormitory","levels":"3","wheelchair":null,"inAcademicArea":false,"entrances":0},"geometry":{"type":"Polygon","coordinates":[[[80.230998,26.508953],[80.230998,26.508882],[80.231785,26.508889],[80.231784,26.508961],[80.230998,26.508953]]]}},{"type":"Feature","properties":{"osmId":"way/1162116101","name":null,"building":"dormitory","levels":"3","wheelchair":null,"inAcademicArea":false,"entrances":0},"geometry":{"type":"Polygon","coordinates":[[[80.231813,26.508858],[80.231813,26.50879],[80.232499,26.508794],[80.232498,26.508862],[80.231813,26.508858]]]}},{"type":"Feature","properties":{"osmId":"way/1162116102","name":null,"building":"dormitory","levels":"3","wheelchair":null,"inAcademicArea":false,"entrances":0},"geometry":{"type":"Polygon","coordinates":[[[80.231796,26.509086],[80.231796,26.509019],[80.232482,26.509023],[80.232481,26.50909],[80.231796,26.509086]]]}},{"type":"Feature","properties":{"osmId":"way/1162116103","name":null,"building":"dormitory","levels":"3","wheelchair":null,"inAcademicArea":false,"entrances":0},"geometry":{"type":"Polygon","coordinates":[[[80.23179,26.509952],[80.23179,26.509884],[80.232476,26.509888],[80.232475,26.509956],[80.23179,26.509952]]]}},{"type":"Feature","properties":{"osmId":"way/1162116104","name":"Hall 2 Mess","building":"yes","levels":null,"wheelchair":null,"inAcademicArea":false,"entrances":0},"geometry":{"type":"Polygon","coordinates":[[[80.229327,26.510832],[80.229333,26.510669],[80.229255,26.510674],[80.229262,26.510522],[80.229659,26.510537],[80.229661,26.51083],[80.229327,26.510832]]]}},{"type":"Feature","properties":{"osmId":"way/1162116105","name":null,"building":"dormitory","levels":"3","wheelchair":null,"inAcademicArea":false,"entrances":0},"geometry":{"type":"Polygon","coordinates":[[[80.23194,26.507609],[80.23194,26.507519],[80.232455,26.50752],[80.232455,26.50761],[80.23194,26.507609]]]}},{"type":"Feature","properties":{"osmId":"way/1162116106","name":null,"building":"dormitory","levels":"3","wheelchair":null,"inAcademicArea":false,"entrances":0},"geometry":{"type":"Polygon","coordinates":[[[80.231947,26.507387],[80.231947,26.507297],[80.232463,26.507298],[80.232462,26.507388],[80.231947,26.507387]]]}},{"type":"Feature","properties":{"osmId":"way/1162116107","name":null,"building":"dormitory","levels":"3","wheelchair":null,"inAcademicArea":false,"entrances":0},"geometry":{"type":"Polygon","coordinates":[[[80.231947,26.50683],[80.231947,26.50674],[80.232463,26.506741],[80.232462,26.506831],[80.231947,26.50683]]]}},{"type":"Feature","properties":{"osmId":"way/1162116108","name":null,"building":"dormitory","levels":"3","wheelchair":null,"inAcademicArea":false,"entrances":0},"geometry":{"type":"Polygon","coordinates":[[[80.231955,26.506618],[80.231955,26.506528],[80.23247,26.506529],[80.23247,26.506619],[80.231955,26.506618]]]}},{"type":"Feature","properties":{"osmId":"way/1162116109","name":null,"building":"dormitory","levels":"3","wheelchair":null,"inAcademicArea":false,"entrances":0},"geometry":{"type":"Polygon","coordinates":[[[80.231958,26.506391],[80.231959,26.506301],[80.232474,26.506302],[80.232474,26.506393],[80.231958,26.506391]]]}},{"type":"Feature","properties":{"osmId":"way/1162116110","name":null,"building":"dormitory","levels":"3","wheelchair":null,"inAcademicArea":false,"entrances":0},"geometry":{"type":"Polygon","coordinates":[[[80.231261,26.506496],[80.231261,26.506406],[80.231776,26.506407],[80.231776,26.506497],[80.231261,26.506496]]]}},{"type":"Feature","properties":{"osmId":"way/1162116111","name":null,"building":"dormitory","levels":"3","wheelchair":null,"inAcademicArea":false,"entrances":0},"geometry":{"type":"Polygon","coordinates":[[[80.231257,26.506722],[80.231257,26.506632],[80.231772,26.506633],[80.231772,26.506723],[80.231257,26.506722]]]}},{"type":"Feature","properties":{"osmId":"way/1162116112","name":null,"building":"dormitory","levels":"3","wheelchair":null,"inAcademicArea":false,"entrances":0},"geometry":{"type":"Polygon","coordinates":[[[80.231257,26.507485],[80.231257,26.507395],[80.231772,26.507396],[80.231772,26.507486],[80.231257,26.507485]]]}},{"type":"Feature","properties":{"osmId":"way/1162116113","name":null,"building":"dormitory","levels":"3","wheelchair":null,"inAcademicArea":false,"entrances":0},"geometry":{"type":"Polygon","coordinates":[[[80.231261,26.507718],[80.231261,26.507628],[80.231776,26.507629],[80.231776,26.507719],[80.231261,26.507718]]]}},{"type":"Feature","properties":{"osmId":"way/1167533930","name":"Hall 1 Mess","building":"yes","levels":null,"wheelchair":null,"inAcademicArea":false,"entrances":0},"geometry":{"type":"Polygon","coordinates":[[[80.23178,26.509621],[80.231783,26.509326],[80.232073,26.509329],[80.232074,26.509363],[80.232146,26.509363],[80.232148,26.509406],[80.232256,26.509405],[80.232258,26.509554],[80.23215,26.509558],[80.232151,26.509658],[80.232072,26.509663],[80.232066,26.509632],[80.23178,26.509621]]]}},{"type":"Feature","properties":{"osmId":"way/1453679560","name":null,"building":"yes","levels":null,"wheelchair":null,"inAcademicArea":true,"entrances":0},"geometry":{"type":"Polygon","coordinates":[[[80.23482,26.510953],[80.234928,26.510956],[80.234932,26.510824],[80.234933,26.510797],[80.234825,26.510794],[80.234824,26.510822],[80.23482,26.510953]]]}},{"type":"Feature","properties":{"osmId":"way/1486428403","name":"Starbucks","building":"yes","levels":null,"wheelchair":null,"inAcademicArea":true,"entrances":0},"geometry":{"type":"Polygon","coordinates":[[[80.234824,26.510822],[80.234826,26.510712],[80.23493,26.510715],[80.234932,26.510824],[80.234824,26.510822]]]}},{"type":"Feature","properties":{"osmId":"way/1486428582","name":"Electronics Club IITK","building":"yes","levels":"1","wheelchair":null,"inAcademicArea":false,"entrances":0},"geometry":{"type":"Polygon","coordinates":[[[80.229754,26.508341],[80.229752,26.508216],[80.22988,26.508215],[80.229882,26.50834],[80.229754,26.508341]]]}},{"type":"Feature","properties":{"osmId":"way/1494405402","name":null,"building":"yes","levels":null,"wheelchair":null,"inAcademicArea":false,"entrances":0},"geometry":{"type":"Polygon","coordinates":[[[80.23144,26.509624],[80.231454,26.509379],[80.231577,26.509378],[80.231574,26.509506],[80.231659,26.509508],[80.231654,26.50962],[80.23144,26.509624]]]}},{"type":"Feature","properties":{"osmId":"way/1494405409","name":null,"building":"yes","levels":null,"wheelchair":null,"inAcademicArea":true,"entrances":0},"geometry":{"type":"Polygon","coordinates":[[[80.230923,26.510934],[80.230928,26.510698],[80.23147,26.510699],[80.231471,26.510725],[80.231544,26.510686],[80.231703,26.510661],[80.231794,26.510656],[80.231847,26.510825],[80.231847,26.510859],[80.23187,26.510869],[80.231886,26.510898],[80.231888,26.510932],[80.231869,26.510952],[80.231825,26.510966],[80.231797,26.510947],[80.231776,26.510916],[80.23178,26.510891],[80.231773,26.51087],[80.231716,26.510764],[80.231707,26.510783],[80.231686,26.510793],[80.231665,26.510776],[80.231678,26.510757],[80.231592,26.51075],[80.231592,26.510867],[80.231563,26.510869],[80.231565,26.510946],[80.231532,26.510944],[80.231538,26.510873],[80.231475,26.510875],[80.231469,26.510933],[80.231449,26.510945],[80.231422,26.510935],[80.230923,26.510934]]]}},{"type":"Feature","properties":{"osmId":"way/1494405410","name":null,"building":"yes","levels":null,"wheelchair":null,"inAcademicArea":false,"entrances":0},"geometry":{"type":"Polygon","coordinates":[[[80.232231,26.507178],[80.232233,26.506946],[80.232492,26.506937],[80.232481,26.507174],[80.232231,26.507178]]]}},{"type":"Feature","properties":{"osmId":"way/1494405411","name":null,"building":"yes","levels":null,"wheelchair":null,"inAcademicArea":false,"entrances":0},"geometry":{"type":"Polygon","coordinates":[[[80.232499,26.507141],[80.232558,26.507137],[80.232722,26.507124],[80.232724,26.507073],[80.232788,26.507044],[80.232776,26.506976],[80.232742,26.506972],[80.232748,26.506927],[80.232607,26.506929],[80.232607,26.50698],[80.232506,26.506995],[80.232499,26.507141]]]}},{"type":"Feature","properties":{"osmId":"way/1494405417","name":null,"building":"yes","levels":null,"wheelchair":null,"inAcademicArea":true,"entrances":0},"geometry":{"type":"Polygon","coordinates":[[[80.2297,26.510912],[80.2297,26.510778],[80.230068,26.510772],[80.230064,26.510893],[80.229953,26.510889],[80.229953,26.510947],[80.229868,26.510952],[80.229863,26.510912],[80.2297,26.510912]]]}},{"type":"Feature","properties":{"osmId":"way/1494405418","name":null,"building":"yes","levels":null,"wheelchair":null,"inAcademicArea":false,"entrances":0},"geometry":{"type":"Polygon","coordinates":[[[80.231372,26.507135],[80.231372,26.506975],[80.231483,26.506983],[80.231479,26.507134],[80.231372,26.507135]]]}},{"type":"Feature","properties":{"osmId":"way/1494405419","name":null,"building":"yes","levels":null,"wheelchair":null,"inAcademicArea":false,"entrances":0},"geometry":{"type":"Polygon","coordinates":[[[80.23136,26.506972],[80.23136,26.506806],[80.231463,26.506806],[80.231459,26.506969],[80.23136,26.506972]]]}},{"type":"Feature","properties":{"osmId":"way/1494405420","name":null,"building":"yes","levels":null,"wheelchair":null,"inAcademicArea":false,"entrances":0},"geometry":{"type":"Polygon","coordinates":[[[80.231534,26.506974],[80.231532,26.506901],[80.231805,26.5069],[80.231802,26.506977],[80.231534,26.506974]]]}},{"type":"Feature","properties":{"osmId":"way/1555349507","name":"Lecture Hall 20","building":"yes","levels":null,"wheelchair":null,"inAcademicArea":true,"entrances":6},"geometry":{"type":"Polygon","coordinates":[[[80.234271,26.510585],[80.234352,26.510654],[80.234465,26.510692],[80.234455,26.510783],[80.234438,26.510929],[80.23443,26.511005],[80.234308,26.511007],[80.234166,26.510952],[80.234073,26.510883],[80.23399,26.510789],[80.234059,26.510734],[80.234167,26.51066],[80.234198,26.510637],[80.234271,26.510585]]]}},{"type":"Feature","properties":{"osmId":"way/1555349509","name":"Lecture Hall 18","building":"yes","levels":null,"wheelchair":null,"inAcademicArea":true,"entrances":4},"geometry":{"type":"Polygon","coordinates":[[[80.234271,26.510585],[80.234352,26.510654],[80.234352,26.510654],[80.234166,26.510952],[80.234115,26.510914],[80.234073,26.510883],[80.234025,26.510829],[80.23399,26.510789],[80.234189,26.510645],[80.234271,26.510585]]]}},{"type":"Feature","properties":{"osmId":"way/432734885","name":null,"building":"residential","levels":"2","wheelchair":null,"inAcademicArea":true,"entrances":0},"geometry":{"type":"Polygon","coordinates":[[[80.237488,26.512324],[80.237489,26.512235],[80.237629,26.512236],[80.237779,26.512237],[80.237778,26.512326],[80.237488,26.512324]]]}},{"type":"Feature","properties":{"osmId":"way/432735141","name":null,"building":"residential","levels":"2","wheelchair":null,"inAcademicArea":true,"entrances":0},"geometry":{"type":"Polygon","coordinates":[[[80.237047,26.512322],[80.237049,26.512237],[80.237193,26.512239],[80.237338,26.512242],[80.237336,26.512326],[80.237047,26.512322]]]}},{"type":"Feature","properties":{"osmId":"way/432735142","name":null,"building":"residential","levels":"2","wheelchair":null,"inAcademicArea":true,"entrances":0},"geometry":{"type":"Polygon","coordinates":[[[80.237049,26.512027],[80.237049,26.511938],[80.237341,26.511938],[80.237341,26.512027],[80.237197,26.512027],[80.237049,26.512027]]]}},{"type":"Feature","properties":{"osmId":"way/432735143","name":null,"building":"residential","levels":"2","wheelchair":null,"inAcademicArea":true,"entrances":0},"geometry":{"type":"Polygon","coordinates":[[[80.237492,26.512023],[80.237495,26.511941],[80.237786,26.51194],[80.237782,26.512024],[80.23763,26.512024],[80.237492,26.512023]]]}},{"type":"Feature","properties":{"osmId":"way/432740283","name":"Kislaya Nursery School","building":"kindergarten","levels":"1","wheelchair":null,"inAcademicArea":true,"entrances":0},"geometry":{"type":"Polygon","coordinates":[[[80.236602,26.510294],[80.2366,26.510058],[80.236858,26.510056],[80.23686,26.510293],[80.236602,26.510294]]]}},{"type":"Feature","properties":{"osmId":"way/432740604","name":null,"building":"school","levels":null,"wheelchair":null,"inAcademicArea":true,"entrances":0},"geometry":{"type":"Polygon","coordinates":[[[80.236686,26.509838],[80.236686,26.509763],[80.236711,26.509758],[80.236709,26.509668],[80.236686,26.509662],[80.236687,26.509566],[80.236852,26.509556],[80.236849,26.509599],[80.236889,26.50959],[80.236888,26.509741],[80.236846,26.50974],[80.236837,26.509808],[80.236763,26.509808],[80.236763,26.50984],[80.236686,26.509838]]]}},{"type":"Feature","properties":{"osmId":"way/432740704","name":null,"building":"school","levels":"1","wheelchair":null,"inAcademicArea":true,"entrances":0},"geometry":{"type":"Polygon","coordinates":[[[80.236929,26.509954],[80.236928,26.509849],[80.237102,26.509846],[80.237098,26.509873],[80.237167,26.50987],[80.237169,26.509962],[80.237125,26.509964],[80.237127,26.510023],[80.237078,26.510025],[80.23708,26.510089],[80.237,26.510092],[80.237003,26.51013],[80.236926,26.51013],[80.236929,26.509954]]]}},{"type":"Feature","properties":{"osmId":"way/432741609","name":"Type 2 Community Centre","building":"yes","levels":null,"wheelchair":null,"inAcademicArea":false,"entrances":0},"geometry":{"type":"Polygon","coordinates":[[[80.241083,26.510437],[80.241089,26.510154],[80.241393,26.510159],[80.241387,26.510443],[80.241083,26.510437]]]}},{"type":"Feature","properties":{"osmId":"way/682695190","name":null,"building":"house","levels":null,"wheelchair":null,"inAcademicArea":false,"entrances":0},"geometry":{"type":"Polygon","coordinates":[[[80.236085,26.506339],[80.236088,26.506227],[80.236193,26.506229],[80.23619,26.506341],[80.236085,26.506339]]]}},{"type":"Feature","properties":{"osmId":"way/1131619521","name":"Campus D Shop","building":"yes","levels":null,"wheelchair":null,"inAcademicArea":true,"entrances":0},"geometry":{"type":"Polygon","coordinates":[[[80.235902,26.511801],[80.235976,26.511801],[80.235976,26.511743],[80.235902,26.511743],[80.235902,26.511801]]]}},{"type":"Feature","properties":{"osmId":"way/1131994410","name":null,"building":"university","levels":null,"wheelchair":null,"inAcademicArea":true,"entrances":0},"geometry":{"type":"Polygon","coordinates":[[[80.235862,26.509593],[80.235866,26.509414],[80.236014,26.509416],[80.236011,26.509595],[80.235862,26.509593]]]}},{"type":"Feature","properties":{"osmId":"way/1135344538","name":null,"building":"residential","levels":null,"wheelchair":null,"inAcademicArea":false,"entrances":4},"geometry":{"type":"Polygon","coordinates":[[[80.241295,26.511165],[80.241392,26.511166],[80.241395,26.510812],[80.241297,26.510811],[80.241297,26.510878],[80.241296,26.510954],[80.241296,26.511033],[80.241295,26.511114],[80.241295,26.511165]]]}},{"type":"Feature","properties":{"osmId":"way/1135344539","name":null,"building":"residential","levels":null,"wheelchair":null,"inAcademicArea":false,"entrances":4},"geometry":{"type":"Polygon","coordinates":[[[80.241503,26.51156],[80.241593,26.51156],[80.241594,26.51121],[80.241504,26.51121],[80.241504,26.511263],[80.241503,26.511341],[80.241503,26.511428],[80.241503,26.511512],[80.241503,26.51156]]]}},{"type":"Feature","properties":{"osmId":"way/1135344540","name":null,"building":"residential","levels":null,"wheelchair":null,"inAcademicArea":false,"entrances":4},"geometry":{"type":"Polygon","coordinates":[[[80.241518,26.51089],[80.241914,26.510895],[80.241915,26.510817],[80.241859,26.510817],[80.241759,26.510815],[80.241663,26.510814],[80.241584,26.510813],[80.241519,26.510812],[80.241518,26.51089]]]}},{"type":"Feature","properties":{"osmId":"way/1135344541","name":null,"building":"residential","levels":null,"wheelchair":null,"inAcademicArea":false,"entrances":4},"geometry":{"type":"Polygon","coordinates":[[[80.241812,26.511565],[80.241906,26.511565],[80.241906,26.511511],[80.241906,26.511437],[80.241905,26.511361],[80.241905,26.511294],[80.241904,26.511213],[80.24181,26.511213],[80.241812,26.511565]]]}},{"type":"Feature","properties":{"osmId":"way/1135344542","name":null,"building":"residential","levels":null,"wheelchair":null,"inAcademicArea":false,"entrances":4},"geometry":{"type":"Polygon","coordinates":[[[80.24202,26.511174],[80.242115,26.511173],[80.242115,26.511108],[80.242115,26.511036],[80.242114,26.510942],[80.242114,26.510865],[80.242114,26.510821],[80.242019,26.510821],[80.24202,26.511174]]]}},{"type":"Feature","properties":{"osmId":"way/1137756293","name":"State Bank of India","building":"yes","levels":null,"wheelchair":null,"inAcademicArea":true,"entrances":0},"geometry":{"type":"Polygon","coordinates":[[[80.236783,26.511758],[80.236718,26.511761],[80.236715,26.511683],[80.236613,26.511687],[80.236608,26.51159],[80.236774,26.511583],[80.236783,26.511758]]]}},{"type":"Feature","properties":{"osmId":"way/1144794390","name":"Type 2 Apartments","building":"residential","levels":null,"wheelchair":null,"inAcademicArea":false,"entrances":0},"geometry":{"type":"Polygon","coordinates":[[[80.241053,26.508547],[80.241374,26.508547],[80.241375,26.508124],[80.241054,26.508124],[80.241053,26.508547]]]}},{"type":"Feature","properties":{"osmId":"way/1145006311","name":"Director's Residence","building":"house","levels":null,"wheelchair":null,"inAcademicArea":false,"entrances":0},"geometry":{"type":"Polygon","coordinates":[[[80.235813,26.507089],[80.235813,26.506853],[80.236067,26.506853],[80.236067,26.507089],[80.235813,26.507089]]]}},{"type":"Feature","properties":{"osmId":"way/1157377791","name":null,"building":"yes","levels":null,"wheelchair":null,"inAcademicArea":false,"entrances":0},"geometry":{"type":"Polygon","coordinates":[[[80.240231,26.509977],[80.240233,26.509885],[80.2406,26.509889],[80.240599,26.509981],[80.240231,26.509977]]]}},{"type":"Feature","properties":{"osmId":"way/1161611638","name":null,"building":"house","levels":null,"wheelchair":null,"inAcademicArea":false,"entrances":0},"geometry":{"type":"Polygon","coordinates":[[[80.236571,26.506644],[80.236754,26.506644],[80.236755,26.506734],[80.236571,26.506734],[80.236571,26.506644]]]}},{"type":"Feature","properties":{"osmId":"way/1161611639","name":null,"building":"house","levels":null,"wheelchair":null,"inAcademicArea":false,"entrances":0},"geometry":{"type":"Polygon","coordinates":[[[80.236882,26.50665],[80.237065,26.506649],[80.237066,26.506739],[80.236882,26.50674],[80.236882,26.50665]]]}},{"type":"Feature","properties":{"osmId":"way/1161611640","name":null,"building":"house","levels":null,"wheelchair":null,"inAcademicArea":false,"entrances":0},"geometry":{"type":"Polygon","coordinates":[[[80.23779,26.506728],[80.23779,26.506831],[80.237667,26.50683],[80.237667,26.506671],[80.237745,26.506671],[80.237745,26.506728],[80.23779,26.506728]]]}},{"type":"Feature","properties":{"osmId":"way/1161611641","name":null,"building":"house","levels":null,"wheelchair":null,"inAcademicArea":false,"entrances":0},"geometry":{"type":"Polygon","coordinates":[[[80.237318,26.506695],[80.237318,26.506798],[80.237194,26.506798],[80.237194,26.506639],[80.237273,26.506639],[80.237273,26.506695],[80.237318,26.506695]]]}},{"type":"Feature","properties":{"osmId":"way/1161611642","name":null,"building":"house","levels":null,"wheelchair":null,"inAcademicArea":false,"entrances":0},"geometry":{"type":"Polygon","coordinates":[[[80.237389,26.506698],[80.237389,26.5068],[80.237512,26.5068],[80.237512,26.506641],[80.237434,26.506641],[80.237434,26.506698],[80.237389,26.506698]]]}},{"type":"Feature","properties":{"osmId":"way/1161611643","name":null,"building":"house","levels":null,"wheelchair":null,"inAcademicArea":false,"entrances":0},"geometry":{"type":"Polygon","coordinates":[[[80.237867,26.506722],[80.237867,26.506825],[80.23799,26.506825],[80.23799,26.506665],[80.237912,26.506665],[80.237912,26.506722],[80.237867,26.506722]]]}},{"type":"Feature","properties":{"osmId":"way/1161611644","name":null,"building":"house","levels":null,"wheelchair":null,"inAcademicArea":false,"entrances":0},"geometry":{"type":"Polygon","coordinates":[[[80.238265,26.506707],[80.238265,26.506809],[80.238142,26.506809],[80.238142,26.50665],[80.23822,26.50665],[80.23822,26.506707],[80.238265,26.506707]]]}},{"type":"Feature","properties":{"osmId":"way/1161611645","name":null,"building":"house","levels":null,"wheelchair":null,"inAcademicArea":false,"entrances":0},"geometry":{"type":"Polygon","coordinates":[[[80.238341,26.506708],[80.238341,26.50681],[80.238465,26.50681],[80.238465,26.506651],[80.238386,26.506651],[80.238386,26.506708],[80.238341,26.506708]]]}},{"type":"Feature","properties":{"osmId":"way/1162107899","name":null,"building":"house","levels":null,"wheelchair":null,"inAcademicArea":false,"entrances":0},"geometry":{"type":"Polygon","coordinates":[[[80.236561,26.507216],[80.236744,26.507215],[80.236745,26.507305],[80.236561,26.507305],[80.236561,26.507216]]]}},{"type":"Feature","properties":{"osmId":"way/1162107900","name":null,"building":"house","levels":null,"wheelchair":null,"inAcademicArea":false,"entrances":0},"geometry":{"type":"Polygon","coordinates":[[[80.23688,26.507218],[80.237064,26.507217],[80.237064,26.507307],[80.23688,26.507308],[80.23688,26.507218]]]}},{"type":"Feature","properties":{"osmId":"way/1162107901","name":null,"building":"house","levels":null,"wheelchair":null,"inAcademicArea":false,"entrances":0},"geometry":{"type":"Polygon","coordinates":[[[80.237308,26.507235],[80.237308,26.507133],[80.237184,26.507132],[80.237184,26.507292],[80.237263,26.507292],[80.237263,26.507235],[80.237308,26.507235]]]}},{"type":"Feature","properties":{"osmId":"way/1162107902","name":null,"building":"house","levels":null,"wheelchair":null,"inAcademicArea":false,"entrances":0},"geometry":{"type":"Polygon","coordinates":[[[80.237389,26.507239],[80.237389,26.507136],[80.237512,26.507136],[80.237512,26.507296],[80.237434,26.507296],[80.237434,26.507239],[80.237389,26.507239]]]}},{"type":"Feature","properties":{"osmId":"way/1162107903","name":null,"building":"house","levels":null,"wheelchair":null,"inAcademicArea":false,"entrances":0},"geometry":{"type":"Polygon","coordinates":[[[80.237782,26.507269],[80.237782,26.507167],[80.237658,26.507167],[80.237658,26.507326],[80.237737,26.507326],[80.237737,26.507269],[80.237782,26.507269]]]}},{"type":"Feature","properties":{"osmId":"way/1162107904","name":null,"building":"house","levels":null,"wheelchair":null,"inAcademicArea":false,"entrances":0},"geometry":{"type":"Polygon","coordinates":[[[80.237845,26.507271],[80.237845,26.507169],[80.237968,26.507169],[80.237968,26.507328],[80.23789,26.507328],[80.23789,26.507271],[80.237845,26.507271]]]}},{"type":"Feature","properties":{"osmId":"way/1162107905","name":null,"building":"house","levels":null,"wheelchair":null,"inAcademicArea":false,"entrances":0},"geometry":{"type":"Polygon","coordinates":[[[80.238278,26.507241],[80.238278,26.507138],[80.238155,26.507138],[80.238155,26.507298],[80.238233,26.507298],[80.238233,26.507241],[80.238278,26.507241]]]}},{"type":"Feature","properties":{"osmId":"way/1162107906","name":null,"building":"house","levels":null,"wheelchair":null,"inAcademicArea":false,"entrances":0},"geometry":{"type":"Polygon","coordinates":[[[80.23835,26.507247],[80.23835,26.507145],[80.238474,26.507145],[80.238474,26.507304],[80.238395,26.507304],[80.238395,26.507247],[80.23835,26.507247]]]}},{"type":"Feature","properties":{"osmId":"way/1162107907","name":null,"building":"house","levels":null,"wheelchair":null,"inAcademicArea":false,"entrances":0},"geometry":{"type":"Polygon","coordinates":[[[80.239077,26.507357],[80.239122,26.507357],[80.239123,26.507307],[80.239225,26.507307],[80.239225,26.507363],[80.239282,26.507363],[80.239283,26.507224],[80.239078,26.507223],[80.239077,26.507357]]]}},{"type":"Feature","properties":{"osmId":"way/1162107908","name":null,"building":"house","levels":null,"wheelchair":null,"inAcademicArea":false,"entrances":0},"geometry":{"type":"Polygon","coordinates":[[[80.239319,26.507358],[80.239365,26.507358],[80.239365,26.507308],[80.239468,26.507308],[80.239468,26.507364],[80.239525,26.507364],[80.239526,26.507225],[80.23932,26.507224],[80.239319,26.507358]]]}},{"type":"Feature","properties":{"osmId":"way/1162107909","name":null,"building":"house","levels":null,"wheelchair":null,"inAcademicArea":false,"entrances":0},"geometry":{"type":"Polygon","coordinates":[[[80.238923,26.507162],[80.238923,26.507148],[80.238847,26.507148],[80.238847,26.506912],[80.238915,26.506911],[80.238915,26.506897],[80.239002,26.506897],[80.239003,26.507161],[80.238923,26.507162]]]}},{"type":"Feature","properties":{"osmId":"way/1162995977","name":null,"building":"residential","levels":null,"wheelchair":null,"inAcademicArea":false,"entrances":0},"geometry":{"type":"Polygon","coordinates":[[[80.240364,26.508221],[80.240364,26.508154],[80.240816,26.508158],[80.240815,26.508225],[80.240364,26.508221]]]}},{"type":"Feature","properties":{"osmId":"way/1162995978","name":null,"building":"residential","levels":null,"wheelchair":null,"inAcademicArea":false,"entrances":0},"geometry":{"type":"Polygon","coordinates":[[[80.240361,26.508474],[80.240362,26.508407],[80.240813,26.508411],[80.240813,26.508478],[80.240361,26.508474]]]}},{"type":"Feature","properties":{"osmId":"way/1162995979","name":null,"building":"residential","levels":null,"wheelchair":null,"inAcademicArea":false,"entrances":0},"geometry":{"type":"Polygon","coordinates":[[[80.240338,26.50946],[80.240339,26.509393],[80.240791,26.509397],[80.24079,26.509464],[80.240338,26.50946]]]}},{"type":"Feature","properties":{"osmId":"way/1162995980","name":null,"building":"residential","levels":null,"wheelchair":null,"inAcademicArea":false,"entrances":0},"geometry":{"type":"Polygon","coordinates":[[[80.240327,26.509717],[80.240328,26.50965],[80.24078,26.509654],[80.240779,26.509721],[80.240327,26.509717]]]}},{"type":"Feature","properties":{"osmId":"way/1163529492","name":null,"building":"school","levels":null,"wheelchair":null,"inAcademicArea":false,"entrances":0},"geometry":{"type":"Polygon","coordinates":[[[80.236199,26.508804],[80.236199,26.508766],[80.236114,26.508766],[80.236115,26.50868],[80.236159,26.50868],[80.236159,26.50859],[80.236266,26.50859],[80.236265,26.508624],[80.236339,26.508625],[80.236339,26.508693],[80.236405,26.508693],[80.236406,26.508607],[80.236342,26.508606],[80.236342,26.508519],[80.236377,26.508519],[80.236377,26.508429],[80.236493,26.508429],[80.236493,26.508488],[80.236612,26.508489],[80.236611,26.508569],[80.236851,26.50857],[80.23685,26.508799],[80.236565,26.508798],[80.236565,26.508899],[80.236353,26.508898],[80.236353,26.508804],[80.236199,26.508804]]]}},{"type":"Feature","properties":{"osmId":"way/1163529798","name":null,"building":"house","levels":null,"wheelchair":null,"inAcademicArea":false,"entrances":0},"geometry":{"type":"Polygon","coordinates":[[[80.238257,26.50766],[80.238257,26.507762],[80.238133,26.507762],[80.238133,26.507603],[80.238211,26.507603],[80.238211,26.50766],[80.238257,26.50766]]]}},{"type":"Feature","properties":{"osmId":"way/1163529799","name":null,"building":"house","levels":null,"wheelchair":null,"inAcademicArea":false,"entrances":0},"geometry":{"type":"Polygon","coordinates":[[[80.238334,26.507668],[80.238334,26.507771],[80.238458,26.507771],[80.238458,26.507611],[80.23838,26.507611],[80.23838,26.507668],[80.238334,26.507668]]]}},{"type":"Feature","properties":{"osmId":"way/1163529800","name":null,"building":"house","levels":null,"wheelchair":null,"inAcademicArea":false,"entrances":0},"geometry":{"type":"Polygon","coordinates":[[[80.237779,26.507683],[80.237779,26.507786],[80.237655,26.507786],[80.237656,26.507627],[80.237734,26.507627],[80.237734,26.507683],[80.237779,26.507683]]]}},{"type":"Feature","properties":{"osmId":"way/1163529801","name":null,"building":"house","levels":null,"wheelchair":null,"inAcademicArea":false,"entrances":0},"geometry":{"type":"Polygon","coordinates":[[[80.238738,26.50769],[80.238738,26.507793],[80.238614,26.507793],[80.238614,26.507633],[80.238692,26.507633],[80.238692,26.50769],[80.238738,26.50769]]]}},{"type":"Feature","properties":{"osmId":"way/1163529802","name":null,"building":"house","levels":null,"wheelchair":null,"inAcademicArea":false,"entrances":0},"geometry":{"type":"Polygon","coordinates":[[[80.239209,26.507666],[80.239209,26.507769],[80.239086,26.507769],[80.239086,26.50761],[80.239164,26.50761],[80.239164,26.507666],[80.239209,26.507666]]]}},{"type":"Feature","properties":{"osmId":"way/1163529803","name":null,"building":"house","levels":null,"wheelchair":null,"inAcademicArea":false,"entrances":0},"geometry":{"type":"Polygon","coordinates":[[[80.237867,26.50768],[80.237867,26.507782],[80.23799,26.507782],[80.23799,26.507623],[80.237912,26.507623],[80.237912,26.50768],[80.237867,26.50768]]]}},{"type":"Feature","properties":{"osmId":"way/1163529804","name":null,"building":"house","levels":null,"wheelchair":null,"inAcademicArea":false,"entrances":0},"geometry":{"type":"Polygon","coordinates":[[[80.238814,26.507697],[80.238814,26.507799],[80.238937,26.507799],[80.238937,26.50764],[80.238859,26.50764],[80.238859,26.507697],[80.238814,26.507697]]]}},{"type":"Feature","properties":{"osmId":"way/1163529805","name":null,"building":"house","levels":null,"wheelchair":null,"inAcademicArea":false,"entrances":0},"geometry":{"type":"Polygon","coordinates":[[[80.239278,26.50767],[80.239278,26.507772],[80.239401,26.507772],[80.239401,26.507613],[80.239323,26.507613],[80.239323,26.50767],[80.239278,26.50767]]]}},{"type":"Feature","properties":{"osmId":"way/1163529806","name":null,"building":"house","levels":null,"wheelchair":null,"inAcademicArea":false,"entrances":0},"geometry":{"type":"Polygon","coordinates":[[[80.239284,26.508059],[80.239284,26.507957],[80.239408,26.507957],[80.239408,26.508116],[80.23933,26.508116],[80.23933,26.508059],[80.239284,26.508059]]]}},{"type":"Feature","properties":{"osmId":"way/1163529807","name":null,"building":"house","levels":null,"wheelchair":null,"inAcademicArea":false,"entrances":0},"geometry":{"type":"Polygon","coordinates":[[[80.239205,26.508053],[80.239205,26.50795],[80.239081,26.50795],[80.239081,26.50811],[80.23916,26.50811],[80.23916,26.508053],[80.239205,26.508053]]]}},{"type":"Feature","properties":{"osmId":"way/1163529808","name":null,"building":"house","levels":null,"wheelchair":null,"inAcademicArea":false,"entrances":0},"geometry":{"type":"Polygon","coordinates":[[[80.238735,26.508077],[80.238735,26.507975],[80.238611,26.507975],[80.238611,26.508134],[80.238689,26.508134],[80.238689,26.508077],[80.238735,26.508077]]]}},{"type":"Feature","properties":{"osmId":"way/1163529809","name":null,"building":"house","levels":null,"wheelchair":null,"inAcademicArea":false,"entrances":0},"geometry":{"type":"Polygon","coordinates":[[[80.238257,26.508049],[80.238257,26.507946],[80.238134,26.507946],[80.238134,26.508106],[80.238212,26.508106],[80.238212,26.508049],[80.238257,26.508049]]]}},{"type":"Feature","properties":{"osmId":"way/1163529810","name":null,"building":"house","levels":null,"wheelchair":null,"inAcademicArea":false,"entrances":0},"geometry":{"type":"Polygon","coordinates":[[[80.238805,26.508079],[80.238805,26.507977],[80.238929,26.507977],[80.238929,26.508136],[80.23885,26.508136],[80.23885,26.508079],[80.238805,26.508079]]]}},{"type":"Feature","properties":{"osmId":"way/1163529811","name":null,"building":"house","levels":null,"wheelchair":null,"inAcademicArea":false,"entrances":0},"geometry":{"type":"Polygon","coordinates":[[[80.238328,26.508051],[80.238328,26.507948],[80.238451,26.507948],[80.238451,26.508108],[80.238373,26.508108],[80.238373,26.508051],[80.238328,26.508051]]]}},{"type":"Feature","properties":{"osmId":"way/1167529163","name":null,"building":"house","levels":null,"wheelchair":null,"inAcademicArea":false,"entrances":0},"geometry":{"type":"Polygon","coordinates":[[[80.237765,26.508492],[80.237765,26.508595],[80.237641,26.508595],[80.237641,26.508436],[80.237719,26.508436],[80.237719,26.508492],[80.237765,26.508492]]]}},{"type":"Feature","properties":{"osmId":"way/1167529164","name":null,"building":"house","levels":null,"wheelchair":null,"inAcademicArea":false,"entrances":0},"geometry":{"type":"Polygon","coordinates":[[[80.23825,26.508467],[80.23825,26.50857],[80.238126,26.50857],[80.238127,26.508411],[80.238205,26.508411],[80.238205,26.508467],[80.23825,26.508467]]]}},{"type":"Feature","properties":{"osmId":"way/1167529165","name":null,"building":"house","levels":null,"wheelchair":null,"inAcademicArea":false,"entrances":0},"geometry":{"type":"Polygon","coordinates":[[[80.238738,26.508492],[80.238738,26.508595],[80.238614,26.508595],[80.238614,26.508436],[80.238692,26.508436],[80.238692,26.508492],[80.238738,26.508492]]]}},{"type":"Feature","properties":{"osmId":"way/1167529166","name":null,"building":"house","levels":null,"wheelchair":null,"inAcademicArea":false,"entrances":0},"geometry":{"type":"Polygon","coordinates":[[[80.239201,26.508476],[80.239201,26.508578],[80.239077,26.508578],[80.239077,26.508419],[80.239156,26.508419],[80.239156,26.508476],[80.239201,26.508476]]]}},{"type":"Feature","properties":{"osmId":"way/1167529167","name":null,"building":"house","levels":null,"wheelchair":null,"inAcademicArea":false,"entrances":0},"geometry":{"type":"Polygon","coordinates":[[[80.237851,26.508486],[80.237851,26.508588],[80.237975,26.508588],[80.237975,26.508429],[80.237896,26.508429],[80.237896,26.508486],[80.237851,26.508486]]]}},{"type":"Feature","properties":{"osmId":"way/1167529168","name":null,"building":"house","levels":null,"wheelchair":null,"inAcademicArea":false,"entrances":0},"geometry":{"type":"Polygon","coordinates":[[[80.238333,26.508472],[80.238333,26.508575],[80.238457,26.508575],[80.238457,26.508416],[80.238378,26.508416],[80.238378,26.508472],[80.238333,26.508472]]]}},{"type":"Feature","properties":{"osmId":"way/1167529169","name":null,"building":"house","levels":null,"wheelchair":null,"inAcademicArea":false,"entrances":0},"geometry":{"type":"Polygon","coordinates":[[[80.238811,26.508496],[80.238811,26.508598],[80.238935,26.508598],[80.238935,26.508439],[80.238856,26.508439],[80.238856,26.508496],[80.238811,26.508496]]]}},{"type":"Feature","properties":{"osmId":"way/1167529170","name":null,"building":"house","levels":null,"wheelchair":null,"inAcademicArea":false,"entrances":0},"geometry":{"type":"Polygon","coordinates":[[[80.239278,26.508479],[80.239278,26.508582],[80.239402,26.508582],[80.239402,26.508422],[80.239323,26.508422],[80.239323,26.508479],[80.239278,26.508479]]]}},{"type":"Feature","properties":{"osmId":"way/1167529171","name":null,"building":"house","levels":null,"wheelchair":null,"inAcademicArea":true,"entrances":0},"geometry":{"type":"Polygon","coordinates":[[[80.237772,26.508876],[80.237772,26.508773],[80.237648,26.508773],[80.237649,26.508933],[80.237727,26.508933],[80.237727,26.508876],[80.237772,26.508876]]]}},{"type":"Feature","properties":{"osmId":"way/1167529172","name":null,"building":"house","levels":null,"wheelchair":null,"inAcademicArea":true,"entrances":0},"geometry":{"type":"Polygon","coordinates":[[[80.238247,26.508858],[80.238247,26.508755],[80.238123,26.508755],[80.238123,26.508915],[80.238202,26.508915],[80.238202,26.508858],[80.238247,26.508858]]]}},{"type":"Feature","properties":{"osmId":"way/1167529173","name":null,"building":"house","levels":null,"wheelchair":null,"inAcademicArea":false,"entrances":0},"geometry":{"type":"Polygon","coordinates":[[[80.238727,26.508878],[80.238727,26.508775],[80.238604,26.508775],[80.238604,26.508934],[80.238682,26.508934],[80.238682,26.508878],[80.238727,26.508878]]]}},{"type":"Feature","properties":{"osmId":"way/1167529174","name":null,"building":"house","levels":null,"wheelchair":null,"inAcademicArea":false,"entrances":0},"geometry":{"type":"Polygon","coordinates":[[[80.239196,26.508868],[80.239196,26.508765],[80.239073,26.508765],[80.239073,26.508924],[80.239151,26.508924],[80.239151,26.508868],[80.239196,26.508868]]]}},{"type":"Feature","properties":{"osmId":"way/1167529175","name":null,"building":"house","levels":null,"wheelchair":null,"inAcademicArea":true,"entrances":0},"geometry":{"type":"Polygon","coordinates":[[[80.237846,26.508874],[80.237846,26.508771],[80.23797,26.508771],[80.23797,26.50893],[80.237892,26.50893],[80.237892,26.508874],[80.237846,26.508874]]]}},{"type":"Feature","properties":{"osmId":"way/1167529176","name":null,"building":"house","levels":null,"wheelchair":null,"inAcademicArea":false,"entrances":0},"geometry":{"type":"Polygon","coordinates":[[[80.238331,26.508862],[80.238331,26.508759],[80.238455,26.508759],[80.238455,26.508919],[80.238376,26.508919],[80.238376,26.508862],[80.238331,26.508862]]]}},{"type":"Feature","properties":{"osmId":"way/1167529177","name":null,"building":"house","levels":null,"wheelchair":null,"inAcademicArea":false,"entrances":0},"geometry":{"type":"Polygon","coordinates":[[[80.238798,26.508886],[80.238798,26.508783],[80.238922,26.508783],[80.238922,26.508942],[80.238843,26.508942],[80.238843,26.508886],[80.238798,26.508886]]]}},{"type":"Feature","properties":{"osmId":"way/1167529178","name":null,"building":"house","levels":null,"wheelchair":null,"inAcademicArea":false,"entrances":0},"geometry":{"type":"Polygon","coordinates":[[[80.239276,26.508862],[80.239276,26.508759],[80.2394,26.508759],[80.2394,26.508919],[80.239321,26.508919],[80.239321,26.508862],[80.239276,26.508862]]]}},{"type":"Feature","properties":{"osmId":"way/1167529179","name":null,"building":"house","levels":null,"wheelchair":null,"inAcademicArea":true,"entrances":0},"geometry":{"type":"Polygon","coordinates":[[[80.237758,26.50968],[80.237758,26.509577],[80.237635,26.509577],[80.237635,26.509736],[80.237713,26.509736],[80.237713,26.50968],[80.237758,26.50968]]]}},{"type":"Feature","properties":{"osmId":"way/1167529180","name":null,"building":"house","levels":null,"wheelchair":null,"inAcademicArea":true,"entrances":0},"geometry":{"type":"Polygon","coordinates":[[[80.238241,26.50967],[80.238241,26.509568],[80.238117,26.509568],[80.238118,26.509727],[80.238196,26.509727],[80.238196,26.50967],[80.238241,26.50967]]]}},{"type":"Feature","properties":{"osmId":"way/1167529181","name":null,"building":"house","levels":null,"wheelchair":null,"inAcademicArea":false,"entrances":0},"geometry":{"type":"Polygon","coordinates":[[[80.238724,26.509687],[80.238724,26.509584],[80.2386,26.509584],[80.2386,26.509744],[80.238679,26.509744],[80.238679,26.509687],[80.238724,26.509687]]]}},{"type":"Feature","properties":{"osmId":"way/1167529182","name":null,"building":"house","levels":null,"wheelchair":null,"inAcademicArea":false,"entrances":0},"geometry":{"type":"Polygon","coordinates":[[[80.239201,26.509663],[80.239201,26.50956],[80.239078,26.50956],[80.239078,26.50972],[80.239156,26.50972],[80.239156,26.509663],[80.239201,26.509663]]]}},{"type":"Feature","properties":{"osmId":"way/1167529183","name":null,"building":"house","levels":null,"wheelchair":null,"inAcademicArea":true,"entrances":0},"geometry":{"type":"Polygon","coordinates":[[[80.237841,26.509684],[80.237841,26.509582],[80.237965,26.509582],[80.237965,26.509741],[80.237886,26.509741],[80.237886,26.509684],[80.237841,26.509684]]]}},{"type":"Feature","properties":{"osmId":"way/1167529184","name":null,"building":"house","levels":null,"wheelchair":null,"inAcademicArea":false,"entrances":0},"geometry":{"type":"Polygon","coordinates":[[[80.238321,26.509663],[80.238321,26.50956],[80.238445,26.50956],[80.238445,26.50972],[80.238367,26.50972],[80.238367,26.509663],[80.238321,26.509663]]]}},{"type":"Feature","properties":{"osmId":"way/1167529185","name":null,"building":"house","levels":null,"wheelchair":null,"inAcademicArea":false,"entrances":0},"geometry":{"type":"Polygon","coordinates":[[[80.238796,26.509687],[80.238796,26.509584],[80.23892,26.509584],[80.23892,26.509744],[80.238841,26.509744],[80.238841,26.509687],[80.238796,26.509687]]]}},{"type":"Feature","properties":{"osmId":"way/1167529186","name":null,"building":"house","levels":null,"wheelchair":null,"inAcademicArea":false,"entrances":0},"geometry":{"type":"Polygon","coordinates":[[[80.239265,26.509672],[80.239265,26.50957],[80.239389,26.50957],[80.239389,26.509729],[80.239311,26.509729],[80.239311,26.509672],[80.239265,26.509672]]]}},{"type":"Feature","properties":{"osmId":"way/1167529187","name":null,"building":"house","levels":null,"wheelchair":null,"inAcademicArea":true,"entrances":0},"geometry":{"type":"Polygon","coordinates":[[[80.237761,26.509305],[80.237761,26.509408],[80.237637,26.509408],[80.237637,26.509248],[80.237716,26.509248],[80.237716,26.509305],[80.237761,26.509305]]]}},{"type":"Feature","properties":{"osmId":"way/1167529188","name":null,"building":"house","levels":null,"wheelchair":null,"inAcademicArea":true,"entrances":0},"geometry":{"type":"Polygon","coordinates":[[[80.238252,26.509281],[80.238252,26.509384],[80.238128,26.509384],[80.238128,26.509224],[80.238207,26.509224],[80.238207,26.509281],[80.238252,26.509281]]]}},{"type":"Feature","properties":{"osmId":"way/1167529189","name":null,"building":"house","levels":null,"wheelchair":null,"inAcademicArea":false,"entrances":0},"geometry":{"type":"Polygon","coordinates":[[[80.238751,26.509303],[80.238751,26.509405],[80.238627,26.509405],[80.238627,26.509246],[80.238706,26.509246],[80.238706,26.509303],[80.238751,26.509303]]]}},{"type":"Feature","properties":{"osmId":"way/1167529190","name":null,"building":"house","levels":null,"wheelchair":null,"inAcademicArea":false,"entrances":0},"geometry":{"type":"Polygon","coordinates":[[[80.239193,26.509288],[80.239193,26.509391],[80.23907,26.509391],[80.23907,26.509232],[80.239148,26.509232],[80.239148,26.509288],[80.239193,26.509288]]]}},{"type":"Feature","properties":{"osmId":"way/1167529191","name":null,"building":"house","levels":null,"wheelchair":null,"inAcademicArea":true,"entrances":0},"geometry":{"type":"Polygon","coordinates":[[[80.237841,26.509298],[80.237841,26.5094],[80.237965,26.5094],[80.237965,26.509241],[80.237886,26.509241],[80.237886,26.509298],[80.237841,26.509298]]]}},{"type":"Feature","properties":{"osmId":"way/1167529192","name":null,"building":"house","levels":null,"wheelchair":null,"inAcademicArea":false,"entrances":0},"geometry":{"type":"Polygon","coordinates":[[[80.238316,26.509286],[80.238316,26.509388],[80.23844,26.509388],[80.23844,26.509229],[80.238361,26.509229],[80.238361,26.509286],[80.238316,26.509286]]]}},{"type":"Feature","properties":{"osmId":"way/1167529193","name":null,"building":"house","levels":null,"wheelchair":null,"inAcademicArea":false,"entrances":0},"geometry":{"type":"Polygon","coordinates":[[[80.238799,26.509308],[80.238799,26.50941],[80.238922,26.50941],[80.238922,26.509251],[80.238844,26.509251],[80.238844,26.509308],[80.238799,26.509308]]]}},{"type":"Feature","properties":{"osmId":"way/1167529194","name":null,"building":"house","levels":null,"wheelchair":null,"inAcademicArea":false,"entrances":0},"geometry":{"type":"Polygon","coordinates":[[[80.239282,26.509279],[80.239282,26.509381],[80.239405,26.509381],[80.239405,26.509222],[80.239327,26.509222],[80.239327,26.509279],[80.239282,26.509279]]]}},{"type":"Feature","properties":{"osmId":"way/1167530355","name":null,"building":"residential","levels":null,"wheelchair":null,"inAcademicArea":false,"entrances":0},"geometry":{"type":"Polygon","coordinates":[[[80.242029,26.509774],[80.242148,26.509775],[80.242153,26.50938],[80.242034,26.509379],[80.242029,26.509774]]]}},{"type":"Feature","properties":{"osmId":"way/1167530356","name":null,"building":"residential","levels":null,"wheelchair":null,"inAcademicArea":false,"entrances":0},"geometry":{"type":"Polygon","coordinates":[[[80.241834,26.509389],[80.241953,26.50939],[80.241958,26.508996],[80.241839,26.508994],[80.241834,26.509389]]]}},{"type":"Feature","properties":{"osmId":"way/1167530357","name":null,"building":"residential","levels":null,"wheelchair":null,"inAcademicArea":false,"entrances":0},"geometry":{"type":"Polygon","coordinates":[[[80.241844,26.508888],[80.241963,26.508889],[80.241968,26.508494],[80.241849,26.508493],[80.241844,26.508888]]]}},{"type":"Feature","properties":{"osmId":"way/1167530358","name":null,"building":"residential","levels":null,"wheelchair":null,"inAcademicArea":false,"entrances":0},"geometry":{"type":"Polygon","coordinates":[[[80.24205,26.508507],[80.242169,26.508509],[80.242174,26.508114],[80.242055,26.508112],[80.24205,26.508507]]]}},{"type":"Feature","properties":{"osmId":"way/1167530359","name":null,"building":"residential","levels":null,"wheelchair":null,"inAcademicArea":false,"entrances":0},"geometry":{"type":"Polygon","coordinates":[[[80.241535,26.508106],[80.241533,26.508213],[80.241974,26.508221],[80.241976,26.508114],[80.241535,26.508106]]]}},{"type":"Feature","properties":{"osmId":"way/1167530360","name":null,"building":"residential","levels":null,"wheelchair":null,"inAcademicArea":false,"entrances":0},"geometry":{"type":"Polygon","coordinates":[[[80.241573,26.508712],[80.241692,26.508713],[80.241697,26.508318],[80.241578,26.508317],[80.241573,26.508712]]]}},{"type":"Feature","properties":{"osmId":"way/1167530361","name":null,"building":"residential","levels":null,"wheelchair":null,"inAcademicArea":false,"entrances":0},"geometry":{"type":"Polygon","coordinates":[[[80.24156,26.509617],[80.241679,26.509618],[80.241685,26.509223],[80.241565,26.509222],[80.24156,26.509617]]]}},{"type":"Feature","properties":{"osmId":"way/1167530362","name":null,"building":"residential","levels":null,"wheelchair":null,"inAcademicArea":false,"entrances":0},"geometry":{"type":"Polygon","coordinates":[[[80.241145,26.509006],[80.241143,26.509112],[80.241584,26.50912],[80.241586,26.509013],[80.241145,26.509006]]]}},{"type":"Feature","properties":{"osmId":"way/1167530363","name":null,"building":"residential","levels":null,"wheelchair":null,"inAcademicArea":false,"entrances":0},"geometry":{"type":"Polygon","coordinates":[[[80.241152,26.508755],[80.241149,26.508862],[80.241591,26.508869],[80.241593,26.508763],[80.241152,26.508755]]]}},{"type":"Feature","properties":{"osmId":"way/1167530364","name":null,"building":"residential","levels":null,"wheelchair":null,"inAcademicArea":false,"entrances":0},"geometry":{"type":"Polygon","coordinates":[[[80.240309,26.509107],[80.24031,26.509014],[80.240546,26.509015],[80.240545,26.509108],[80.240309,26.509107]]]}},{"type":"Feature","properties":{"osmId":"way/1167530365","name":null,"building":"residential","levels":null,"wheelchair":null,"inAcademicArea":false,"entrances":0},"geometry":{"type":"Polygon","coordinates":[[[80.240325,26.508846],[80.240326,26.508753],[80.240562,26.508755],[80.240561,26.508848],[80.240325,26.508846]]]}},{"type":"Feature","properties":{"osmId":"way/1172338399","name":null,"building":"residential","levels":null,"wheelchair":null,"inAcademicArea":false,"entrances":0},"geometry":{"type":"Polygon","coordinates":[[[80.241341,26.507836],[80.241404,26.507836],[80.241402,26.507624],[80.241339,26.507624],[80.241341,26.507836]]]}},{"type":"Feature","properties":{"osmId":"way/1172338400","name":null,"building":"residential","levels":null,"wheelchair":null,"inAcademicArea":false,"entrances":0},"geometry":{"type":"Polygon","coordinates":[[[80.241834,26.507832],[80.241898,26.507831],[80.241896,26.507619],[80.241833,26.50762],[80.241834,26.507832]]]}},{"type":"Feature","properties":{"osmId":"way/1172338401","name":null,"building":"residential","levels":null,"wheelchair":null,"inAcademicArea":false,"entrances":0},"geometry":{"type":"Polygon","coordinates":[[[80.2415,26.507776],[80.2415,26.507832],[80.241736,26.507833],[80.241737,26.507777],[80.2415,26.507776]]]}},{"type":"Feature","properties":{"osmId":"way/157018922","name":"Main Auditorium","building":"yes","levels":null,"wheelchair":null,"inAcademicArea":true,"entrances":0},"geometry":{"type":"Polygon","coordinates":[[[80.236281,26.513188],[80.236281,26.513275],[80.235693,26.51327],[80.235696,26.512913],[80.236362,26.512918],[80.236361,26.512992],[80.236201,26.512991],[80.236199,26.513187],[80.236281,26.513188]]]}},{"type":"Feature","properties":{"osmId":"way/268061985","name":"Western Labs","building":"university","levels":null,"wheelchair":null,"inAcademicArea":true,"entrances":0},"geometry":{"type":"Polygon","coordinates":[[[80.231034,26.512593],[80.231036,26.512306],[80.231185,26.512251],[80.231184,26.51207],[80.232153,26.512069],[80.232203,26.511929],[80.232384,26.51193],[80.232378,26.512603],[80.231034,26.512593]]]}},{"type":"Feature","properties":{"osmId":"way/682695176","name":null,"building":"house","levels":null,"wheelchair":null,"inAcademicArea":false,"entrances":0},"geometry":{"type":"Polygon","coordinates":[[[80.235656,26.506342],[80.235659,26.506227],[80.235767,26.506229],[80.235765,26.506345],[80.235656,26.506342]]]}},{"type":"Feature","properties":{"osmId":"way/1131994409","name":"Department of Sustainable Energy Engineering","building":"university","levels":null,"wheelchair":null,"inAcademicArea":true,"entrances":0},"geometry":{"type":"Polygon","coordinates":[[[80.235595,26.510128],[80.235841,26.510129],[80.23584,26.510247],[80.236153,26.510249],[80.236154,26.510129],[80.235912,26.510127],[80.235913,26.510007],[80.235596,26.510005],[80.235595,26.510128]]]}},{"type":"Feature","properties":{"osmId":"way/1137756290","name":null,"building":"yes","levels":null,"wheelchair":null,"inAcademicArea":true,"entrances":0},"geometry":{"type":"Polygon","coordinates":[[[80.235487,26.514098],[80.23549,26.513975],[80.235834,26.513981],[80.235832,26.514104],[80.235487,26.514098]]]}},{"type":"Feature","properties":{"osmId":"way/1137756291","name":null,"building":"yes","levels":null,"wheelchair":null,"inAcademicArea":true,"entrances":0},"geometry":{"type":"Polygon","coordinates":[[[80.235819,26.514704],[80.235819,26.514817],[80.235525,26.514816],[80.235525,26.514703],[80.235819,26.514704]]]}},{"type":"Feature","properties":{"osmId":"way/30904329","name":"Flight Lab","building":"yes","levels":null,"wheelchair":null,"inAcademicArea":false,"entrances":0},"geometry":{"type":"Polygon","coordinates":[[[80.232266,26.519009],[80.23224,26.51859],[80.232569,26.518575],[80.232582,26.518999],[80.232266,26.519009]]]}},{"type":"Feature","properties":{"osmId":"way/157018921","name":"Computer Centre","building":"university","levels":null,"wheelchair":null,"inAcademicArea":true,"entrances":0},"geometry":{"type":"Polygon","coordinates":[[[80.234193,26.513838],[80.234187,26.513417],[80.234677,26.513411],[80.234684,26.513832],[80.234193,26.513838]]]}},{"type":"Feature","properties":{"osmId":"way/268050280","name":"Faculty Building","building":"university","levels":"7","wheelchair":null,"inAcademicArea":true,"entrances":0},"geometry":{"type":"Polygon","coordinates":[[[80.233335,26.512639],[80.233463,26.512642],[80.233457,26.512895],[80.233411,26.512895],[80.23341,26.512954],[80.233468,26.512955],[80.233466,26.513064],[80.233399,26.513063],[80.233398,26.513111],[80.233597,26.513118],[80.233595,26.513253],[80.233222,26.513249],[80.233223,26.513125],[80.233371,26.513126],[80.233372,26.513055],[80.23286,26.513052],[80.232859,26.513292],[80.232857,26.51339],[80.232715,26.513387],[80.232726,26.512904],[80.232578,26.512902],[80.232581,26.512761],[80.232965,26.512768],[80.232961,26.512919],[80.232845,26.512917],[80.232844,26.512947],[80.233328,26.512956],[80.233335,26.512639]]]}},{"type":"Feature","properties":{"osmId":"way/268050283","name":"Core Lab","building":"university","levels":null,"wheelchair":null,"inAcademicArea":true,"entrances":0},"geometry":{"type":"Polygon","coordinates":[[[80.232165,26.513795],[80.233393,26.5138],[80.233397,26.513543],[80.232371,26.513542],[80.23235,26.513511],[80.232162,26.513527],[80.232165,26.513795]]]}},{"type":"Feature","properties":{"osmId":"way/268050284","name":"Northern Block Laboratories","building":"university","levels":null,"wheelchair":null,"inAcademicArea":true,"entrances":0},"geometry":{"type":"Polygon","coordinates":[[[80.233067,26.513894],[80.234162,26.5139],[80.23416,26.514087],[80.233398,26.514083],[80.233398,26.514174],[80.233065,26.514172],[80.233067,26.513894]]]}},{"type":"Feature","properties":{"osmId":"way/268050285","name":"Department of Chemical Engineering (Northern Block Laboratories 2)","building":"university","levels":null,"wheelchair":null,"inAcademicArea":true,"entrances":0},"geometry":{"type":"Polygon","coordinates":[[[80.232122,26.514794],[80.232123,26.514366],[80.232294,26.514365],[80.232296,26.514622],[80.232813,26.51463],[80.232812,26.514802],[80.232122,26.514794]]]}},{"type":"Feature","properties":{"osmId":"way/268050286","name":"DOAA Canteen","building":"yes","levels":null,"wheelchair":null,"inAcademicArea":true,"entrances":0},"geometry":{"type":"Polygon","coordinates":[[[80.23187,26.51442],[80.231864,26.514443],[80.23185,26.514464],[80.231829,26.514479],[80.231804,26.514488],[80.231777,26.514488],[80.231751,26.514481],[80.231729,26.514466],[80.231715,26.514446],[80.231708,26.514423],[80.231709,26.5144],[80.231719,26.514378],[80.231737,26.51436],[80.23176,26.514348],[80.231786,26.514343],[80.231812,26.514346],[80.231836,26.514357],[80.231855,26.514374],[80.231867,26.514396],[80.23187,26.51442]]]}},{"type":"Feature","properties":{"osmId":"way/268050287","name":"Academic Affairs Building (JEE/GATE)","building":"university","levels":null,"wheelchair":null,"inAcademicArea":true,"entrances":0},"geometry":{"type":"Polygon","coordinates":[[[80.231535,26.514721],[80.2315,26.514493],[80.231086,26.51449],[80.231073,26.51471],[80.23119,26.514862],[80.231535,26.514721]]]}},{"type":"Feature","properties":{"osmId":"way/268050288","name":"Central Workshop","building":"university","levels":null,"wheelchair":null,"inAcademicArea":true,"entrances":0},"geometry":{"type":"Polygon","coordinates":[[[80.230989,26.514334],[80.231255,26.514338],[80.231254,26.514432],[80.231517,26.514435],[80.231532,26.513599],[80.231002,26.513591],[80.230989,26.514334]]]}},{"type":"Feature","properties":{"osmId":"way/315780946","name":"ACES","building":"university","levels":null,"wheelchair":null,"inAcademicArea":true,"entrances":0},"geometry":{"type":"Polygon","coordinates":[[[80.231949,26.512735],[80.232279,26.512739],[80.232275,26.512982],[80.232209,26.512981],[80.232202,26.513458],[80.231938,26.513455],[80.231949,26.512735]]]}},{"type":"Feature","properties":{"osmId":"way/315780949","name":"Civil Engineering Lab","building":"university","levels":null,"wheelchair":null,"inAcademicArea":true,"entrances":0},"geometry":{"type":"Polygon","coordinates":[[[80.231034,26.513448],[80.231034,26.512746],[80.23136,26.512746],[80.23136,26.512692],[80.231597,26.512692],[80.231596,26.51295],[80.231512,26.51295],[80.231512,26.513449],[80.231034,26.513448]]]}},{"type":"Feature","properties":{"osmId":"way/315780952","name":"SIDBI","building":"university","levels":null,"wheelchair":null,"inAcademicArea":true,"entrances":0},"geometry":{"type":"Polygon","coordinates":[[[80.231098,26.515436],[80.230975,26.515434],[80.230978,26.51517],[80.231107,26.515173],[80.231202,26.515173],[80.23124,26.515265],[80.231098,26.515436]]]}},{"type":"Feature","properties":{"osmId":"way/315780953","name":"Western Lab Extension","building":"university","levels":null,"wheelchair":null,"inAcademicArea":true,"entrances":0},"geometry":{"type":"Polygon","coordinates":[[[80.231618,26.513318],[80.231819,26.513321],[80.23183,26.512735],[80.231629,26.512732],[80.231618,26.513318]]]}},{"type":"Feature","properties":{"osmId":"way/315780954","name":"Wind Tunnel Facility","building":"university","levels":null,"wheelchair":null,"inAcademicArea":true,"entrances":0},"geometry":{"type":"Polygon","coordinates":[[[80.231619,26.515784],[80.231818,26.515783],[80.231816,26.515655],[80.231869,26.515655],[80.231871,26.515814],[80.232187,26.515811],[80.232184,26.515548],[80.232041,26.51555],[80.232039,26.515385],[80.231882,26.515387],[80.231881,26.515242],[80.231613,26.515245],[80.231614,26.515312],[80.231619,26.515784]]]}},{"type":"Feature","properties":{"osmId":"way/315782323","name":"Industrial & Management Engineering","building":"university","levels":null,"wheelchair":null,"inAcademicArea":true,"entrances":0},"geometry":{"type":"Polygon","coordinates":[[[80.233084,26.514794],[80.233097,26.514607],[80.233239,26.514631],[80.233244,26.514265],[80.233448,26.514264],[80.233445,26.514609],[80.233731,26.514666],[80.23369,26.514819],[80.233411,26.514809],[80.233406,26.514855],[80.233251,26.514854],[80.233255,26.514803],[80.233084,26.514794]]]}},{"type":"Feature","properties":{"osmId":"way/315782325","name":"Nuclear Physics Lab","building":"university","levels":null,"wheelchair":null,"inAcademicArea":true,"entrances":0},"geometry":{"type":"Polygon","coordinates":[[[80.233605,26.51446],[80.233606,26.514279],[80.234329,26.514283],[80.234328,26.514471],[80.2342,26.51447],[80.234199,26.514526],[80.234139,26.514525],[80.234139,26.514546],[80.234057,26.514546],[80.234058,26.514462],[80.233605,26.51446]]]}},{"type":"Feature","properties":{"osmId":"way/488149101","name":"Rajeev Motwani Building","building":"university","levels":"7","wheelchair":null,"inAcademicArea":true,"entrances":0},"geometry":{"type":"Polygon","coordinates":[[[80.235169,26.51445],[80.235172,26.514215],[80.234565,26.514206],[80.234561,26.51444],[80.235169,26.51445]]]}},{"type":"Feature","properties":{"osmId":"way/488149102","name":"H.R. Kadim Diwan Building","building":"university","levels":"4","wheelchair":"yes","inAcademicArea":true,"entrances":0},"geometry":{"type":"Polygon","coordinates":[[[80.234792,26.513935],[80.234937,26.513866],[80.234942,26.513877],[80.234954,26.51387],[80.235013,26.513839],[80.235125,26.514034],[80.235048,26.514064],[80.235012,26.514088],[80.234942,26.514125],[80.234916,26.514134],[80.234933,26.514155],[80.234936,26.514164],[80.234899,26.514186],[80.234886,26.51419],[80.234867,26.514149],[80.234843,26.514117],[80.234831,26.514097],[80.234841,26.51408],[80.234874,26.514078],[80.234864,26.514049],[80.234839,26.514022],[80.234828,26.514005],[80.234811,26.513994],[80.23478,26.514007],[80.234802,26.514026],[80.234805,26.514049],[80.234778,26.514065],[80.234753,26.514053],[80.234753,26.514114],[80.234762,26.514131],[80.234786,26.514142],[80.234789,26.514171],[80.234784,26.514186],[80.234704,26.514184],[80.2346,26.514184],[80.2346,26.514165],[80.234602,26.514142],[80.234587,26.514137],[80.234585,26.51412],[80.234535,26.514124],[80.234533,26.514098],[80.234535,26.514015],[80.234551,26.514012],[80.234548,26.513979],[80.234559,26.513966],[80.234595,26.513961],[80.234599,26.513946],[80.234639,26.513945],[80.234724,26.51395],[80.234727,26.513941],[80.234759,26.513955],[80.234761,26.513922],[80.234782,26.513908],[80.234792,26.513935]]]}},{"type":"Feature","properties":{"osmId":"way/501658530","name":"Computer Center Canteen","building":"yes","levels":null,"wheelchair":null,"inAcademicArea":true,"entrances":0},"geometry":{"type":"Polygon","coordinates":[[[80.234295,26.514153],[80.234278,26.514154],[80.234263,26.51415],[80.234249,26.514142],[80.234239,26.51413],[80.234234,26.514115],[80.234234,26.5141],[80.23424,26.514086],[80.23425,26.514075],[80.234265,26.514067],[80.234281,26.514064],[80.234298,26.514065],[80.234313,26.514072],[80.234325,26.514083],[80.234332,26.514096],[80.234334,26.514111],[80.234331,26.514125],[80.234322,26.514138],[80.23431,26.514147],[80.234295,26.514153]]]}},{"type":"Feature","properties":{"osmId":"way/1104867049","name":"Engineering Science Building 2","building":"university","levels":null,"wheelchair":null,"inAcademicArea":true,"entrances":0},"geometry":{"type":"Polygon","coordinates":[[[80.232808,26.515579],[80.233512,26.51558],[80.233512,26.515165],[80.232808,26.515164],[80.232808,26.515579]]]}},{"type":"Feature","properties":{"osmId":"way/1131208300","name":"Central AC Plant","building":"yes","levels":null,"wheelchair":null,"inAcademicArea":true,"entrances":0},"geometry":{"type":"Polygon","coordinates":[[[80.230293,26.515392],[80.230523,26.515392],[80.230529,26.515008],[80.23029,26.515006],[80.230293,26.515392]]]}},{"type":"Feature","properties":{"osmId":"way/1131208301","name":"Interdisciplinary Centre for Cyber Security and Cyber Defence of Critical Infrastructures","building":"university","levels":null,"wheelchair":null,"inAcademicArea":true,"entrances":0},"geometry":{"type":"Polygon","coordinates":[[[80.230348,26.514743],[80.230543,26.514738],[80.23055,26.51448],[80.23035,26.514484],[80.230348,26.514743]]]}},{"type":"Feature","properties":{"osmId":"way/1131208302","name":"Central Store","building":"university","levels":null,"wheelchair":null,"inAcademicArea":true,"entrances":0},"geometry":{"type":"Polygon","coordinates":[[[80.229973,26.513834],[80.230557,26.513832],[80.230554,26.513214],[80.230222,26.513215],[80.230224,26.513625],[80.229972,26.513626],[80.229973,26.513834]]]}},{"type":"Feature","properties":{"osmId":"way/1135339093","name":"Workshop","building":"university","levels":null,"wheelchair":null,"inAcademicArea":true,"entrances":0},"geometry":{"type":"Polygon","coordinates":[[[80.231763,26.514325],[80.231667,26.514323],[80.231674,26.514105],[80.231594,26.514103],[80.231603,26.513848],[80.231671,26.51385],[80.231675,26.513713],[80.231782,26.513716],[80.231763,26.514325]]]}},{"type":"Feature","properties":{"osmId":"way/1135339284","name":"Electric Substation No 12","building":"yes","levels":null,"wheelchair":null,"inAcademicArea":true,"entrances":0},"geometry":{"type":"Polygon","coordinates":[[[80.230298,26.514974],[80.230378,26.514974],[80.230378,26.514942],[80.230506,26.514941],[80.230506,26.514817],[80.230297,26.514818],[80.230298,26.514974]]]}},{"type":"Feature","properties":{"osmId":"way/1135346535","name":"Atmospheric Monitoring Station","building":"university","levels":null,"wheelchair":null,"inAcademicArea":true,"entrances":0},"geometry":{"type":"Polygon","coordinates":[[[80.234777,26.515292],[80.234931,26.51527],[80.234856,26.515149],[80.2348,26.515149],[80.234746,26.515251],[80.234777,26.515292]]]}},{"type":"Feature","properties":{"osmId":"way/1135346536","name":"Centre for Environmental Science & Engineering","building":"university","levels":null,"wheelchair":null,"inAcademicArea":true,"entrances":0},"geometry":{"type":"Polygon","coordinates":[[[80.23377,26.515751],[80.233877,26.515877],[80.234073,26.515951],[80.23412,26.515852],[80.234273,26.51591],[80.234488,26.515962],[80.234634,26.51596],[80.234702,26.515905],[80.234618,26.515687],[80.234239,26.515583],[80.234164,26.515464],[80.234045,26.515426],[80.23378,26.515557],[80.23377,26.515751]]]}},{"type":"Feature","properties":{"osmId":"way/1136942412","name":"Helicopter Labs","building":"university","levels":null,"wheelchair":null,"inAcademicArea":true,"entrances":0},"geometry":{"type":"Polygon","coordinates":[[[80.233146,26.515995],[80.233378,26.515997],[80.233376,26.516147],[80.233429,26.516148],[80.233427,26.516362],[80.233142,26.516359],[80.233146,26.515995]]]}},{"type":"Feature","properties":{"osmId":"way/1137755506","name":"Rural Technology Action Group","building":"university","levels":null,"wheelchair":null,"inAcademicArea":true,"entrances":0},"geometry":{"type":"Polygon","coordinates":[[[80.229954,26.514417],[80.2305,26.514413],[80.230499,26.514289],[80.230602,26.514289],[80.230601,26.514145],[80.229951,26.51415],[80.229954,26.514417]]]}},{"type":"Feature","properties":{"osmId":"way/1142120968","name":null,"building":"university","levels":null,"wheelchair":null,"inAcademicArea":true,"entrances":0},"geometry":{"type":"Polygon","coordinates":[[[80.229907,26.51408],[80.229976,26.51408],[80.229979,26.514026],[80.230017,26.514027],[80.230013,26.514055],[80.230224,26.514048],[80.230225,26.514087],[80.23045,26.514089],[80.230451,26.513907],[80.229913,26.513905],[80.229907,26.51408]]]}},{"type":"Feature","properties":{"osmId":"way/1157122757","name":null,"building":"university","levels":null,"wheelchair":null,"inAcademicArea":true,"entrances":0},"geometry":{"type":"Polygon","coordinates":[[[80.233687,26.516859],[80.233935,26.516858],[80.233934,26.51679],[80.234159,26.516788],[80.234158,26.516649],[80.233685,26.516652],[80.233687,26.516859]]]}},{"type":"Feature","properties":{"osmId":"way/1158746040","name":null,"building":"university","levels":null,"wheelchair":null,"inAcademicArea":true,"entrances":0},"geometry":{"type":"Polygon","coordinates":[[[80.229795,26.516885],[80.229984,26.516887],[80.229987,26.516694],[80.229798,26.516692],[80.229795,26.516885]]]}},{"type":"Feature","properties":{"osmId":"way/1158746041","name":"NCC IIT Kanpur","building":"university","levels":null,"wheelchair":null,"inAcademicArea":false,"entrances":0},"geometry":{"type":"Polygon","coordinates":[[[80.230285,26.517496],[80.230596,26.517494],[80.230594,26.517169],[80.230282,26.517171],[80.230285,26.517496]]]}},{"type":"Feature","properties":{"osmId":"way/1158746631","name":"Technopark @ IITK","building":"yes","levels":"5","wheelchair":null,"inAcademicArea":false,"entrances":0},"geometry":{"type":"Polygon","coordinates":[[[80.230813,26.517523],[80.230823,26.517048],[80.231876,26.517065],[80.231866,26.51754],[80.230813,26.517523]]]}},{"type":"Feature","properties":{"osmId":"way/1161063538","name":"Hypersonic Experimental Aerodynamics Lab","building":"university","levels":null,"wheelchair":null,"inAcademicArea":true,"entrances":0},"geometry":{"type":"Polygon","coordinates":[[[80.231916,26.515299],[80.231917,26.515218],[80.23225,26.515222],[80.232249,26.515303],[80.231916,26.515299]]]}},{"type":"Feature","properties":{"osmId":"way/1161063539","name":null,"building":"university","levels":null,"wheelchair":null,"inAcademicArea":false,"entrances":0},"geometry":{"type":"Polygon","coordinates":[[[80.229734,26.51851],[80.230115,26.518509],[80.230115,26.518417],[80.230229,26.518416],[80.230229,26.5183],[80.230292,26.518299],[80.230291,26.518196],[80.229814,26.518198],[80.229815,26.518298],[80.22999,26.518298],[80.229991,26.518407],[80.229733,26.518408],[80.229734,26.51851]]]}},{"type":"Feature","properties":{"osmId":"way/1161593960","name":"Engineering Sciences Building 3","building":"construction","levels":"8","wheelchair":null,"inAcademicArea":true,"entrances":0},"geometry":{"type":"Polygon","coordinates":[[[80.229884,26.516308],[80.229838,26.516311],[80.229836,26.516207],[80.230552,26.516205],[80.230547,26.51638],[80.22988,26.516383],[80.229884,26.516308]]]}},{"type":"Feature","properties":{"osmId":"way/1394026546","name":"Aeronautical Engineering Lab","building":"university","levels":"1","wheelchair":null,"inAcademicArea":true,"entrances":0},"geometry":{"type":"Polygon","coordinates":[[[80.232367,26.515574],[80.232363,26.515378],[80.232735,26.515374],[80.232739,26.515577],[80.232573,26.515576],[80.232573,26.515661],[80.232498,26.515662],[80.232498,26.515644],[80.232432,26.515645],[80.23243,26.515575],[80.232367,26.515574]]]}},{"type":"Feature","properties":{"osmId":"way/1394027089","name":"High Speed Aerodynamics Lab (HSAL)","building":"university","levels":"1","wheelchair":null,"inAcademicArea":true,"entrances":0},"geometry":{"type":"Polygon","coordinates":[[[80.23276,26.516104],[80.232756,26.515757],[80.232473,26.515755],[80.232477,26.51603],[80.232396,26.516029],[80.232401,26.516105],[80.23276,26.516104]]]}},{"type":"Feature","properties":{"osmId":"way/1394029120","name":"Propulsion Labs","building":"university","levels":null,"wheelchair":null,"inAcademicArea":true,"entrances":0},"geometry":{"type":"Polygon","coordinates":[[[80.232818,26.51596],[80.233375,26.515958],[80.233377,26.515758],[80.232816,26.515761],[80.232818,26.51596]]]}},{"type":"Feature","properties":{"osmId":"way/1465113052","name":"House 1","building":"yes","levels":null,"wheelchair":null,"inAcademicArea":true,"entrances":0},"geometry":{"type":"Polygon","coordinates":[[[80.231478,26.515162],[80.231615,26.515159],[80.231613,26.515245],[80.231614,26.515312],[80.231479,26.51531],[80.231478,26.515162]]]}},{"type":"Feature","properties":{"osmId":"way/1465113053","name":"House 2","building":"yes","levels":null,"wheelchair":null,"inAcademicArea":true,"entrances":0},"geometry":{"type":"Polygon","coordinates":[[[80.231505,26.515644],[80.231507,26.5155],[80.231606,26.5155],[80.231599,26.515647],[80.231505,26.515644]]]}},{"type":"Feature","properties":{"osmId":"way/1465113054","name":"Building 2","building":"yes","levels":null,"wheelchair":null,"inAcademicArea":true,"entrances":0},"geometry":{"type":"Polygon","coordinates":[[[80.23027,26.51607],[80.230264,26.515909],[80.230444,26.515901],[80.230444,26.515967],[80.230568,26.515967],[80.230558,26.516058],[80.230439,26.516067],[80.23027,26.51607]]]}},{"type":"Feature","properties":{"osmId":"way/1494405403","name":null,"building":"yes","levels":null,"wheelchair":null,"inAcademicArea":false,"entrances":0},"geometry":{"type":"Polygon","coordinates":[[[80.233132,26.518393],[80.233112,26.518268],[80.23213,26.518319],[80.232133,26.518436],[80.233132,26.518393]]]}},{"type":"Feature","properties":{"osmId":"way/1494405404","name":null,"building":"yes","levels":null,"wheelchair":null,"inAcademicArea":true,"entrances":0},"geometry":{"type":"Polygon","coordinates":[[[80.230436,26.516891],[80.230435,26.516796],[80.230544,26.516802],[80.230537,26.516892],[80.230436,26.516891]]]}},{"type":"Feature","properties":{"osmId":"way/1494405405","name":null,"building":"yes","levels":null,"wheelchair":null,"inAcademicArea":true,"entrances":0},"geometry":{"type":"Polygon","coordinates":[[[80.23021,26.516129],[80.230206,26.516015],[80.23015,26.51602],[80.230152,26.51585],[80.229955,26.515844],[80.229939,26.516017],[80.229955,26.516129],[80.23021,26.516129]]]}},{"type":"Feature","properties":{"osmId":"way/1494405406","name":null,"building":"yes","levels":null,"wheelchair":null,"inAcademicArea":true,"entrances":0},"geometry":{"type":"Polygon","coordinates":[[[80.230311,26.515769],[80.230575,26.515777],[80.230577,26.515541],[80.23018,26.515528],[80.230179,26.515594],[80.230313,26.515603],[80.230311,26.515769]]]}},{"type":"Feature","properties":{"osmId":"way/1494405407","name":null,"building":"yes","levels":null,"wheelchair":null,"inAcademicArea":true,"entrances":0},"geometry":{"type":"Polygon","coordinates":[[[80.230176,26.514651],[80.230157,26.514505],[80.230271,26.514497],[80.230281,26.514641],[80.230176,26.514651]]]}},{"type":"Feature","properties":{"osmId":"way/1494405408","name":null,"building":"yes","levels":null,"wheelchair":null,"inAcademicArea":true,"entrances":0},"geometry":{"type":"Polygon","coordinates":[[[80.229807,26.512838],[80.229802,26.51274],[80.229922,26.512718],[80.229919,26.512834],[80.229807,26.512838]]]}},{"type":"Feature","properties":{"osmId":"way/1550119632","name":"C3iHub, IIT Kanpur","building":"office","levels":"2","wheelchair":null,"inAcademicArea":false,"entrances":0},"geometry":{"type":"Polygon","coordinates":[[[80.230873,26.517454],[80.230879,26.517102],[80.231817,26.517113],[80.23181,26.517481],[80.230873,26.517454]]]}},{"type":"Feature","properties":{"osmId":"way/203657914","name":null,"building":"residential","levels":"2","wheelchair":null,"inAcademicArea":false,"entrances":0},"geometry":{"type":"Polygon","coordinates":[[[80.236989,26.517195],[80.237255,26.517195],[80.237255,26.517269],[80.237139,26.517269],[80.237139,26.517253],[80.23711,26.517253],[80.23711,26.517269],[80.236989,26.517269],[80.236989,26.517195]]]}},{"type":"Feature","properties":{"osmId":"way/203657915","name":null,"building":"residential","levels":"2","wheelchair":null,"inAcademicArea":true,"entrances":0},"geometry":{"type":"Polygon","coordinates":[[[80.23702,26.515318],[80.237292,26.515311],[80.237294,26.515387],[80.237173,26.51539],[80.237172,26.515377],[80.237144,26.515378],[80.237144,26.515391],[80.237023,26.515395],[80.23702,26.515318]]]}},{"type":"Feature","properties":{"osmId":"way/203657916","name":null,"building":"residential","levels":"2","wheelchair":null,"inAcademicArea":true,"entrances":0},"geometry":{"type":"Polygon","coordinates":[[[80.237282,26.516588],[80.237016,26.516587],[80.237016,26.516513],[80.237132,26.516513],[80.237132,26.516529],[80.237161,26.516529],[80.237161,26.516513],[80.237282,26.516513],[80.237282,26.516588]]]}},{"type":"Feature","properties":{"osmId":"way/203657917","name":null,"building":"residential","levels":"2","wheelchair":null,"inAcademicArea":true,"entrances":0},"geometry":{"type":"Polygon","coordinates":[[[80.237462,26.514915],[80.237753,26.514909],[80.237753,26.514986],[80.237612,26.51499],[80.237612,26.514974],[80.237583,26.514974],[80.237583,26.51499],[80.237462,26.51499],[80.237462,26.514915]]]}},{"type":"Feature","properties":{"osmId":"way/203657918","name":null,"building":"residential","levels":"2","wheelchair":null,"inAcademicArea":true,"entrances":0},"geometry":{"type":"Polygon","coordinates":[[[80.237289,26.514689],[80.237018,26.514689],[80.237018,26.514613],[80.237139,26.514613],[80.237139,26.514626],[80.237168,26.514626],[80.237168,26.514613],[80.237289,26.514613],[80.237289,26.514689]]]}},{"type":"Feature","properties":{"osmId":"way/203657920","name":null,"building":"residential","levels":"2","wheelchair":null,"inAcademicArea":true,"entrances":0},"geometry":{"type":"Polygon","coordinates":[[[80.237271,26.516278],[80.237,26.516278],[80.237,26.516201],[80.237121,26.516201],[80.237121,26.516214],[80.23715,26.516214],[80.23715,26.516201],[80.237271,26.516201],[80.237271,26.516278]]]}},{"type":"Feature","properties":{"osmId":"way/203657921","name":null,"building":"residential","levels":"2","wheelchair":null,"inAcademicArea":true,"entrances":0},"geometry":{"type":"Polygon","coordinates":[[[80.237715,26.516279],[80.237443,26.516279],[80.237443,26.516203],[80.237565,26.516203],[80.237565,26.516216],[80.237593,26.516216],[80.237593,26.516203],[80.237715,26.516203],[80.237715,26.516279]]]}},{"type":"Feature","properties":{"osmId":"way/203657922","name":null,"building":"residential","levels":"2","wheelchair":null,"inAcademicArea":true,"entrances":0},"geometry":{"type":"Polygon","coordinates":[[[80.237716,26.516593],[80.23745,26.51659],[80.237451,26.516515],[80.237567,26.516517],[80.237567,26.516533],[80.237595,26.516533],[80.237596,26.516517],[80.237717,26.516519],[80.237716,26.516593]]]}},{"type":"Feature","properties":{"osmId":"way/203657923","name":null,"building":"residential","levels":"2","wheelchair":null,"inAcademicArea":true,"entrances":0},"geometry":{"type":"Polygon","coordinates":[[[80.237703,26.516974],[80.237431,26.516974],[80.237431,26.516897],[80.237553,26.516897],[80.237553,26.51691],[80.237581,26.51691],[80.237581,26.516897],[80.237703,26.516897],[80.237703,26.516974]]]}},{"type":"Feature","properties":{"osmId":"way/203657924","name":null,"building":"residential","levels":"2","wheelchair":null,"inAcademicArea":true,"entrances":0},"geometry":{"type":"Polygon","coordinates":[[[80.237303,26.515686],[80.237037,26.515678],[80.23704,26.515604],[80.237156,26.515607],[80.237156,26.515623],[80.237184,26.515624],[80.237185,26.515608],[80.237306,26.515612],[80.237303,26.515686]]]}},{"type":"Feature","properties":{"osmId":"way/203657925","name":null,"building":"residential","levels":"2","wheelchair":null,"inAcademicArea":true,"entrances":0},"geometry":{"type":"Polygon","coordinates":[[[80.237265,26.516971],[80.236993,26.516971],[80.236993,26.516895],[80.237115,26.516895],[80.237115,26.516908],[80.237144,26.516908],[80.237144,26.516895],[80.237265,26.516895],[80.237265,26.516971]]]}},{"type":"Feature","properties":{"osmId":"way/203657926","name":null,"building":"residential","levels":"2","wheelchair":null,"inAcademicArea":true,"entrances":0},"geometry":{"type":"Polygon","coordinates":[[[80.237022,26.51491],[80.237311,26.514913],[80.237309,26.514982],[80.237172,26.514984],[80.237172,26.514968],[80.237143,26.514968],[80.237143,26.514984],[80.237022,26.514984],[80.237022,26.51491]]]}},{"type":"Feature","properties":{"osmId":"way/203657927","name":null,"building":"residential","levels":"2","wheelchair":null,"inAcademicArea":true,"entrances":0},"geometry":{"type":"Polygon","coordinates":[[[80.237467,26.51531],[80.237739,26.515313],[80.237738,26.51539],[80.237616,26.515388],[80.237616,26.515375],[80.237588,26.515375],[80.237587,26.515388],[80.237466,26.515386],[80.237467,26.51531]]]}},{"type":"Feature","properties":{"osmId":"way/203657931","name":null,"building":"residential","levels":"2","wheelchair":null,"inAcademicArea":false,"entrances":0},"geometry":{"type":"Polygon","coordinates":[[[80.237459,26.51719],[80.237725,26.51719],[80.237725,26.517264],[80.237609,26.517264],[80.237609,26.517248],[80.237581,26.517248],[80.237581,26.517264],[80.237459,26.517264],[80.237459,26.51719]]]}},{"type":"Feature","properties":{"osmId":"way/203657932","name":null,"building":"residential","levels":"2","wheelchair":null,"inAcademicArea":true,"entrances":0},"geometry":{"type":"Polygon","coordinates":[[[80.237741,26.515696],[80.237475,26.515689],[80.237477,26.515615],[80.237593,26.515618],[80.237593,26.515634],[80.237621,26.515634],[80.237622,26.515618],[80.237743,26.515621],[80.237741,26.515696]]]}},{"type":"Feature","properties":{"osmId":"way/203657933","name":null,"building":"residential","levels":"2","wheelchair":null,"inAcademicArea":true,"entrances":0},"geometry":{"type":"Polygon","coordinates":[[[80.23774,26.51469],[80.237468,26.51469],[80.237468,26.514614],[80.23759,26.514614],[80.23759,26.514627],[80.237618,26.514627],[80.237618,26.514614],[80.23774,26.514614],[80.23774,26.51469]]]}},{"type":"Feature","properties":{"osmId":"way/432734877","name":null,"building":"residential","levels":"2","wheelchair":null,"inAcademicArea":true,"entrances":0},"geometry":{"type":"Polygon","coordinates":[[[80.237039,26.51342],[80.23704,26.513337],[80.237334,26.513342],[80.237332,26.513424],[80.237184,26.513422],[80.237039,26.51342]]]}},{"type":"Feature","properties":{"osmId":"way/432734878","name":null,"building":"residential","levels":"2","wheelchair":null,"inAcademicArea":true,"entrances":0},"geometry":{"type":"Polygon","coordinates":[[[80.23776,26.513429],[80.237761,26.513317],[80.23745,26.513312],[80.237448,26.513425],[80.237627,26.513427],[80.23776,26.513429]]]}},{"type":"Feature","properties":{"osmId":"way/432734879","name":null,"building":"residential","levels":"2","wheelchair":null,"inAcademicArea":true,"entrances":0},"geometry":{"type":"Polygon","coordinates":[[[80.237476,26.51373],[80.237479,26.513638],[80.237619,26.513642],[80.237766,26.513646],[80.237763,26.513737],[80.237476,26.51373]]]}},{"type":"Feature","properties":{"osmId":"way/432734880","name":null,"building":"residential","levels":"2","wheelchair":null,"inAcademicArea":true,"entrances":0},"geometry":{"type":"Polygon","coordinates":[[[80.237326,26.513723],[80.237327,26.513639],[80.23718,26.513635],[80.237036,26.513637],[80.237035,26.51372],[80.237326,26.513723]]]}},{"type":"Feature","properties":{"osmId":"way/432734881","name":null,"building":"residential","levels":"2","wheelchair":null,"inAcademicArea":true,"entrances":0},"geometry":{"type":"Polygon","coordinates":[[[80.237045,26.512723],[80.237046,26.51264],[80.237353,26.512643],[80.237352,26.512726],[80.237188,26.512726],[80.237045,26.512723]]]}},{"type":"Feature","properties":{"osmId":"way/432734882","name":null,"building":"residential","levels":"2","wheelchair":null,"inAcademicArea":true,"entrances":0},"geometry":{"type":"Polygon","coordinates":[[[80.237488,26.512724],[80.237491,26.512641],[80.237784,26.512649],[80.237781,26.512732],[80.237635,26.512728],[80.237488,26.512724]]]}},{"type":"Feature","properties":{"osmId":"way/432734883","name":null,"building":"residential","levels":"2","wheelchair":null,"inAcademicArea":true,"entrances":0},"geometry":{"type":"Polygon","coordinates":[[[80.23704,26.513025],[80.237042,26.512938],[80.237178,26.51294],[80.237334,26.512942],[80.237333,26.513028],[80.23704,26.513025]]]}},{"type":"Feature","properties":{"osmId":"way/432734884","name":null,"building":"residential","levels":"2","wheelchair":null,"inAcademicArea":true,"entrances":0},"geometry":{"type":"Polygon","coordinates":[[[80.237482,26.51302],[80.237483,26.512936],[80.237632,26.512938],[80.237781,26.512941],[80.23778,26.513025],[80.237482,26.51302]]]}},{"type":"Feature","properties":{"osmId":"way/1132520516","name":null,"building":"yes","levels":null,"wheelchair":null,"inAcademicArea":false,"entrances":0},"geometry":{"type":"Polygon","coordinates":[[[80.238198,26.515384],[80.238215,26.515272],[80.238422,26.515296],[80.238405,26.515408],[80.238198,26.515384]]]}},{"type":"Feature","properties":{"osmId":"way/1132520517","name":null,"building":"yes","levels":null,"wheelchair":null,"inAcademicArea":false,"entrances":0},"geometry":{"type":"Polygon","coordinates":[[[80.23852,26.515435],[80.238544,26.515324],[80.238743,26.515358],[80.238719,26.51547],[80.23852,26.515435]]]}},{"type":"Feature","properties":{"osmId":"way/1132520518","name":null,"building":"yes","levels":null,"wheelchair":null,"inAcademicArea":false,"entrances":0},"geometry":{"type":"Polygon","coordinates":[[[80.23811,26.515785],[80.238134,26.515671],[80.238344,26.515707],[80.23832,26.51582],[80.23811,26.515785]]]}},{"type":"Feature","properties":{"osmId":"way/1132520519","name":null,"building":"yes","levels":null,"wheelchair":null,"inAcademicArea":false,"entrances":0},"geometry":{"type":"Polygon","coordinates":[[[80.238458,26.51573],[80.238646,26.515749],[80.238633,26.515851],[80.238445,26.515832],[80.238458,26.51573]]]}},{"type":"Feature","properties":{"osmId":"way/1132520520","name":null,"building":"yes","levels":null,"wheelchair":null,"inAcademicArea":false,"entrances":0},"geometry":{"type":"Polygon","coordinates":[[[80.238881,26.515915],[80.238838,26.515905],[80.238824,26.515954],[80.23875,26.515937],[80.238786,26.51581],[80.238903,26.515837],[80.238881,26.515915]]]}},{"type":"Feature","properties":{"osmId":"way/1132520521","name":null,"building":"yes","levels":null,"wheelchair":null,"inAcademicArea":false,"entrances":0},"geometry":{"type":"Polygon","coordinates":[[[80.238964,26.516022],[80.238987,26.515964],[80.238949,26.515952],[80.23897,26.515898],[80.239017,26.515913],[80.239032,26.515875],[80.239104,26.515897],[80.239073,26.515976],[80.23909,26.515982],[80.239063,26.516052],[80.238964,26.516022]]]}},{"type":"Feature","properties":{"osmId":"way/1132520522","name":null,"building":"yes","levels":null,"wheelchair":null,"inAcademicArea":false,"entrances":0},"geometry":{"type":"Polygon","coordinates":[[[80.239397,26.516082],[80.239354,26.516176],[80.239155,26.516104],[80.239198,26.51601],[80.239397,26.516082]]]}},{"type":"Feature","properties":{"osmId":"way/1132520523","name":null,"building":"yes","levels":null,"wheelchair":null,"inAcademicArea":false,"entrances":0},"geometry":{"type":"Polygon","coordinates":[[[80.239429,26.516225],[80.239401,26.516261],[80.239338,26.516222],[80.239424,26.51611],[80.23965,26.516249],[80.239592,26.516325],[80.239429,26.516225]]]}},{"type":"Feature","properties":{"osmId":"way/1132520524","name":null,"building":"yes","levels":null,"wheelchair":null,"inAcademicArea":false,"entrances":0},"geometry":{"type":"Polygon","coordinates":[[[80.239647,26.515746],[80.23958,26.51585],[80.239437,26.515776],[80.239449,26.515758],[80.239407,26.515736],[80.239463,26.51565],[80.239647,26.515746]]]}},{"type":"Feature","properties":{"osmId":"way/1132520525","name":null,"building":"yes","levels":null,"wheelchair":null,"inAcademicArea":false,"entrances":0},"geometry":{"type":"Polygon","coordinates":[[[80.240087,26.516056],[80.240044,26.516129],[80.239938,26.516079],[80.240016,26.515947],[80.240092,26.515984],[80.240058,26.516042],[80.240087,26.516056]]]}},{"type":"Feature","properties":{"osmId":"way/1132520526","name":null,"building":"yes","levels":null,"wheelchair":null,"inAcademicArea":false,"entrances":0},"geometry":{"type":"Polygon","coordinates":[[[80.240373,26.516282],[80.240433,26.516176],[80.240582,26.516244],[80.240521,26.51635],[80.240373,26.516282]]]}},{"type":"Feature","properties":{"osmId":"way/1132520527","name":null,"building":"yes","levels":null,"wheelchair":null,"inAcademicArea":false,"entrances":0},"geometry":{"type":"Polygon","coordinates":[[[80.239812,26.516392],[80.239787,26.516439],[80.239734,26.516418],[80.239806,26.516277],[80.239906,26.516318],[80.239858,26.516411],[80.239812,26.516392]]]}},{"type":"Feature","properties":{"osmId":"way/1132520528","name":null,"building":"yes","levels":null,"wheelchair":null,"inAcademicArea":false,"entrances":0},"geometry":{"type":"Polygon","coordinates":[[[80.239972,26.516391],[80.240053,26.516425],[80.23999,26.516547],[80.239909,26.516513],[80.239972,26.516391]]]}},{"type":"Feature","properties":{"osmId":"way/1132520529","name":null,"building":"yes","levels":null,"wheelchair":null,"inAcademicArea":false,"entrances":0},"geometry":{"type":"Polygon","coordinates":[[[80.240105,26.516615],[80.240154,26.516515],[80.24031,26.516577],[80.24026,26.516677],[80.240105,26.516615]]]}},{"type":"Feature","properties":{"osmId":"way/1132520530","name":null,"building":"yes","levels":null,"wheelchair":null,"inAcademicArea":false,"entrances":0},"geometry":{"type":"Polygon","coordinates":[[[80.240528,26.516856],[80.240557,26.516801],[80.240546,26.516796],[80.240607,26.516683],[80.240718,26.516731],[80.240628,26.516899],[80.240528,26.516856]]]}},{"type":"Feature","properties":{"osmId":"way/1132520531","name":null,"building":"yes","levels":null,"wheelchair":null,"inAcademicArea":false,"entrances":0},"geometry":{"type":"Polygon","coordinates":[[[80.240712,26.516798],[80.240808,26.516836],[80.24082,26.516812],[80.240905,26.516846],[80.240826,26.517003],[80.240731,26.516965],[80.240761,26.516905],[80.240675,26.516871],[80.240712,26.516798]]]}},{"type":"Feature","properties":{"osmId":"way/1132520532","name":null,"building":"yes","levels":null,"wheelchair":null,"inAcademicArea":false,"entrances":0},"geometry":{"type":"Polygon","coordinates":[[[80.240895,26.516431],[80.240876,26.516461],[80.240918,26.516482],[80.240856,26.516579],[80.240749,26.516524],[80.24079,26.51646],[80.240771,26.51645],[80.240811,26.516388],[80.240895,26.516431]]]}},{"type":"Feature","properties":{"osmId":"way/1132520533","name":null,"building":"yes","levels":null,"wheelchair":null,"inAcademicArea":false,"entrances":0},"geometry":{"type":"Polygon","coordinates":[[[80.23999,26.516951],[80.240075,26.517008],[80.240044,26.517045],[80.240068,26.517061],[80.239994,26.517151],[80.239885,26.517078],[80.23999,26.516951]]]}},{"type":"Feature","properties":{"osmId":"way/1132520534","name":null,"building":"yes","levels":null,"wheelchair":null,"inAcademicArea":false,"entrances":0},"geometry":{"type":"Polygon","coordinates":[[[80.239864,26.517336],[80.239759,26.517459],[80.239667,26.517396],[80.239773,26.517273],[80.239864,26.517336]]]}},{"type":"Feature","properties":{"osmId":"way/1132520535","name":null,"building":"yes","levels":null,"wheelchair":null,"inAcademicArea":false,"entrances":0},"geometry":{"type":"Polygon","coordinates":[[[80.239369,26.517255],[80.239415,26.517161],[80.239591,26.517231],[80.239545,26.517324],[80.239369,26.517255]]]}},{"type":"Feature","properties":{"osmId":"way/1132520536","name":null,"building":"yes","levels":null,"wheelchair":null,"inAcademicArea":false,"entrances":0},"geometry":{"type":"Polygon","coordinates":[[[80.239405,26.517164],[80.239339,26.517272],[80.239279,26.517243],[80.239345,26.517135],[80.239405,26.517164]]]}},{"type":"Feature","properties":{"osmId":"way/1132520537","name":null,"building":"yes","levels":null,"wheelchair":null,"inAcademicArea":false,"entrances":0},"geometry":{"type":"Polygon","coordinates":[[[80.239129,26.517023],[80.239314,26.517112],[80.239272,26.517183],[80.239086,26.517095],[80.239129,26.517023]]]}},{"type":"Feature","properties":{"osmId":"way/1132520538","name":null,"building":"yes","levels":null,"wheelchair":null,"inAcademicArea":false,"entrances":0},"geometry":{"type":"Polygon","coordinates":[[[80.239529,26.516849],[80.239579,26.516762],[80.23984,26.516882],[80.239789,26.516969],[80.239529,26.516849]]]}},{"type":"Feature","properties":{"osmId":"way/1132520539","name":null,"building":"yes","levels":null,"wheelchair":null,"inAcademicArea":false,"entrances":0},"geometry":{"type":"Polygon","coordinates":[[[80.239383,26.516649],[80.239562,26.516725],[80.239513,26.516818],[80.239334,26.516742],[80.239383,26.516649]]]}},{"type":"Feature","properties":{"osmId":"way/1132520540","name":null,"building":"yes","levels":null,"wheelchair":null,"inAcademicArea":false,"entrances":0},"geometry":{"type":"Polygon","coordinates":[[[80.23916,26.516512],[80.239268,26.516548],[80.239209,26.516689],[80.239101,26.516652],[80.23916,26.516512]]]}},{"type":"Feature","properties":{"osmId":"way/1132520541","name":null,"building":"yes","levels":null,"wheelchair":null,"inAcademicArea":false,"entrances":0},"geometry":{"type":"Polygon","coordinates":[[[80.239032,26.516496],[80.239054,26.516504],[80.239013,26.51659],[80.238951,26.516567],[80.238971,26.516525],[80.238916,26.516504],[80.23897,26.516391],[80.239065,26.516428],[80.239032,26.516496]]]}},{"type":"Feature","properties":{"osmId":"way/1132520542","name":null,"building":"yes","levels":null,"wheelchair":null,"inAcademicArea":false,"entrances":0},"geometry":{"type":"Polygon","coordinates":[[[80.238675,26.516872],[80.238739,26.516752],[80.238843,26.516796],[80.238805,26.516866],[80.238782,26.516857],[80.238755,26.516906],[80.238675,26.516872]]]}},{"type":"Feature","properties":{"osmId":"way/1132520543","name":null,"building":"yes","levels":null,"wheelchair":null,"inAcademicArea":false,"entrances":0},"geometry":{"type":"Polygon","coordinates":[[[80.239016,26.516925],[80.239047,26.516945],[80.239007,26.516993],[80.238983,26.516977],[80.238947,26.517021],[80.238867,26.516968],[80.238898,26.516931],[80.238869,26.516911],[80.238942,26.516823],[80.239044,26.51689],[80.239016,26.516925]]]}},{"type":"Feature","properties":{"osmId":"way/1137756289","name":"Smart Grid Semi-Urban Field Pilot (Lanes 32 and 33)","building":"university","levels":null,"wheelchair":null,"inAcademicArea":true,"entrances":0},"geometry":{"type":"Polygon","coordinates":[[[80.237433,26.51412],[80.237435,26.514015],[80.237589,26.514016],[80.237588,26.514094],[80.237674,26.514095],[80.237673,26.514224],[80.23756,26.514223],[80.237561,26.514146],[80.237508,26.514145],[80.237509,26.51412],[80.237433,26.51412]]]}},{"type":"Feature","properties":{"osmId":"way/1137756292","name":null,"building":"yes","levels":null,"wheelchair":null,"inAcademicArea":true,"entrances":0},"geometry":{"type":"Polygon","coordinates":[[[80.236183,26.514702],[80.236183,26.514815],[80.235889,26.514815],[80.23589,26.514701],[80.236183,26.514702]]]}},{"type":"Feature","properties":{"osmId":"way/1172337972","name":"Shri Purnananda Ajapa Yog Sansthan","building":"yes","levels":null,"wheelchair":null,"inAcademicArea":false,"entrances":0},"geometry":{"type":"Polygon","coordinates":[[[80.240917,26.519054],[80.241052,26.519127],[80.241676,26.5182],[80.241541,26.518128],[80.240917,26.519054]]]}},{"type":"Feature","properties":{"osmId":"way/802503389","name":null,"building":"yes","levels":null,"wheelchair":null,"inAcademicArea":false,"entrances":0},"geometry":{"type":"Polygon","coordinates":[[[80.24349,26.496518],[80.243647,26.496702],[80.243795,26.496601],[80.243638,26.496417],[80.24349,26.496518]]]}},{"type":"Feature","properties":{"osmId":"way/682695161","name":null,"building":"yes","levels":null,"wheelchair":null,"inAcademicArea":false,"entrances":0},"geometry":{"type":"Polygon","coordinates":[[[80.24854,26.506222],[80.248533,26.506081],[80.248508,26.506002],[80.248289,26.506101],[80.24841,26.506277],[80.24854,26.506222]]]}},{"type":"Feature","properties":{"osmId":"way/682696029","name":null,"building":"yes","levels":null,"wheelchair":null,"inAcademicArea":false,"entrances":0},"geometry":{"type":"Polygon","coordinates":[[[80.247928,26.504623],[80.248097,26.504544],[80.247997,26.504374],[80.24774,26.504495],[80.24784,26.504665],[80.247928,26.504623]]]}},{"type":"Feature","properties":{"osmId":"way/682696042","name":null,"building":"yes","levels":null,"wheelchair":null,"inAcademicArea":false,"entrances":0},"geometry":{"type":"Polygon","coordinates":[[[80.248167,26.504793],[80.248119,26.504709],[80.248006,26.504761],[80.247928,26.504623],[80.24784,26.504665],[80.247747,26.504705],[80.247872,26.504926],[80.248167,26.504793]]]}},{"type":"Feature","properties":{"osmId":"way/682695123","name":null,"building":"yes","levels":null,"wheelchair":null,"inAcademicArea":false,"entrances":0},"geometry":{"type":"Polygon","coordinates":[[[80.246092,26.509533],[80.246021,26.509477],[80.245927,26.509572],[80.245998,26.509629],[80.246092,26.509533]]]}},{"type":"Feature","properties":{"osmId":"way/682695126","name":null,"building":"yes","levels":null,"wheelchair":null,"inAcademicArea":false,"entrances":0},"geometry":{"type":"Polygon","coordinates":[[[80.246173,26.50889],[80.246113,26.508838],[80.246179,26.508776],[80.246239,26.508828],[80.246173,26.50889]]]}},{"type":"Feature","properties":{"osmId":"way/682695129","name":null,"building":"yes","levels":null,"wheelchair":null,"inAcademicArea":false,"entrances":0},"geometry":{"type":"Polygon","coordinates":[[[80.24737,26.509967],[80.247151,26.509809],[80.247098,26.509868],[80.247317,26.510026],[80.24737,26.509967]]]}},{"type":"Feature","properties":{"osmId":"way/682695132","name":null,"building":"yes","levels":null,"wheelchair":null,"inAcademicArea":false,"entrances":0},"geometry":{"type":"Polygon","coordinates":[[[80.246488,26.508705],[80.246556,26.508754],[80.246654,26.508648],[80.246585,26.508597],[80.246563,26.508622],[80.246488,26.508705]]]}},{"type":"Feature","properties":{"osmId":"way/682695134","name":"IIT 78 Cafe and Restaurant","building":"yes","levels":null,"wheelchair":null,"inAcademicArea":false,"entrances":0},"geometry":{"type":"Polygon","coordinates":[[[80.247439,26.509684],[80.247562,26.509778],[80.247645,26.509691],[80.247523,26.509597],[80.247439,26.509684]]]}},{"type":"Feature","properties":{"osmId":"way/682695135","name":null,"building":"yes","levels":null,"wheelchair":null,"inAcademicArea":false,"entrances":0},"geometry":{"type":"Polygon","coordinates":[[[80.245146,26.507873],[80.245085,26.507823],[80.245201,26.507709],[80.245262,26.507759],[80.245146,26.507873]]]}},{"type":"Feature","properties":{"osmId":"way/682695136","name":null,"building":"yes","levels":null,"wheelchair":null,"inAcademicArea":false,"entrances":0},"geometry":{"type":"Polygon","coordinates":[[[80.248035,26.50879],[80.248198,26.508935],[80.248261,26.508878],[80.248099,26.508733],[80.248035,26.50879]]]}},{"type":"Feature","properties":{"osmId":"way/682695137","name":null,"building":"yes","levels":null,"wheelchair":null,"inAcademicArea":false,"entrances":0},"geometry":{"type":"Polygon","coordinates":[[[80.246696,26.509688],[80.246557,26.509577],[80.246685,26.509447],[80.246752,26.5095],[80.246706,26.509546],[80.246779,26.509604],[80.246696,26.509688]]]}},{"type":"Feature","properties":{"osmId":"way/682695139","name":null,"building":"yes","levels":null,"wheelchair":null,"inAcademicArea":false,"entrances":0},"geometry":{"type":"Polygon","coordinates":[[[80.246402,26.509447],[80.246297,26.509363],[80.246341,26.509318],[80.246446,26.509402],[80.246402,26.509447]]]}},{"type":"Feature","properties":{"osmId":"way/682695141","name":null,"building":"yes","levels":null,"wheelchair":null,"inAcademicArea":false,"entrances":0},"geometry":{"type":"Polygon","coordinates":[[[80.246488,26.508705],[80.246417,26.508654],[80.246512,26.508549],[80.246547,26.508575],[80.246528,26.508596],[80.246563,26.508622],[80.246488,26.508705]]]}},{"type":"Feature","properties":{"osmId":"way/682695144","name":"Highway 2.0","building":"yes","levels":null,"wheelchair":null,"inAcademicArea":false,"entrances":0},"geometry":{"type":"Polygon","coordinates":[[[80.247124,26.510288],[80.246928,26.510135],[80.246815,26.510251],[80.247012,26.510404],[80.247124,26.510288]]]}},{"type":"Feature","properties":{"osmId":"way/682695146","name":null,"building":"yes","levels":null,"wheelchair":null,"inAcademicArea":false,"entrances":0},"geometry":{"type":"Polygon","coordinates":[[[80.246836,26.508919],[80.246949,26.508999],[80.246991,26.508951],[80.246878,26.508872],[80.246836,26.508919]]]}},{"type":"Feature","properties":{"osmId":"way/682695147","name":null,"building":"yes","levels":null,"wheelchair":null,"inAcademicArea":false,"entrances":0},"geometry":{"type":"Polygon","coordinates":[[[80.245742,26.508614],[80.24584,26.508505],[80.245737,26.50843],[80.245638,26.508538],[80.245742,26.508614]]]}},{"type":"Feature","properties":{"osmId":"way/682695148","name":null,"building":"yes","levels":null,"wheelchair":null,"inAcademicArea":false,"entrances":0},"geometry":{"type":"Polygon","coordinates":[[[80.248298,26.50883],[80.24812,26.508681],[80.248167,26.508636],[80.248346,26.508784],[80.248298,26.50883]]]}},{"type":"Feature","properties":{"osmId":"way/682695150","name":null,"building":"yes","levels":null,"wheelchair":null,"inAcademicArea":false,"entrances":0},"geometry":{"type":"Polygon","coordinates":[[[80.246497,26.509807],[80.246421,26.50975],[80.246342,26.509833],[80.246417,26.50989],[80.246497,26.509807]]]}},{"type":"Feature","properties":{"osmId":"way/682695153","name":null,"building":"yes","levels":null,"wheelchair":null,"inAcademicArea":false,"entrances":0},"geometry":{"type":"Polygon","coordinates":[[[80.246852,26.509808],[80.246696,26.509688],[80.246779,26.509604],[80.246932,26.509727],[80.246852,26.509808]]]}},{"type":"Feature","properties":{"osmId":"way/682695154","name":null,"building":"yes","levels":null,"wheelchair":null,"inAcademicArea":false,"entrances":0},"geometry":{"type":"Polygon","coordinates":[[[80.245108,26.508121],[80.245042,26.508069],[80.245092,26.508018],[80.245158,26.50807],[80.245108,26.508121]]]}},{"type":"Feature","properties":{"osmId":"way/682695159","name":null,"building":"yes","levels":null,"wheelchair":null,"inAcademicArea":false,"entrances":0},"geometry":{"type":"Polygon","coordinates":[[[80.246406,26.508944],[80.246352,26.508901],[80.246304,26.50895],[80.246358,26.508993],[80.246406,26.508944]]]}},{"type":"Feature","properties":{"osmId":"way/682695160","name":null,"building":"yes","levels":null,"wheelchair":null,"inAcademicArea":false,"entrances":0},"geometry":{"type":"Polygon","coordinates":[[[80.248385,26.507606],[80.24827,26.507432],[80.247974,26.507589],[80.248028,26.507672],[80.247949,26.507714],[80.24801,26.507805],[80.248385,26.507606]]]}},{"type":"Feature","properties":{"osmId":"way/682695163","name":null,"building":"yes","levels":null,"wheelchair":null,"inAcademicArea":false,"entrances":0},"geometry":{"type":"Polygon","coordinates":[[[80.245272,26.5082],[80.245244,26.50823],[80.245157,26.50816],[80.24525,26.508061],[80.245342,26.508127],[80.245272,26.5082]]]}},{"type":"Feature","properties":{"osmId":"way/682695165","name":null,"building":"yes","levels":null,"wheelchair":null,"inAcademicArea":false,"entrances":0},"geometry":{"type":"Polygon","coordinates":[[[80.245953,26.509403],[80.245849,26.509315],[80.245907,26.509261],[80.24601,26.509349],[80.245953,26.509403]]]}},{"type":"Feature","properties":{"osmId":"way/682695170","name":null,"building":"yes","levels":null,"wheelchair":null,"inAcademicArea":false,"entrances":0},"geometry":{"type":"Polygon","coordinates":[[[80.247777,26.50909],[80.247949,26.509226],[80.247987,26.509187],[80.247815,26.509051],[80.247777,26.50909]]]}},{"type":"Feature","properties":{"osmId":"way/682695175","name":null,"building":"yes","levels":null,"wheelchair":null,"inAcademicArea":false,"entrances":0},"geometry":{"type":"Polygon","coordinates":[[[80.246285,26.509055],[80.246235,26.509013],[80.246281,26.508968],[80.246331,26.50901],[80.246285,26.509055]]]}},{"type":"Feature","properties":{"osmId":"way/682695179","name":null,"building":"yes","levels":null,"wheelchair":null,"inAcademicArea":false,"entrances":0},"geometry":{"type":"Polygon","coordinates":[[[80.245958,26.508891],[80.245856,26.508807],[80.2459,26.508765],[80.246001,26.508849],[80.245958,26.508891]]]}},{"type":"Feature","properties":{"osmId":"way/682695180","name":null,"building":"yes","levels":null,"wheelchair":null,"inAcademicArea":false,"entrances":0},"geometry":{"type":"Polygon","coordinates":[[[80.247123,26.509433],[80.247074,26.509397],[80.247156,26.509307],[80.247204,26.509342],[80.247123,26.509433]]]}},{"type":"Feature","properties":{"osmId":"way/682695182","name":null,"building":"yes","levels":null,"wheelchair":null,"inAcademicArea":false,"entrances":0},"geometry":{"type":"Polygon","coordinates":[[[80.245272,26.5082],[80.245305,26.508223],[80.245372,26.508148],[80.245342,26.508127],[80.245272,26.5082]]]}},{"type":"Feature","properties":{"osmId":"way/682695184","name":null,"building":"yes","levels":null,"wheelchair":null,"inAcademicArea":false,"entrances":0},"geometry":{"type":"Polygon","coordinates":[[[80.246471,26.509574],[80.246417,26.509535],[80.246343,26.509618],[80.246397,26.509657],[80.246471,26.509574]]]}},{"type":"Feature","properties":{"osmId":"way/682695188","name":null,"building":"yes","levels":null,"wheelchair":null,"inAcademicArea":false,"entrances":0},"geometry":{"type":"Polygon","coordinates":[[[80.245005,26.508025],[80.244901,26.507941],[80.244944,26.507899],[80.245048,26.507983],[80.245005,26.508025]]]}},{"type":"Feature","properties":{"osmId":"way/682695191","name":null,"building":"yes","levels":null,"wheelchair":null,"inAcademicArea":false,"entrances":0},"geometry":{"type":"Polygon","coordinates":[[[80.246786,26.50926],[80.24662,26.509125],[80.246512,26.509233],[80.246624,26.509323],[80.246671,26.509275],[80.246726,26.509319],[80.246786,26.50926]]]}},{"type":"Feature","properties":{"osmId":"way/682695192","name":null,"building":"yes","levels":null,"wheelchair":null,"inAcademicArea":false,"entrances":0},"geometry":{"type":"Polygon","coordinates":[[[80.245579,26.50799],[80.245471,26.507897],[80.245574,26.5078],[80.245629,26.507847],[80.245645,26.507832],[80.245699,26.507878],[80.245579,26.50799]]]}},{"type":"Feature","properties":{"osmId":"way/682695197","name":null,"building":"yes","levels":null,"wheelchair":null,"inAcademicArea":false,"entrances":0},"geometry":{"type":"Polygon","coordinates":[[[80.24694,26.508749],[80.246872,26.508707],[80.246903,26.508665],[80.246972,26.508707],[80.24694,26.508749]]]}},{"type":"Feature","properties":{"osmId":"way/682695201","name":null,"building":"yes","levels":null,"wheelchair":null,"inAcademicArea":false,"entrances":0},"geometry":{"type":"Polygon","coordinates":[[[80.248258,26.508514],[80.248449,26.508659],[80.248503,26.508603],[80.248312,26.508457],[80.248258,26.508514]]]}},{"type":"Feature","properties":{"osmId":"way/682695204","name":null,"building":"yes","levels":null,"wheelchair":null,"inAcademicArea":false,"entrances":0},"geometry":{"type":"Polygon","coordinates":[[[80.245963,26.508908],[80.24601,26.508859],[80.246116,26.50894],[80.246068,26.50899],[80.245963,26.508908]]]}},{"type":"Feature","properties":{"osmId":"way/682695205","name":null,"building":"yes","levels":null,"wheelchair":null,"inAcademicArea":false,"entrances":0},"geometry":{"type":"Polygon","coordinates":[[[80.247839,26.509427],[80.247611,26.509259],[80.247658,26.509208],[80.247887,26.509375],[80.247839,26.509427]]]}},{"type":"Feature","properties":{"osmId":"way/682695207","name":null,"building":"yes","levels":null,"wheelchair":null,"inAcademicArea":false,"entrances":0},"geometry":{"type":"Polygon","coordinates":[[[80.245914,26.508957],[80.245963,26.508908],[80.246068,26.50899],[80.246026,26.509036],[80.245914,26.508957]]]}},{"type":"Feature","properties":{"osmId":"way/682695209","name":null,"building":"yes","levels":null,"wheelchair":null,"inAcademicArea":false,"entrances":0},"geometry":{"type":"Polygon","coordinates":[[[80.246298,26.50925],[80.2462,26.50917],[80.246295,26.509076],[80.246393,26.509155],[80.246298,26.50925]]]}},{"type":"Feature","properties":{"osmId":"way/682695210","name":null,"building":"yes","levels":null,"wheelchair":null,"inAcademicArea":false,"entrances":0},"geometry":{"type":"Polygon","coordinates":[[[80.245348,26.508323],[80.245425,26.508381],[80.245531,26.508269],[80.245454,26.508211],[80.245348,26.508323]]]}},{"type":"Feature","properties":{"osmId":"way/682695211","name":null,"building":"yes","levels":null,"wheelchair":null,"inAcademicArea":false,"entrances":0},"geometry":{"type":"Polygon","coordinates":[[[80.24558,26.508509],[80.245677,26.508402],[80.245616,26.508358],[80.245519,26.508465],[80.24558,26.508509]]]}},{"type":"Feature","properties":{"osmId":"way/682695212","name":null,"building":"yes","levels":null,"wheelchair":null,"inAcademicArea":false,"entrances":0},"geometry":{"type":"Polygon","coordinates":[[[80.245868,26.509008],[80.24598,26.509088],[80.246026,26.509036],[80.245914,26.508957],[80.245868,26.509008]]]}},{"type":"Feature","properties":{"osmId":"way/682695215","name":null,"building":"yes","levels":null,"wheelchair":null,"inAcademicArea":false,"entrances":0},"geometry":{"type":"Polygon","coordinates":[[[80.245416,26.508483],[80.24553,26.508566],[80.24558,26.508509],[80.245519,26.508465],[80.245467,26.508427],[80.245416,26.508483]]]}},{"type":"Feature","properties":{"osmId":"way/682695217","name":null,"building":"yes","levels":null,"wheelchair":null,"inAcademicArea":false,"entrances":0},"geometry":{"type":"Polygon","coordinates":[[[80.245619,26.508758],[80.245735,26.508839],[80.245783,26.508784],[80.245667,26.508703],[80.245619,26.508758]]]}},{"type":"Feature","properties":{"osmId":"way/682695220","name":null,"building":"yes","levels":null,"wheelchair":null,"inAcademicArea":false,"entrances":0},"geometry":{"type":"Polygon","coordinates":[[[80.246591,26.509469],[80.246482,26.509381],[80.24644,26.509423],[80.246549,26.509511],[80.246591,26.509469]]]}},{"type":"Feature","properties":{"osmId":"way/682695223","name":null,"building":"yes","levels":null,"wheelchair":null,"inAcademicArea":false,"entrances":0},"geometry":{"type":"Polygon","coordinates":[[[80.248591,26.507192],[80.24866,26.506923],[80.248447,26.50688],[80.248378,26.507148],[80.248591,26.507192]]]}},{"type":"Feature","properties":{"osmId":"way/682695224","name":null,"building":"yes","levels":null,"wheelchair":null,"inAcademicArea":false,"entrances":0},"geometry":{"type":"Polygon","coordinates":[[[80.245353,26.508039],[80.245301,26.507995],[80.245417,26.507886],[80.245468,26.50793],[80.245353,26.508039]]]}},{"type":"Feature","properties":{"osmId":"way/682695225","name":null,"building":"yes","levels":null,"wheelchair":null,"inAcademicArea":false,"entrances":0},"geometry":{"type":"Polygon","coordinates":[[[80.246271,26.509572],[80.246174,26.509497],[80.246246,26.509422],[80.246344,26.509497],[80.246271,26.509572]]]}},{"type":"Feature","properties":{"osmId":"way/682695228","name":null,"building":"yes","levels":null,"wheelchair":null,"inAcademicArea":false,"entrances":0},"geometry":{"type":"Polygon","coordinates":[[[80.245157,26.50816],[80.245108,26.508121],[80.245158,26.50807],[80.245201,26.508024],[80.24525,26.508061],[80.245157,26.50816]]]}},{"type":"Feature","properties":{"osmId":"way/682695229","name":null,"building":"yes","levels":null,"wheelchair":null,"inAcademicArea":false,"entrances":0},"geometry":{"type":"Polygon","coordinates":[[[80.246885,26.509065],[80.246772,26.508975],[80.246726,26.509022],[80.246839,26.509111],[80.246885,26.509065]]]}},{"type":"Feature","properties":{"osmId":"way/682695231","name":null,"building":"yes","levels":null,"wheelchair":null,"inAcademicArea":false,"entrances":0},"geometry":{"type":"Polygon","coordinates":[[[80.246956,26.509546],[80.247047,26.509614],[80.247134,26.509522],[80.247043,26.509454],[80.246956,26.509546]]]}},{"type":"Feature","properties":{"osmId":"way/682695235","name":null,"building":"yes","levels":null,"wheelchair":null,"inAcademicArea":false,"entrances":0},"geometry":{"type":"Polygon","coordinates":[[[80.246594,26.508984],[80.246557,26.508954],[80.246544,26.508967],[80.246406,26.508855],[80.246521,26.508742],[80.246695,26.508884],[80.246594,26.508984]]]}},{"type":"Feature","properties":{"osmId":"way/1135345389","name":null,"building":"residential","levels":null,"wheelchair":null,"inAcademicArea":false,"entrances":4},"geometry":{"type":"Polygon","coordinates":[[[80.242471,26.511183],[80.24257,26.511184],[80.242575,26.510828],[80.242476,26.510827],[80.242476,26.510876],[80.242474,26.510959],[80.242473,26.511048],[80.242472,26.511112],[80.242471,26.511183]]]}},{"type":"Feature","properties":{"osmId":"way/1135345390","name":null,"building":"residential","levels":null,"wheelchair":null,"inAcademicArea":false,"entrances":4},"geometry":{"type":"Polygon","coordinates":[[[80.24267,26.511575],[80.242765,26.511576],[80.242769,26.511229],[80.242673,26.511228],[80.242673,26.511283],[80.242672,26.511357],[80.242671,26.511451],[80.24267,26.511512],[80.24267,26.511575]]]}},{"type":"Feature","properties":{"osmId":"way/1135345391","name":null,"building":"residential","levels":null,"wheelchair":null,"inAcademicArea":false,"entrances":4},"geometry":{"type":"Polygon","coordinates":[[[80.24298,26.511581],[80.243072,26.511582],[80.243073,26.511516],[80.243073,26.511459],[80.243073,26.511398],[80.243074,26.511333],[80.243074,26.511271],[80.242982,26.511271],[80.24298,26.511581]]]}},{"type":"Feature","properties":{"osmId":"way/1135345392","name":null,"building":"residential","levels":null,"wheelchair":null,"inAcademicArea":false,"entrances":4},"geometry":{"type":"Polygon","coordinates":[[[80.242717,26.510903],[80.243078,26.510904],[80.243078,26.510832],[80.243029,26.510832],[80.242956,26.510832],[80.242873,26.510831],[80.242791,26.510831],[80.242718,26.510831],[80.242717,26.510903]]]}},{"type":"Feature","properties":{"osmId":"way/1135345393","name":null,"building":"residential","levels":null,"wheelchair":null,"inAcademicArea":false,"entrances":4},"geometry":{"type":"Polygon","coordinates":[[[80.24321,26.51117],[80.243287,26.511169],[80.243286,26.511101],[80.243285,26.511024],[80.243284,26.51096],[80.243284,26.510902],[80.243283,26.510843],[80.243206,26.510843],[80.24321,26.51117]]]}},{"type":"Feature","properties":{"osmId":"way/1138189976","name":"IIT Kanpur","building":"train_station","levels":"4","wheelchair":null,"inAcademicArea":false,"entrances":0},"geometry":{"type":"Polygon","coordinates":[[[80.248184,26.509567],[80.248657,26.50899],[80.248437,26.508845],[80.248283,26.509032],[80.248245,26.509007],[80.248121,26.509158],[80.248164,26.509187],[80.247968,26.509425],[80.248184,26.509567]]]}},{"type":"Feature","properties":{"osmId":"way/1144794388","name":"Gurdwara IIT Kanpur","building":"yes","levels":null,"wheelchair":null,"inAcademicArea":false,"entrances":0},"geometry":{"type":"Polygon","coordinates":[[[80.242641,26.507898],[80.242775,26.507816],[80.242679,26.50769],[80.242545,26.507772],[80.242604,26.50785],[80.242641,26.507898]]]}},{"type":"Feature","properties":{"osmId":"way/1154890624","name":"Electric Substation No 6","building":"yes","levels":null,"wheelchair":null,"inAcademicArea":false,"entrances":0},"geometry":{"type":"Polygon","coordinates":[[[80.24247,26.510072],[80.242475,26.509872],[80.242718,26.509877],[80.242713,26.510077],[80.24247,26.510072]]]}},{"type":"Feature","properties":{"osmId":"way/1163509996","name":null,"building":"residential","levels":null,"wheelchair":null,"inAcademicArea":false,"entrances":0},"geometry":{"type":"Polygon","coordinates":[[[80.242516,26.508392],[80.242517,26.508322],[80.242976,26.508328],[80.242975,26.508397],[80.242516,26.508392]]]}},{"type":"Feature","properties":{"osmId":"way/1163509997","name":null,"building":"residential","levels":null,"wheelchair":null,"inAcademicArea":false,"entrances":0},"geometry":{"type":"Polygon","coordinates":[[[80.242515,26.508651],[80.242516,26.508582],[80.242974,26.508587],[80.242973,26.508657],[80.242515,26.508651]]]}},{"type":"Feature","properties":{"osmId":"way/1163509998","name":null,"building":"residential","levels":null,"wheelchair":null,"inAcademicArea":false,"entrances":0},"geometry":{"type":"Polygon","coordinates":[[[80.242501,26.509042],[80.242502,26.508973],[80.24296,26.508978],[80.242959,26.509048],[80.242501,26.509042]]]}},{"type":"Feature","properties":{"osmId":"way/1163509999","name":null,"building":"residential","levels":null,"wheelchair":null,"inAcademicArea":false,"entrances":0},"geometry":{"type":"Polygon","coordinates":[[[80.242496,26.509298],[80.242497,26.509228],[80.242956,26.509234],[80.242955,26.509303],[80.242496,26.509298]]]}},{"type":"Feature","properties":{"osmId":"way/1453679945","name":null,"building":"yes","levels":null,"wheelchair":null,"inAcademicArea":false,"entrances":0},"geometry":{"type":"Polygon","coordinates":[[[80.245702,26.510828],[80.245784,26.510829],[80.245783,26.510958],[80.2457,26.510957],[80.245702,26.510828]]]}},{"type":"Feature","properties":{"osmId":"way/682695219","name":null,"building":"yes","levels":null,"wheelchair":null,"inAcademicArea":false,"entrances":0},"geometry":{"type":"Polygon","coordinates":[[[80.248799,26.506493],[80.248665,26.506351],[80.248901,26.506311],[80.248918,26.506418],[80.248799,26.506493]]]}},{"type":"Feature","properties":{"osmId":"way/741266861","name":null,"building":"yes","levels":null,"wheelchair":null,"inAcademicArea":false,"entrances":0},"geometry":{"type":"Polygon","coordinates":[[[80.22641,26.524751],[80.227017,26.525168],[80.227299,26.524838],[80.226692,26.524422],[80.22641,26.524751]]]}},{"type":"Feature","properties":{"osmId":"way/30904330","name":null,"building":"yes","levels":null,"wheelchair":null,"inAcademicArea":false,"entrances":0},"geometry":{"type":"Polygon","coordinates":[[[80.233106,26.51932],[80.233109,26.519505],[80.232963,26.519515],[80.232966,26.519429],[80.232968,26.519332],[80.233106,26.51932]]]}},{"type":"Feature","properties":{"osmId":"way/30904331","name":null,"building":"yes","levels":null,"wheelchair":null,"inAcademicArea":false,"entrances":0},"geometry":{"type":"Polygon","coordinates":[[[80.232805,26.519438],[80.232811,26.519343],[80.232968,26.519332],[80.232966,26.519429],[80.232805,26.519438]]]}}]}