{"type":"FeatureCollection","features":[{"type":"Feature","properties":{"osmId":"node/10605408146","kind":"entrance","name":null,"level":null,"check_date":null,"wheelchair":null,"inAcademicArea":false,"tags":"{\"entrance\":\"yes\"}","notes":null,"photo":null},"geometry":{"type":"Point","coordinates":[80.228988,26.504825]}},{"type":"Feature","properties":{"osmId":"node/10740508460","kind":"entrance","name":null,"level":null,"check_date":null,"wheelchair":null,"inAcademicArea":false,"tags":"{\"entrance\":\"yes\"}","notes":null,"photo":null},"geometry":{"type":"Point","coordinates":[80.228482,26.504084]}},{"type":"Feature","properties":{"osmId":"node/4316938706","kind":"crossing","name":null,"level":null,"check_date":null,"wheelchair":null,"inAcademicArea":false,"tags":"{\"highway\":\"crossing\"}","notes":null,"photo":null},"geometry":{"type":"Point","coordinates":[80.233054,26.504218]}},{"type":"Feature","properties":{"osmId":"node/10583124829","kind":"entrance","name":null,"level":null,"check_date":null,"wheelchair":null,"inAcademicArea":false,"tags":"{\"entrance\":\"yes\"}","notes":null,"photo":null},"geometry":{"type":"Point","coordinates":[80.233506,26.505741]}},{"type":"Feature","properties":{"osmId":"node/10605408143","kind":"drinking_water","name":null,"level":null,"check_date":null,"wheelchair":null,"inAcademicArea":false,"tags":"{\"amenity\":\"drinking_water\",\"man_made\":\"water_tap\"}","notes":null,"photo":null},"geometry":{"type":"Point","coordinates":[80.229179,26.504977]}},{"type":"Feature","properties":{"osmId":"node/10605408144","kind":"toilets","name":null,"level":null,"check_date":null,"wheelchair":null,"inAcademicArea":false,"tags":"{\"amenity\":\"toilets\",\"male\":\"yes\"}","notes":null,"photo":null},"geometry":{"type":"Point","coordinates":[80.229173,26.504967]}},{"type":"Feature","properties":{"osmId":"node/10605408145","kind":"entrance","name":null,"level":null,"check_date":null,"wheelchair":null,"inAcademicArea":false,"tags":"{\"entrance\":\"main\"}","notes":null,"photo":null},"geometry":{"type":"Point","coordinates":[80.229892,26.505265]}},{"type":"Feature","properties":{"osmId":"node/10605449483","kind":"entrance","name":null,"level":null,"check_date":null,"wheelchair":null,"inAcademicArea":false,"tags":"{\"entrance\":\"main\"}","notes":null,"photo":null},"geometry":{"type":"Point","coordinates":[80.234559,26.504737]}},{"type":"Feature","properties":{"osmId":"node/10740508459","kind":"entrance","name":null,"level":null,"check_date":null,"wheelchair":null,"inAcademicArea":false,"tags":"{\"entrance\":\"yes\"}","notes":null,"photo":null},"geometry":{"type":"Point","coordinates":[80.229703,26.50451]}},{"type":"Feature","properties":{"osmId":"node/13647856520","kind":"entrance","name":null,"level":null,"check_date":null,"wheelchair":null,"inAcademicArea":false,"tags":"{\"entrance\":\"yes\"}","notes":null,"photo":null},"geometry":{"type":"Point","coordinates":[80.229793,26.505264]}},{"type":"Feature","properties":{"osmId":"node/2993038944","kind":"entrance","name":null,"level":null,"check_date":null,"wheelchair":null,"inAcademicArea":false,"tags":"{\"entrance\":\"yes\"}","notes":null,"photo":null},"geometry":{"type":"Point","coordinates":[80.236676,26.504861]}},{"type":"Feature","properties":{"osmId":"node/2993038945","kind":"entrance","name":null,"level":null,"check_date":null,"wheelchair":null,"inAcademicArea":false,"tags":"{\"entrance\":\"yes\"}","notes":null,"photo":null},"geometry":{"type":"Point","coordinates":[80.236696,26.504861]}},{"type":"Feature","properties":{"osmId":"node/10796940660","kind":"entrance","name":null,"level":null,"check_date":null,"wheelchair":null,"inAcademicArea":false,"tags":"{\"entrance\":\"yes\"}","notes":null,"photo":null},"geometry":{"type":"Point","coordinates":[80.236155,26.504846]}},{"type":"Feature","properties":{"osmId":"node/10796940662","kind":"entrance","name":null,"level":null,"check_date":null,"wheelchair":null,"inAcademicArea":false,"tags":"{\"entrance\":\"yes\"}","notes":null,"photo":null},"geometry":{"type":"Point","coordinates":[80.236175,26.504846]}},{"type":"Feature","properties":{"osmId":"node/10796940670","kind":"entrance","name":null,"level":null,"check_date":null,"wheelchair":null,"inAcademicArea":false,"tags":"{\"entrance\":\"yes\"}","notes":null,"photo":null},"geometry":{"type":"Point","coordinates":[80.23576,26.504858]}},{"type":"Feature","properties":{"osmId":"node/10796940672","kind":"entrance","name":null,"level":null,"check_date":null,"wheelchair":null,"inAcademicArea":false,"tags":"{\"entrance\":\"yes\"}","notes":null,"photo":null},"geometry":{"type":"Point","coordinates":[80.23578,26.504858]}},{"type":"Feature","properties":{"osmId":"node/10796940680","kind":"entrance","name":null,"level":null,"check_date":null,"wheelchair":null,"inAcademicArea":false,"tags":"{\"entrance\":\"yes\"}","notes":null,"photo":null},"geometry":{"type":"Point","coordinates":[80.236153,26.504469]}},{"type":"Feature","properties":{"osmId":"node/10796940682","kind":"entrance","name":null,"level":null,"check_date":null,"wheelchair":null,"inAcademicArea":false,"tags":"{\"entrance\":\"yes\"}","notes":null,"photo":null},"geometry":{"type":"Point","coordinates":[80.236173,26.504469]}},{"type":"Feature","properties":{"osmId":"node/10796940690","kind":"entrance","name":null,"level":null,"check_date":null,"wheelchair":null,"inAcademicArea":false,"tags":"{\"entrance\":\"yes\"}","notes":null,"photo":null},"geometry":{"type":"Point","coordinates":[80.235775,26.504437]}},{"type":"Feature","properties":{"osmId":"node/10796940692","kind":"entrance","name":null,"level":null,"check_date":null,"wheelchair":null,"inAcademicArea":false,"tags":"{\"entrance\":\"yes\"}","notes":null,"photo":null},"geometry":{"type":"Point","coordinates":[80.235795,26.504437]}},{"type":"Feature","properties":{"osmId":"node/10796940697","kind":"entrance","name":null,"level":null,"check_date":null,"wheelchair":null,"inAcademicArea":false,"tags":"{\"entrance\":\"yes\"}","notes":null,"photo":null},"geometry":{"type":"Point","coordinates":[80.235788,26.504012]}},{"type":"Feature","properties":{"osmId":"node/10796978605","kind":"entrance","name":null,"level":null,"check_date":null,"wheelchair":null,"inAcademicArea":false,"tags":"{\"entrance\":\"yes\"}","notes":null,"photo":null},"geometry":{"type":"Point","coordinates":[80.235768,26.504012]}},{"type":"Feature","properties":{"osmId":"node/10583209415","kind":"toilets","name":null,"level":null,"check_date":null,"wheelchair":null,"inAcademicArea":false,"tags":"{\"amenity\":\"toilets\",\"female\":\"yes\"}","notes":null,"photo":null},"geometry":{"type":"Point","coordinates":[80.2281,26.509432]}},{"type":"Feature","properties":{"osmId":"node/10583209416","kind":"toilets","name":null,"level":null,"check_date":null,"wheelchair":null,"inAcademicArea":false,"tags":"{\"amenity\":\"toilets\",\"female\":\"yes\"}","notes":null,"photo":null},"geometry":{"type":"Point","coordinates":[80.226384,26.506085]}},{"type":"Feature","properties":{"osmId":"node/10605449472","kind":"entrance","name":null,"level":null,"check_date":null,"wheelchair":null,"inAcademicArea":false,"tags":"{\"entrance\":\"main\"}","notes":null,"photo":null},"geometry":{"type":"Point","coordinates":[80.229023,26.509678]}},{"type":"Feature","properties":{"osmId":"node/10605449478","kind":"entrance","name":null,"level":null,"check_date":null,"wheelchair":null,"inAcademicArea":false,"tags":"{\"entrance\":\"main\"}","notes":null,"photo":null},"geometry":{"type":"Point","coordinates":[80.228848,26.506471]}},{"type":"Feature","properties":{"osmId":"node/10775939733","kind":"entrance","name":null,"level":null,"check_date":null,"wheelchair":null,"inAcademicArea":false,"tags":"{\"entrance\":\"main\"}","notes":null,"photo":null},"geometry":{"type":"Point","coordinates":[80.228287,26.511845]}},{"type":"Feature","properties":{"osmId":"node/10803686709","kind":"drinking_water","name":null,"level":null,"check_date":null,"wheelchair":null,"inAcademicArea":false,"tags":"{\"amenity\":\"drinking_water\",\"bottle\":\"yes\",\"fee\":\"no\"}","notes":null,"photo":null},"geometry":{"type":"Point","coordinates":[80.228615,26.510103]}},{"type":"Feature","properties":{"osmId":"node/10803686710","kind":"drinking_water","name":null,"level":null,"check_date":null,"wheelchair":null,"inAcademicArea":false,"tags":"{\"amenity\":\"drinking_water\",\"bottle\":\"yes\",\"fee\":\"no\"}","notes":null,"photo":null},"geometry":{"type":"Point","coordinates":[80.228113,26.510024]}},{"type":"Feature","properties":{"osmId":"node/683476020","kind":"crossing","name":null,"level":null,"check_date":null,"wheelchair":null,"inAcademicArea":false,"tags":"{\"highway\":\"crossing\"}","notes":null,"photo":null},"geometry":{"type":"Point","coordinates":[80.230752,26.508073]}},{"type":"Feature","properties":{"osmId":"node/2734116498","kind":"entrance","name":null,"level":"0","check_date":null,"wheelchair":"yes","inAcademicArea":true,"tags":"{\"entrance\":\"yes\",\"indoor\":\"door\",\"level\":\"0\",\"wheelchair\":\"yes\"}","notes":null,"photo":null},"geometry":{"type":"Point","coordinates":[80.232578,26.510935]}},{"type":"Feature","properties":{"osmId":"node/9058008322","kind":"crossing","name":null,"level":null,"check_date":null,"wheelchair":null,"inAcademicArea":true,"tags":"{\"highway\":\"crossing\"}","notes":null,"photo":null},"geometry":{"type":"Point","coordinates":[80.232367,26.512376]}},{"type":"Feature","properties":{"osmId":"node/10605366657","kind":"toilets","name":null,"level":"1","check_date":null,"wheelchair":"yes","inAcademicArea":true,"tags":"{\"amenity\":\"toilets\",\"level\":\"1\",\"wheelchair\":\"yes\"}","notes":null,"photo":null},"geometry":{"type":"Point","coordinates":[80.233151,26.510847]}},{"type":"Feature","properties":{"osmId":"node/10605449473","kind":"entrance","name":null,"level":null,"check_date":null,"wheelchair":null,"inAcademicArea":true,"tags":"{\"entrance\":\"main\"}","notes":null,"photo":null},"geometry":{"type":"Point","coordinates":[80.230661,26.510607]}},{"type":"Feature","properties":{"osmId":"node/10605449474","kind":"entrance","name":null,"level":null,"check_date":null,"wheelchair":null,"inAcademicArea":false,"tags":"{\"entrance\":\"main\"}","notes":null,"photo":null},"geometry":{"type":"Point","coordinates":[80.230837,26.509463]}},{"type":"Feature","properties":{"osmId":"node/10605449475","kind":"entrance","name":null,"level":null,"check_date":null,"wheelchair":null,"inAcademicArea":false,"tags":"{\"entrance\":\"yes\"}","notes":null,"photo":null},"geometry":{"type":"Point","coordinates":[80.232659,26.509699]}},{"type":"Feature","properties":{"osmId":"node/10605449476","kind":"entrance","name":null,"level":null,"check_date":null,"wheelchair":null,"inAcademicArea":false,"tags":"{\"entrance\":\"main\"}","notes":null,"photo":null},"geometry":{"type":"Point","coordinates":[80.230682,26.508375]}},{"type":"Feature","properties":{"osmId":"node/10605449477","kind":"entrance","name":null,"level":null,"check_date":null,"wheelchair":null,"inAcademicArea":false,"tags":"{\"entrance\":\"yes\"}","notes":null,"photo":null},"geometry":{"type":"Point","coordinates":[80.230824,26.507061]}},{"type":"Feature","properties":{"osmId":"node/10605449480","kind":"entrance","name":null,"level":null,"check_date":null,"wheelchair":null,"inAcademicArea":false,"tags":"{\"entrance\":\"main\"}","notes":null,"photo":null},"geometry":{"type":"Point","coordinates":[80.232992,26.507942]}},{"type":"Feature","properties":{"osmId":"node/10605449486","kind":"entrance","name":null,"level":null,"check_date":null,"wheelchair":null,"inAcademicArea":false,"tags":"{\"entrance\":\"yes\"}","notes":null,"photo":null},"geometry":{"type":"Point","coordinates":[80.232723,26.507048]}},{"type":"Feature","properties":{"osmId":"node/10605449494","kind":"entrance","name":null,"level":null,"check_date":null,"wheelchair":null,"inAcademicArea":false,"tags":"{\"entrance\":\"main\"}","notes":null,"photo":null},"geometry":{"type":"Point","coordinates":[80.232804,26.509186]}},{"type":"Feature","properties":{"osmId":"node/10605449495","kind":"entrance","name":null,"level":null,"check_date":null,"wheelchair":null,"inAcademicArea":false,"tags":"{\"entrance\":\"main\"}","notes":null,"photo":null},"geometry":{"type":"Point","coordinates":[80.231258,26.508105]}},{"type":"Feature","properties":{"osmId":"node/10656632243","kind":"toilets","name":null,"level":null,"check_date":null,"wheelchair":null,"inAcademicArea":false,"tags":"{\"amenity\":\"toilets\"}","notes":null,"photo":null},"geometry":{"type":"Point","coordinates":[80.232961,26.508973]}},{"type":"Feature","properties":{"osmId":"node/13647856596","kind":"entrance","name":null,"level":"1","check_date":null,"wheelchair":"yes","inAcademicArea":true,"tags":"{\"entrance\":\"yes\",\"level\":\"1\",\"wheelchair\":\"yes\"}","notes":null,"photo":null},"geometry":{"type":"Point","coordinates":[80.234,26.512463]}},{"type":"Feature","properties":{"osmId":"node/13649048360","kind":"entrance","name":null,"level":"1","check_date":null,"wheelchair":"yes","inAcademicArea":true,"tags":"{\"door\":\"yes\",\"entrance\":\"yes\",\"level\":\"1\",\"wheelchair\":\"yes\"}","notes":null,"photo":null},"geometry":{"type":"Point","coordinates":[80.232516,26.510885]}},{"type":"Feature","properties":{"osmId":"node/13649048372","kind":"entrance","name":null,"level":"1","check_date":null,"wheelchair":"yes","inAcademicArea":true,"tags":"{\"entrance\":\"yes\",\"indoor\":\"door\",\"level\":\"1\",\"wheelchair\":\"yes\"}","notes":null,"photo":null},"geometry":{"type":"Point","coordinates":[80.232354,26.511079]}},{"type":"Feature","properties":{"osmId":"node/13649048446","kind":"entrance","name":null,"level":"1","check_date":null,"wheelchair":"yes","inAcademicArea":true,"tags":"{\"entrance\":\"yes\",\"level\":\"1\",\"wheelchair\":\"yes\"}","notes":null,"photo":null},"geometry":{"type":"Point","coordinates":[80.232206,26.510826]}},{"type":"Feature","properties":{"osmId":"node/13649048447","kind":"entrance","name":null,"level":null,"check_date":null,"wheelchair":null,"inAcademicArea":true,"tags":"{\"entrance\":\"no\",\"ramp:wheelchair\":\"yes\"}","notes":null,"photo":null},"geometry":{"type":"Point","coordinates":[80.232508,26.511087]}},{"type":"Feature","properties":{"osmId":"node/13649274774","kind":"entrance","name":null,"level":"1","check_date":null,"wheelchair":"yes","inAcademicArea":true,"tags":"{\"door\":\"yes\",\"entrance\":\"yes\",\"level\":\"1\",\"wheelchair\":\"yes\"}","notes":null,"photo":null},"geometry":{"type":"Point","coordinates":[80.232167,26.510963]}},{"type":"Feature","properties":{"osmId":"node/13657840007","kind":"entrance","name":null,"level":"0","check_date":null,"wheelchair":"no","inAcademicArea":true,"tags":"{\"entrance\":\"main\",\"indoor\":\"door\",\"level\":\"0\",\"wheelchair\":\"no\"}","notes":null,"photo":null},"geometry":{"type":"Point","coordinates":[80.232387,26.511143]}},{"type":"Feature","properties":{"osmId":"node/13657840009","kind":"entrance","name":null,"level":"1","check_date":null,"wheelchair":"yes","inAcademicArea":true,"tags":"{\"entrance\":\"yes\",\"indoor\":\"door\",\"level\":\"1\",\"wheelchair\":\"yes\"}","notes":null,"photo":null},"geometry":{"type":"Point","coordinates":[80.2324,26.511071]}},{"type":"Feature","properties":{"osmId":"node/13657840015","kind":"entrance","name":null,"level":"1","check_date":null,"wheelchair":"yes","inAcademicArea":true,"tags":"{\"entrance\":\"yes\",\"level\":\"1\",\"wheelchair\":\"yes\"}","notes":null,"photo":null},"geometry":{"type":"Point","coordinates":[80.232487,26.511023]}},{"type":"Feature","properties":{"osmId":"node/13657840016","kind":"entrance","name":null,"level":"1","check_date":null,"wheelchair":"yes","inAcademicArea":true,"tags":"{\"entrance\":\"yes\",\"level\":\"1\",\"wheelchair\":\"yes\"}","notes":null,"photo":null},"geometry":{"type":"Point","coordinates":[80.232509,26.510985]}},{"type":"Feature","properties":{"osmId":"node/13657840023","kind":"entrance","name":null,"level":"1","check_date":null,"wheelchair":"yes","inAcademicArea":true,"tags":"{\"entrance\":\"yes\",\"level\":\"1\",\"wheelchair\":\"yes\"}","notes":null,"photo":null},"geometry":{"type":"Point","coordinates":[80.232491,26.510843]}},{"type":"Feature","properties":{"osmId":"node/13657840024","kind":"entrance","name":null,"level":"1","check_date":null,"wheelchair":"yes","inAcademicArea":true,"tags":"{\"entrance\":\"yes\",\"level\":\"1\",\"wheelchair\":\"yes\"}","notes":null,"photo":null},"geometry":{"type":"Point","coordinates":[80.232407,26.510783]}},{"type":"Feature","properties":{"osmId":"node/13657840027","kind":"entrance","name":null,"level":"1","check_date":null,"wheelchair":"yes","inAcademicArea":true,"tags":"{\"entrance\":\"yes\",\"level\":\"1\",\"wheelchair\":\"yes\"}","notes":null,"photo":null},"geometry":{"type":"Point","coordinates":[80.232246,26.510796]}},{"type":"Feature","properties":{"osmId":"node/13657840030","kind":"entrance","name":null,"level":"1","check_date":null,"wheelchair":"yes","inAcademicArea":true,"tags":"{\"entrance\":\"yes\",\"level\":\"1\",\"wheelchair\":\"yes\"}","notes":null,"photo":null},"geometry":{"type":"Point","coordinates":[80.232167,26.510913]}},{"type":"Feature","properties":{"osmId":"node/13657840031","kind":"entrance","name":null,"level":"1","check_date":null,"wheelchair":"yes","inAcademicArea":true,"tags":"{\"entrance\":\"yes\",\"level\":\"1\",\"wheelchair\":\"yes\"}","notes":null,"photo":null},"geometry":{"type":"Point","coordinates":[80.232167,26.510963]}},{"type":"Feature","properties":{"osmId":"node/13657840034","kind":"entrance","name":null,"level":"1","check_date":null,"wheelchair":"yes","inAcademicArea":true,"tags":"{\"entrance\":\"yes\",\"level\":\"1\",\"wheelchair\":\"yes\"}","notes":null,"photo":null},"geometry":{"type":"Point","coordinates":[80.232248,26.511078]}},{"type":"Feature","properties":{"osmId":"node/13657840064","kind":"entrance","name":null,"level":"1","check_date":null,"wheelchair":"yes","inAcademicArea":true,"tags":"{\"door\":\"yes\",\"entrance\":\"yes\",\"level\":\"1\",\"wheelchair\":\"yes\"}","notes":null,"photo":null},"geometry":{"type":"Point","coordinates":[80.232407,26.510784]}},{"type":"Feature","properties":{"osmId":"node/13657840065","kind":"entrance","name":null,"level":"1","check_date":null,"wheelchair":"yes","inAcademicArea":true,"tags":"{\"entrance\":\"yes\",\"level\":\"1\",\"wheelchair\":\"yes\"}","notes":null,"photo":null},"geometry":{"type":"Point","coordinates":[80.232355,26.510773]}},{"type":"Feature","properties":{"osmId":"node/13657840066","kind":"entrance","name":null,"level":"1","check_date":null,"wheelchair":"yes","inAcademicArea":true,"tags":"{\"door\":\"yes\",\"entrance\":\"yes\",\"level\":\"1\",\"wheelchair\":\"yes\"}","notes":null,"photo":null},"geometry":{"type":"Point","coordinates":[80.232246,26.510796]}},{"type":"Feature","properties":{"osmId":"node/13657840067","kind":"entrance","name":null,"level":"1","check_date":null,"wheelchair":"yes","inAcademicArea":true,"tags":"{\"door\":\"yes\",\"entrance\":\"yes\",\"level\":\"1\",\"wheelchair\":\"yes\"}","notes":null,"photo":null},"geometry":{"type":"Point","coordinates":[80.232491,26.510843]}},{"type":"Feature","properties":{"osmId":"node/13657840071","kind":"entrance","name":null,"level":"1","check_date":null,"wheelchair":"yes","inAcademicArea":true,"tags":"{\"door\":\"yes\",\"entrance\":\"yes\",\"level\":\"1\",\"wheelchair\":\"yes\"}","notes":null,"photo":null},"geometry":{"type":"Point","coordinates":[80.232509,26.510985]}},{"type":"Feature","properties":{"osmId":"node/13657840072","kind":"entrance","name":null,"level":"1","check_date":null,"wheelchair":"yes","inAcademicArea":true,"tags":"{\"door\":\"yes\",\"entrance\":\"yes\",\"level\":\"1\",\"wheelchair\":\"yes\"}","notes":null,"photo":null},"geometry":{"type":"Point","coordinates":[80.232487,26.511023]}},{"type":"Feature","properties":{"osmId":"node/13657840089","kind":"entrance","name":null,"level":"1","check_date":null,"wheelchair":"yes","inAcademicArea":true,"tags":"{\"entrance\":\"yes\",\"level\":\"1\",\"wheelchair\":\"yes\"}","notes":null,"photo":null},"geometry":{"type":"Point","coordinates":[80.232206,26.511049]}},{"type":"Feature","properties":{"osmId":"node/13657840095","kind":"entrance","name":null,"level":"1","check_date":null,"wheelchair":"yes","inAcademicArea":true,"tags":"{\"door\":\"yes\",\"entrance\":\"yes\",\"level\":\"1\",\"wheelchair\":\"yes\"}","notes":null,"photo":null},"geometry":{"type":"Point","coordinates":[80.232167,26.510913]}},{"type":"Feature","properties":{"osmId":"node/14152368332","kind":"entrance","name":null,"level":"1","check_date":null,"wheelchair":"yes","inAcademicArea":true,"tags":"{\"entrance\":\"yes\",\"level\":\"1\",\"wheelchair\":\"yes\"}","notes":null,"photo":null},"geometry":{"type":"Point","coordinates":[80.23318,26.511429]}},{"type":"Feature","properties":{"osmId":"node/14152368333","kind":"entrance","name":null,"level":"1","check_date":null,"wheelchair":"yes","inAcademicArea":true,"tags":"{\"entrance\":\"yes\",\"level\":\"1\",\"wheelchair\":\"yes\"}","notes":null,"photo":null},"geometry":{"type":"Point","coordinates":[80.233195,26.511477]}},{"type":"Feature","properties":{"osmId":"node/14152368334","kind":"entrance","name":null,"level":"1","check_date":null,"wheelchair":"yes","inAcademicArea":true,"tags":"{\"entrance\":\"yes\",\"level\":\"1\",\"wheelchair\":\"yes\"}","notes":null,"photo":null},"geometry":{"type":"Point","coordinates":[80.232613,26.511425]}},{"type":"Feature","properties":{"osmId":"node/14152368335","kind":"entrance","name":null,"level":"1","check_date":null,"wheelchair":"yes","inAcademicArea":true,"tags":"{\"entrance\":\"yes\",\"level\":\"1\",\"wheelchair\":\"yes\"}","notes":null,"photo":null},"geometry":{"type":"Point","coordinates":[80.23263,26.511477]}},{"type":"Feature","properties":{"osmId":"node/14152387419","kind":"entrance","name":null,"level":"1","check_date":null,"wheelchair":"yes","inAcademicArea":true,"tags":"{\"entrance\":\"yes\",\"level\":\"1\",\"wheelchair\":\"yes\"}","notes":null,"photo":null},"geometry":{"type":"Point","coordinates":[80.232945,26.511171]}},{"type":"Feature","properties":{"osmId":"node/14152492796","kind":"entrance","name":null,"level":"1","check_date":null,"wheelchair":"yes","inAcademicArea":true,"tags":"{\"entrance\":\"yes\",\"level\":\"1\",\"wheelchair\":\"yes\"}","notes":null,"photo":null},"geometry":{"type":"Point","coordinates":[80.23273,26.511185]}},{"type":"Feature","properties":{"osmId":"node/14152492797","kind":"entrance","name":null,"level":"1","check_date":null,"wheelchair":"yes","inAcademicArea":true,"tags":"{\"entrance\":\"yes\",\"indoor\":\"door\",\"level\":\"1\",\"wheelchair\":\"yes\"}","notes":null,"photo":null},"geometry":{"type":"Point","coordinates":[80.23259,26.510955]}},{"type":"Feature","properties":{"osmId":"node/14152500569","kind":"entrance","name":null,"level":"1","check_date":null,"wheelchair":"yes","inAcademicArea":true,"tags":"{\"entrance\":\"yes\",\"level\":\"1\",\"wheelchair\":\"yes\"}","notes":null,"photo":null},"geometry":{"type":"Point","coordinates":[80.232841,26.511689]}},{"type":"Feature","properties":{"osmId":"node/14152500570","kind":"entrance","name":null,"level":"1","check_date":null,"wheelchair":"yes","inAcademicArea":true,"tags":"{\"entrance\":\"yes\",\"level\":\"1\",\"wheelchair\":\"yes\"}","notes":null,"photo":null},"geometry":{"type":"Point","coordinates":[80.232957,26.511686]}},{"type":"Feature","properties":{"osmId":"node/14152500571","kind":"entrance","name":null,"level":"1","check_date":null,"wheelchair":"yes","inAcademicArea":true,"tags":"{\"entrance\":\"yes\",\"level\":\"1\",\"wheelchair\":\"yes\"}","notes":null,"photo":null},"geometry":{"type":"Point","coordinates":[80.233008,26.51162]}},{"type":"Feature","properties":{"osmId":"node/14152528242","kind":"drinking_water","name":null,"level":"1","check_date":null,"wheelchair":"yes","inAcademicArea":true,"tags":"{\"amenity\":\"drinking_water\",\"level\":\"1\",\"wheelchair\":\"yes\"}","notes":null,"photo":null},"geometry":{"type":"Point","coordinates":[80.233464,26.511166]}},{"type":"Feature","properties":{"osmId":"node/14152528246","kind":"entrance","name":null,"level":"1","check_date":null,"wheelchair":"yes","inAcademicArea":true,"tags":"{\"entrance\":\"yes\",\"indoor\":\"door\",\"level\":\"1\",\"wheelchair\":\"yes\"}","notes":null,"photo":null},"geometry":{"type":"Point","coordinates":[80.233494,26.5112]}},{"type":"Feature","properties":{"osmId":"node/14152528248","kind":"entrance","name":null,"level":"1","check_date":null,"wheelchair":"yes","inAcademicArea":true,"tags":"{\"entrance\":\"yes\",\"indoor\":\"door\",\"level\":\"1\",\"wheelchair\":\"yes\"}","notes":null,"photo":null},"geometry":{"type":"Point","coordinates":[80.233442,26.511233]}},{"type":"Feature","properties":{"osmId":"node/14152556381","kind":"entrance","name":null,"level":"1","check_date":null,"wheelchair":"yes","inAcademicArea":true,"tags":"{\"entrance\":\"yes\",\"level\":\"1\",\"wheelchair\":\"yes\"}","notes":null,"photo":null},"geometry":{"type":"Point","coordinates":[80.233612,26.510665]}},{"type":"Feature","properties":{"osmId":"node/14152556382","kind":"entrance","name":null,"level":"1","check_date":null,"wheelchair":"yes","inAcademicArea":true,"tags":"{\"entrance\":\"yes\",\"level\":\"1\",\"wheelchair\":\"yes\"}","notes":null,"photo":null},"geometry":{"type":"Point","coordinates":[80.233544,26.510669]}},{"type":"Feature","properties":{"osmId":"node/14152575268","kind":"toilets","name":null,"level":"0","check_date":null,"wheelchair":"yes","inAcademicArea":true,"tags":"{\"amenity\":\"toilets\",\"level\":\"0\",\"wheelchair\":\"yes\"}","notes":null,"photo":null},"geometry":{"type":"Point","coordinates":[80.234012,26.510639]}},{"type":"Feature","properties":{"osmId":"node/14152575269","kind":"entrance","name":null,"level":"2","check_date":null,"wheelchair":"no","inAcademicArea":true,"tags":"{\"entrance\":\"yes\",\"indoor\":\"door\",\"level\":\"2\",\"wheelchair\":\"no\"}","notes":null,"photo":null},"geometry":{"type":"Point","coordinates":[80.234455,26.510783]}},{"type":"Feature","properties":{"osmId":"node/14152575270","kind":"entrance","name":null,"level":"2","check_date":null,"wheelchair":"yes","inAcademicArea":true,"tags":"{\"entrance\":\"yes\",\"indoor\":\"door\",\"level\":\"2\",\"wheelchair\":\"yes\"}","notes":null,"photo":null},"geometry":{"type":"Point","coordinates":[80.234438,26.510929]}},{"type":"Feature","properties":{"osmId":"node/14152575271","kind":"entrance","name":null,"level":"2","check_date":null,"wheelchair":"no","inAcademicArea":true,"tags":"{\"entrance\":\"yes\",\"indoor\":\"door\",\"level\":\"2\",\"wheelchair\":\"no\"}","notes":null,"photo":null},"geometry":{"type":"Point","coordinates":[80.234198,26.510637]}},{"type":"Feature","properties":{"osmId":"node/14152575272","kind":"entrance","name":null,"level":"2","check_date":null,"wheelchair":"yes","inAcademicArea":true,"tags":"{\"entrance\":\"yes\",\"indoor\":\"door\",\"level\":\"2\",\"wheelchair\":\"yes\"}","notes":null,"photo":null},"geometry":{"type":"Point","coordinates":[80.234059,26.510734]}},{"type":"Feature","properties":{"osmId":"node/14152575273","kind":"entrance","name":null,"level":"0","check_date":null,"wheelchair":"yes","inAcademicArea":true,"tags":"{\"entrance\":\"yes\",\"indoor\":\"door\",\"level\":\"0\",\"wheelchair\":\"yes\"}","notes":null,"photo":null},"geometry":{"type":"Point","coordinates":[80.234458,26.51076]}},{"type":"Feature","properties":{"osmId":"node/14152575274","kind":"entrance","name":null,"level":"0","check_date":null,"wheelchair":"yes","inAcademicArea":true,"tags":"{\"entrance\":\"yes\",\"indoor\":\"door\",\"level\":\"0\",\"wheelchair\":\"yes\"}","notes":null,"photo":null},"geometry":{"type":"Point","coordinates":[80.234189,26.510645]}},{"type":"Feature","properties":{"osmId":"node/14152575275","kind":"entrance","name":null,"level":"0","check_date":null,"wheelchair":"yes","inAcademicArea":true,"tags":"{\"entrance\":\"yes\",\"indoor\":\"door\",\"level\":\"0\",\"wheelchair\":\"yes\"}","notes":null,"photo":null},"geometry":{"type":"Point","coordinates":[80.234387,26.511006]}},{"type":"Feature","properties":{"osmId":"node/14152575276","kind":"entrance","name":null,"level":"0","check_date":null,"wheelchair":"yes","inAcademicArea":true,"tags":"{\"entrance\":\"yes\",\"indoor\":\"door\",\"level\":\"0\",\"wheelchair\":\"yes\"}","notes":null,"photo":null},"geometry":{"type":"Point","coordinates":[80.234217,26.510971]}},{"type":"Feature","properties":{"osmId":"node/14152575277","kind":"entrance","name":null,"level":"0","check_date":null,"wheelchair":"yes","inAcademicArea":true,"tags":"{\"entrance\":\"yes\",\"indoor\":\"door\",\"level\":\"0\",\"wheelchair\":\"yes\"}","notes":null,"photo":null},"geometry":{"type":"Point","coordinates":[80.234115,26.510914]}},{"type":"Feature","properties":{"osmId":"node/14152575278","kind":"entrance","name":null,"level":"0","check_date":null,"wheelchair":"yes","inAcademicArea":true,"tags":"{\"entrance\":\"yes\",\"indoor\":\"door\",\"level\":\"0\",\"wheelchair\":\"yes\"}","notes":null,"photo":null},"geometry":{"type":"Point","coordinates":[80.234025,26.510829]}},{"type":"Feature","properties":{"osmId":"node/14152575280","kind":"entrance","name":null,"level":"2","check_date":null,"wheelchair":"yes","inAcademicArea":true,"tags":"{\"entrance\":\"yes\",\"indoor\":\"door\",\"level\":\"2\",\"wheelchair\":\"yes\"}","notes":null,"photo":null},"geometry":{"type":"Point","coordinates":[80.234308,26.511007]}},{"type":"Feature","properties":{"osmId":"node/14152575283","kind":"entrance","name":null,"level":"2","check_date":null,"wheelchair":"yes","inAcademicArea":true,"tags":"{\"entrance\":\"yes\",\"indoor\":\"door\",\"level\":\"2\",\"wheelchair\":\"yes\"}","notes":null,"photo":null},"geometry":{"type":"Point","coordinates":[80.234073,26.510883]}},{"type":"Feature","properties":{"osmId":"node/14152583179","kind":"entrance","name":null,"level":"1","check_date":null,"wheelchair":"yes","inAcademicArea":true,"tags":"{\"door\":\"yes\",\"entrance\":\"yes\",\"level\":\"1\",\"wheelchair\":\"yes\"}","notes":null,"photo":null},"geometry":{"type":"Point","coordinates":[80.23219,26.510813]}},{"type":"Feature","properties":{"osmId":"node/14152583180","kind":"entrance","name":null,"level":"1","check_date":null,"wheelchair":"yes","inAcademicArea":true,"tags":"{\"door\":\"yes\",\"entrance\":\"yes\",\"level\":\"1\",\"wheelchair\":\"yes\"}","notes":null,"photo":null},"geometry":{"type":"Point","coordinates":[80.232354,26.510757]}},{"type":"Feature","properties":{"osmId":"node/14152583181","kind":"entrance","name":null,"level":"1","check_date":null,"wheelchair":"yes","inAcademicArea":true,"tags":"{\"door\":\"yes\",\"entrance\":\"yes\",\"level\":\"1\",\"wheelchair\":\"yes\"}","notes":null,"photo":null},"geometry":{"type":"Point","coordinates":[80.232403,26.511083]}},{"type":"Feature","properties":{"osmId":"node/14152583182","kind":"entrance","name":null,"level":"1","check_date":null,"wheelchair":"yes","inAcademicArea":true,"tags":"{\"door\":\"yes\",\"entrance\":\"yes\",\"level\":\"1\",\"wheelchair\":\"yes\"}","notes":null,"photo":null},"geometry":{"type":"Point","coordinates":[80.232354,26.51109]}},{"type":"Feature","properties":{"osmId":"node/14152583183","kind":"entrance","name":null,"level":"1","check_date":null,"wheelchair":"yes","inAcademicArea":true,"tags":"{\"door\":\"yes\",\"entrance\":\"yes\",\"level\":\"1\",\"wheelchair\":\"yes\"}","notes":null,"photo":null},"geometry":{"type":"Point","coordinates":[80.232256,26.511068]}},{"type":"Feature","properties":{"osmId":"node/14152583184","kind":"entrance","name":null,"level":"1","check_date":null,"wheelchair":"yes","inAcademicArea":true,"tags":"{\"door\":\"yes\",\"entrance\":\"yes\",\"level\":\"1\",\"wheelchair\":\"yes\"}","notes":null,"photo":null},"geometry":{"type":"Point","coordinates":[80.232215,26.511042]}},{"type":"Feature","properties":{"osmId":"node/14152583187","kind":"entrance","name":null,"level":"0","check_date":null,"wheelchair":"no","inAcademicArea":true,"tags":"{\"entrance\":\"yes\",\"indoor\":\"door\",\"level\":\"0\",\"wheelchair\":\"no\"}","notes":null,"photo":null},"geometry":{"type":"Point","coordinates":[80.23427,26.512075]}},{"type":"Feature","properties":{"osmId":"node/14152648919","kind":"elevator","name":null,"level":"0;1;2","check_date":null,"wheelchair":"yes","inAcademicArea":true,"tags":"{\"audio\":\"yes\",\"braille\":\"yes\",\"highway\":\"elevator\",\"level\":\"0;1;2\",\"wheelchair\":\"yes\"}","notes":null,"photo":null},"geometry":{"type":"Point","coordinates":[80.233906,26.510731]}},{"type":"Feature","properties":{"osmId":"node/14152665396","kind":"toilets","name":null,"level":"2","check_date":null,"wheelchair":"yes","inAcademicArea":true,"tags":"{\"amenity\":\"toilets\",\"level\":\"2\",\"wheelchair\":\"yes\"}","notes":null,"photo":null},"geometry":{"type":"Point","coordinates":[80.234017,26.510649]}},{"type":"Feature","properties":{"osmId":"node/14152665397","kind":"entrance","name":null,"level":"1","check_date":null,"wheelchair":"yes","inAcademicArea":true,"tags":"{\"entrance\":\"yes\",\"level\":\"1\",\"wheelchair\":\"yes\"}","notes":null,"photo":null},"geometry":{"type":"Point","coordinates":[80.233286,26.511128]}},{"type":"Feature","properties":{"osmId":"node/14152665399","kind":"entrance","name":null,"level":"1","check_date":null,"wheelchair":"yes","inAcademicArea":true,"tags":"{\"entrance\":\"yes\",\"level\":\"1\",\"wheelchair\":\"yes\"}","notes":null,"photo":null},"geometry":{"type":"Point","coordinates":[80.233386,26.511061]}},{"type":"Feature","properties":{"osmId":"node/14152665400","kind":"toilets","name":null,"level":"0","check_date":null,"wheelchair":"yes","inAcademicArea":true,"tags":"{\"amenity\":\"toilets\",\"level\":\"0\",\"wheelchair\":\"yes\"}","notes":null,"photo":null},"geometry":{"type":"Point","coordinates":[80.23316,26.510845]}},{"type":"Feature","properties":{"osmId":"node/14152693602","kind":"entrance","name":null,"level":"1","check_date":null,"wheelchair":"yes","inAcademicArea":true,"tags":"{\"entrance\":\"yes\",\"level\":\"1\",\"wheelchair\":\"yes\"}","notes":null,"photo":null},"geometry":{"type":"Point","coordinates":[80.233253,26.510909]}},{"type":"Feature","properties":{"osmId":"node/14152693603","kind":"entrance","name":null,"level":"1","check_date":null,"wheelchair":"yes","inAcademicArea":true,"tags":"{\"entrance\":\"yes\",\"level\":\"1\",\"wheelchair\":\"yes\"}","notes":null,"photo":null},"geometry":{"type":"Point","coordinates":[80.233226,26.510939]}},{"type":"Feature","properties":{"osmId":"node/14154375811","kind":"entrance","name":null,"level":"1","check_date":null,"wheelchair":"yes","inAcademicArea":true,"tags":"{\"entrance\":\"yes\",\"level\":\"1\",\"wheelchair\":\"yes\"}","notes":null,"photo":null},"geometry":{"type":"Point","coordinates":[80.232884,26.511171]}},{"type":"Feature","properties":{"osmId":"node/14154847825","kind":"entrance","name":null,"level":"1","check_date":null,"wheelchair":"yes","inAcademicArea":true,"tags":"{\"entrance\":\"yes\",\"level\":\"1\",\"wheelchair\":\"yes\"}","notes":null,"photo":null},"geometry":{"type":"Point","coordinates":[80.233491,26.51073]}},{"type":"Feature","properties":{"osmId":"node/14154847827","kind":"entrance","name":null,"level":"1","check_date":null,"wheelchair":"yes","inAcademicArea":true,"tags":"{\"entrance\":\"yes\",\"level\":\"1\",\"wheelchair\":\"yes\"}","notes":null,"photo":null},"geometry":{"type":"Point","coordinates":[80.233411,26.510721]}},{"type":"Feature","properties":{"osmId":"node/14154847831","kind":"entrance","name":null,"level":"1","check_date":null,"wheelchair":"yes","inAcademicArea":true,"tags":"{\"entrance\":\"yes\",\"level\":\"1\",\"wheelchair\":\"yes\"}","notes":null,"photo":null},"geometry":{"type":"Point","coordinates":[80.233758,26.510717]}},{"type":"Feature","properties":{"osmId":"node/14154847833","kind":"entrance","name":null,"level":"1","check_date":null,"wheelchair":"yes","inAcademicArea":true,"tags":"{\"entrance\":\"yes\",\"level\":\"1\",\"wheelchair\":\"yes\"}","notes":null,"photo":null},"geometry":{"type":"Point","coordinates":[80.233651,26.510736]}},{"type":"Feature","properties":{"osmId":"node/14154847836","kind":"entrance","name":null,"level":"1","check_date":null,"wheelchair":"yes","inAcademicArea":true,"tags":"{\"entrance\":\"yes\",\"level\":\"1\",\"wheelchair\":\"yes\"}","notes":null,"photo":null},"geometry":{"type":"Point","coordinates":[80.232865,26.511548]}},{"type":"Feature","properties":{"osmId":"node/14154847837","kind":"entrance","name":null,"level":"1","check_date":null,"wheelchair":"yes","inAcademicArea":true,"tags":"{\"entrance\":\"yes\",\"level\":\"1\",\"wheelchair\":\"yes\"}","notes":null,"photo":null},"geometry":{"type":"Point","coordinates":[80.232939,26.511546]}},{"type":"Feature","properties":{"osmId":"node/2734619313","kind":"toilets","name":null,"level":null,"check_date":null,"wheelchair":null,"inAcademicArea":true,"tags":"{\"amenity\":\"toilets\"}","notes":null,"photo":null},"geometry":{"type":"Point","coordinates":[80.236265,26.511768]}},{"type":"Feature","properties":{"osmId":"node/4316878454","kind":"entrance","name":null,"level":null,"check_date":null,"wheelchair":null,"inAcademicArea":true,"tags":"{\"entrance\":\"yes\"}","notes":null,"photo":null},"geometry":{"type":"Point","coordinates":[80.237344,26.509754]}},{"type":"Feature","properties":{"osmId":"node/8814004101","kind":"entrance","name":null,"level":null,"check_date":null,"wheelchair":null,"inAcademicArea":false,"tags":"{\"entrance\":\"yes\"}","notes":null,"photo":null},"geometry":{"type":"Point","coordinates":[80.238662,26.507184]}},{"type":"Feature","properties":{"osmId":"node/10562586748","kind":"drinking_water","name":null,"level":null,"check_date":null,"wheelchair":null,"inAcademicArea":true,"tags":"{\"amenity\":\"drinking_water\"}","notes":null,"photo":null},"geometry":{"type":"Point","coordinates":[80.236029,26.511762]}},{"type":"Feature","properties":{"osmId":"node/10583184901","kind":"entrance","name":null,"level":null,"check_date":null,"wheelchair":null,"inAcademicArea":false,"tags":"{\"addr:city\":\"Kanpur\",\"addr:housenumber\":\"333 Type 3\",\"addr:postcode\":\"208016\",\"entrance\":\"home\"}","notes":null,"photo":null},"geometry":{"type":"Point","coordinates":[80.241297,26.510878]}},{"type":"Feature","properties":{"osmId":"node/10583184902","kind":"entrance","name":null,"level":null,"check_date":null,"wheelchair":null,"inAcademicArea":false,"tags":"{\"addr:city\":\"Kanpur\",\"addr:housenumber\":\"334 Type 3\",\"addr:postcode\":\"208016\",\"entrance\":\"home\"}","notes":null,"photo":null},"geometry":{"type":"Point","coordinates":[80.241296,26.510954]}},{"type":"Feature","properties":{"osmId":"node/10583184903","kind":"entrance","name":null,"level":null,"check_date":null,"wheelchair":null,"inAcademicArea":false,"tags":"{\"addr:city\":\"Kanpur\",\"addr:housenumber\":\"335 Type 3\",\"addr:postcode\":\"208016\",\"entrance\":\"home\"}","notes":null,"photo":null},"geometry":{"type":"Point","coordinates":[80.241296,26.511033]}},{"type":"Feature","properties":{"osmId":"node/10583184904","kind":"entrance","name":null,"level":null,"check_date":null,"wheelchair":null,"inAcademicArea":false,"tags":"{\"addr:city\":\"Kanpur\",\"addr:housenumber\":\"336 Type 3\",\"addr:postcode\":\"208016\",\"entrance\":\"home\"}","notes":null,"photo":null},"geometry":{"type":"Point","coordinates":[80.241295,26.511114]}},{"type":"Feature","properties":{"osmId":"node/10583185009","kind":"entrance","name":null,"level":null,"check_date":null,"wheelchair":null,"inAcademicArea":false,"tags":"{\"addr:city\":\"Kanpur\",\"addr:housenumber\":\"337 Type 3\",\"addr:postcode\":\"208016\",\"entrance\":\"home\"}","notes":null,"photo":null},"geometry":{"type":"Point","coordinates":[80.241504,26.511263]}},{"type":"Feature","properties":{"osmId":"node/10583185010","kind":"entrance","name":null,"level":null,"check_date":null,"wheelchair":null,"inAcademicArea":false,"tags":"{\"addr:city\":\"Kanpur\",\"addr:housenumber\":\"338 Type 3\",\"addr:postcode\":\"208016\",\"entrance\":\"home\"}","notes":null,"photo":null},"geometry":{"type":"Point","coordinates":[80.241503,26.511341]}},{"type":"Feature","properties":{"osmId":"node/10583185011","kind":"entrance","name":null,"level":null,"check_date":null,"wheelchair":null,"inAcademicArea":false,"tags":"{\"addr:city\":\"Kanpur\",\"addr:housenumber\":\"339 Type 3\",\"addr:postcode\":\"208016\",\"entrance\":\"home\"}","notes":null,"photo":null},"geometry":{"type":"Point","coordinates":[80.241503,26.511428]}},{"type":"Feature","properties":{"osmId":"node/10583185012","kind":"entrance","name":null,"level":null,"check_date":null,"wheelchair":null,"inAcademicArea":false,"tags":"{\"addr:city\":\"Kanpur\",\"addr:housenumber\":\"340 Type 3\",\"addr:postcode\":\"208016\",\"entrance\":\"home\"}","notes":null,"photo":null},"geometry":{"type":"Point","coordinates":[80.241503,26.511512]}},{"type":"Feature","properties":{"osmId":"node/10583185017","kind":"entrance","name":null,"level":null,"check_date":null,"wheelchair":null,"inAcademicArea":false,"tags":"{\"addr:city\":\"Kanpur\",\"addr:housenumber\":\"329 Type 3\",\"addr:postcode\":\"208016\",\"entrance\":\"home\"}","notes":null,"photo":null},"geometry":{"type":"Point","coordinates":[80.241859,26.510817]}},{"type":"Feature","properties":{"osmId":"node/10583185018","kind":"entrance","name":null,"level":null,"check_date":null,"wheelchair":null,"inAcademicArea":false,"tags":"{\"addr:city\":\"Kanpur\",\"addr:housenumber\":\"330 Type 3\",\"addr:postcode\":\"208016\",\"entrance\":\"home\"}","notes":null,"photo":null},"geometry":{"type":"Point","coordinates":[80.241759,26.510815]}},{"type":"Feature","properties":{"osmId":"node/10583185019","kind":"entrance","name":null,"level":null,"check_date":null,"wheelchair":null,"inAcademicArea":false,"tags":"{\"addr:city\":\"Kanpur\",\"addr:housenumber\":\"331 Type 3\",\"addr:postcode\":\"208016\",\"entrance\":\"home\"}","notes":null,"photo":null},"geometry":{"type":"Point","coordinates":[80.241663,26.510814]}},{"type":"Feature","properties":{"osmId":"node/10583185020","kind":"entrance","name":null,"level":null,"check_date":null,"wheelchair":null,"inAcademicArea":false,"tags":"{\"addr:city\":\"Kanpur\",\"addr:housenumber\":\"332 Type 3\",\"addr:postcode\":\"208016\",\"entrance\":\"home\"}","notes":null,"photo":null},"geometry":{"type":"Point","coordinates":[80.241584,26.510813]}},{"type":"Feature","properties":{"osmId":"node/10583185025","kind":"entrance","name":null,"level":null,"check_date":null,"wheelchair":null,"inAcademicArea":false,"tags":"{\"addr:city\":\"Kanpur\",\"addr:housenumber\":\"324 Type 3\",\"addr:postcode\":\"208016\",\"entrance\":\"home\"}","notes":null,"photo":null},"geometry":{"type":"Point","coordinates":[80.241905,26.511294]}},{"type":"Feature","properties":{"osmId":"node/10583185026","kind":"entrance","name":null,"level":null,"check_date":null,"wheelchair":null,"inAcademicArea":false,"tags":"{\"addr:city\":\"Kanpur\",\"addr:housenumber\":\"323 Type 3\",\"addr:postcode\":\"208016\",\"entrance\":\"home\"}","notes":null,"photo":null},"geometry":{"type":"Point","coordinates":[80.241905,26.511361]}},{"type":"Feature","properties":{"osmId":"node/10583185027","kind":"entrance","name":null,"level":null,"check_date":null,"wheelchair":null,"inAcademicArea":false,"tags":"{\"addr:city\":\"Kanpur\",\"addr:housenumber\":\"322 Type 3\",\"addr:postcode\":\"208016\",\"entrance\":\"home\"}","notes":null,"photo":null},"geometry":{"type":"Point","coordinates":[80.241906,26.511437]}},{"type":"Feature","properties":{"osmId":"node/10583185028","kind":"entrance","name":null,"level":null,"check_date":null,"wheelchair":null,"inAcademicArea":false,"tags":"{\"addr:city\":\"Kanpur\",\"addr:housenumber\":\"321 Type 3\",\"addr:postcode\":\"208016\",\"entrance\":\"home\"}","notes":null,"photo":null},"geometry":{"type":"Point","coordinates":[80.241906,26.511511]}},{"type":"Feature","properties":{"osmId":"node/10583185033","kind":"entrance","name":null,"level":null,"check_date":null,"wheelchair":null,"inAcademicArea":false,"tags":"{\"addr:city\":\"Kanpur\",\"addr:housenumber\":\"325 Type 3\",\"addr:postcode\":\"208016\",\"entrance\":\"home\"}","notes":null,"photo":null},"geometry":{"type":"Point","coordinates":[80.242115,26.511108]}},{"type":"Feature","properties":{"osmId":"node/10583185034","kind":"entrance","name":null,"level":null,"check_date":null,"wheelchair":null,"inAcademicArea":false,"tags":"{\"addr:city\":\"Kanpur\",\"addr:housenumber\":\"326 Type 3\",\"addr:postcode\":\"208016\",\"entrance\":\"home\"}","notes":null,"photo":null},"geometry":{"type":"Point","coordinates":[80.242115,26.511036]}},{"type":"Feature","properties":{"osmId":"node/10583185035","kind":"entrance","name":null,"level":null,"check_date":null,"wheelchair":null,"inAcademicArea":false,"tags":"{\"addr:city\":\"Kanpur\",\"addr:housenumber\":\"327 Type 3\",\"addr:postcode\":\"208016\",\"entrance\":\"home\"}","notes":null,"photo":null},"geometry":{"type":"Point","coordinates":[80.242114,26.510942]}},{"type":"Feature","properties":{"osmId":"node/10583185036","kind":"entrance","name":null,"level":null,"check_date":null,"wheelchair":null,"inAcademicArea":false,"tags":"{\"addr:city\":\"Kanpur\",\"addr:housenumber\":\"328 Type 3\",\"addr:postcode\":\"208016\",\"entrance\":\"home\"}","notes":null,"photo":null},"geometry":{"type":"Point","coordinates":[80.242114,26.510865]}},{"type":"Feature","properties":{"osmId":"node/10772544368","kind":"entrance","name":null,"level":null,"check_date":null,"wheelchair":null,"inAcademicArea":true,"tags":"{\"entrance\":\"main\"}","notes":null,"photo":null},"geometry":{"type":"Point","coordinates":[80.238246,26.510604]}},{"type":"Feature","properties":{"osmId":"node/10772544369","kind":"entrance","name":null,"level":null,"check_date":null,"wheelchair":null,"inAcademicArea":true,"tags":"{\"entrance\":\"yes\"}","notes":null,"photo":null},"geometry":{"type":"Point","coordinates":[80.237403,26.510371]}},{"type":"Feature","properties":{"osmId":"node/10590409171","kind":"crossing","name":null,"level":null,"check_date":null,"wheelchair":null,"inAcademicArea":true,"tags":"{\"highway\":\"crossing\"}","notes":null,"photo":null},"geometry":{"type":"Point","coordinates":[80.234519,26.514575]}},{"type":"Feature","properties":{"osmId":"node/10583174672","kind":"entrance","name":null,"level":null,"check_date":null,"wheelchair":null,"inAcademicArea":false,"tags":"{\"addr:city\":\"Kanpur\",\"addr:housenumber\":\"313 Type 3\",\"addr:postcode\":\"208016\",\"entrance\":\"home\"}","notes":null,"photo":null},"geometry":{"type":"Point","coordinates":[80.242476,26.510876]}},{"type":"Feature","properties":{"osmId":"node/10583174673","kind":"entrance","name":null,"level":null,"check_date":null,"wheelchair":null,"inAcademicArea":false,"tags":"{\"addr:city\":\"Kanpur\",\"addr:housenumber\":\"314 Type 3\",\"addr:postcode\":\"208016\",\"entrance\":\"home\"}","notes":null,"photo":null},"geometry":{"type":"Point","coordinates":[80.242474,26.510959]}},{"type":"Feature","properties":{"osmId":"node/10583174674","kind":"entrance","name":null,"level":null,"check_date":null,"wheelchair":null,"inAcademicArea":false,"tags":"{\"addr:city\":\"Kanpur\",\"addr:housenumber\":\"315 Type 3\",\"addr:postcode\":\"208016\",\"entrance\":\"home\"}","notes":null,"photo":null},"geometry":{"type":"Point","coordinates":[80.242473,26.511048]}},{"type":"Feature","properties":{"osmId":"node/10583174675","kind":"entrance","name":null,"level":null,"check_date":null,"wheelchair":null,"inAcademicArea":false,"tags":"{\"addr:city\":\"Kanpur\",\"addr:housenumber\":\"316 Type 3\",\"addr:postcode\":\"208016\",\"entrance\":\"home\"}","notes":null,"photo":null},"geometry":{"type":"Point","coordinates":[80.242472,26.511112]}},{"type":"Feature","properties":{"osmId":"node/10583174676","kind":"entrance","name":null,"level":null,"check_date":null,"wheelchair":null,"inAcademicArea":false,"tags":"{\"addr:city\":\"Kanpur\",\"addr:housenumber\":\"317 Type 3\",\"addr:postcode\":\"208016\",\"entrance\":\"home\"}","notes":null,"photo":null},"geometry":{"type":"Point","coordinates":[80.242673,26.511283]}},{"type":"Feature","properties":{"osmId":"node/10583174677","kind":"entrance","name":null,"level":null,"check_date":null,"wheelchair":null,"inAcademicArea":false,"tags":"{\"addr:city\":\"Kanpur\",\"addr:housenumber\":\"318 Type 3\",\"addr:postcode\":\"208016\",\"entrance\":\"home\"}","notes":null,"photo":null},"geometry":{"type":"Point","coordinates":[80.242672,26.511357]}},{"type":"Feature","properties":{"osmId":"node/10583174678","kind":"entrance","name":null,"level":null,"check_date":null,"wheelchair":null,"inAcademicArea":false,"tags":"{\"addr:city\":\"Kanpur\",\"addr:housenumber\":\"319 Type 3\",\"addr:postcode\":\"208016\",\"entrance\":\"home\"}","notes":null,"photo":null},"geometry":{"type":"Point","coordinates":[80.242671,26.511451]}},{"type":"Feature","properties":{"osmId":"node/10583174679","kind":"entrance","name":null,"level":null,"check_date":null,"wheelchair":null,"inAcademicArea":false,"tags":"{\"addr:city\":\"Kanpur\",\"addr:housenumber\":\"320 Type 3\",\"addr:postcode\":\"208016\",\"entrance\":\"home\"}","notes":null,"photo":null},"geometry":{"type":"Point","coordinates":[80.24267,26.511512]}},{"type":"Feature","properties":{"osmId":"node/10583174680","kind":"entrance","name":null,"level":null,"check_date":null,"wheelchair":null,"inAcademicArea":false,"tags":"{\"addr:city\":\"Kanpur\",\"addr:housenumber\":\"309 Type 3\",\"addr:postcode\":\"208016\",\"entrance\":\"home\"}","notes":null,"photo":null},"geometry":{"type":"Point","coordinates":[80.243029,26.510832]}},{"type":"Feature","properties":{"osmId":"node/10583174681","kind":"entrance","name":null,"level":null,"check_date":null,"wheelchair":null,"inAcademicArea":false,"tags":"{\"addr:city\":\"Kanpur\",\"addr:housenumber\":\"310 Type 3\",\"addr:postcode\":\"208016\",\"entrance\":\"home\"}","notes":null,"photo":null},"geometry":{"type":"Point","coordinates":[80.242956,26.510832]}},{"type":"Feature","properties":{"osmId":"node/10583174682","kind":"entrance","name":null,"level":null,"check_date":null,"wheelchair":null,"inAcademicArea":false,"tags":"{\"addr:city\":\"Kanpur\",\"addr:housenumber\":\"311 Type 3\",\"addr:postcode\":\"208016\",\"entrance\":\"home\"}","notes":null,"photo":null},"geometry":{"type":"Point","coordinates":[80.242873,26.510831]}},{"type":"Feature","properties":{"osmId":"node/10583174683","kind":"entrance","name":null,"level":null,"check_date":null,"wheelchair":null,"inAcademicArea":false,"tags":"{\"addr:city\":\"Kanpur\",\"addr:housenumber\":\"312 Type 3\",\"addr:postcode\":\"208016\",\"entrance\":\"home\"}","notes":null,"photo":null},"geometry":{"type":"Point","coordinates":[80.242791,26.510831]}},{"type":"Feature","properties":{"osmId":"node/10583174688","kind":"entrance","name":null,"level":null,"check_date":null,"wheelchair":null,"inAcademicArea":false,"tags":"{\"addr:city\":\"Kanpur\",\"addr:housenumber\":\"301 Type 3\",\"addr:postcode\":\"208016\",\"entrance\":\"home\"}","notes":null,"photo":null},"geometry":{"type":"Point","coordinates":[80.243073,26.511516]}},{"type":"Feature","properties":{"osmId":"node/10583174689","kind":"entrance","name":null,"level":null,"check_date":null,"wheelchair":null,"inAcademicArea":false,"tags":"{\"addr:city\":\"Kanpur\",\"addr:housenumber\":\"302 Type 3\",\"addr:postcode\":\"208016\",\"entrance\":\"home\"}","notes":null,"photo":null},"geometry":{"type":"Point","coordinates":[80.243073,26.511459]}},{"type":"Feature","properties":{"osmId":"node/10583174690","kind":"entrance","name":null,"level":null,"check_date":null,"wheelchair":null,"inAcademicArea":false,"tags":"{\"addr:city\":\"Kanpur\",\"addr:housenumber\":\"303 Type 3\",\"addr:postcode\":\"208016\",\"entrance\":\"home\"}","notes":null,"photo":null},"geometry":{"type":"Point","coordinates":[80.243073,26.511398]}},{"type":"Feature","properties":{"osmId":"node/10583174691","kind":"entrance","name":null,"level":null,"check_date":null,"wheelchair":null,"inAcademicArea":false,"tags":"{\"addr:city\":\"Kanpur\",\"addr:housenumber\":\"304 Type 3\",\"addr:postcode\":\"208016\",\"entrance\":\"home\"}","notes":null,"photo":null},"geometry":{"type":"Point","coordinates":[80.243074,26.511333]}},{"type":"Feature","properties":{"osmId":"node/10583174692","kind":"entrance","name":null,"level":null,"check_date":null,"wheelchair":null,"inAcademicArea":false,"tags":"{\"addr:city\":\"Kanpur\",\"addr:housenumber\":\"305 Type 3\",\"addr:postcode\":\"208016\",\"entrance\":\"home\"}","notes":null,"photo":null},"geometry":{"type":"Point","coordinates":[80.243286,26.511101]}},{"type":"Feature","properties":{"osmId":"node/10583174693","kind":"entrance","name":null,"level":null,"check_date":null,"wheelchair":null,"inAcademicArea":false,"tags":"{\"addr:city\":\"Kanpur\",\"addr:housenumber\":\"306 Type 3\",\"addr:postcode\":\"208016\",\"entrance\":\"home\"}","notes":null,"photo":null},"geometry":{"type":"Point","coordinates":[80.243285,26.511024]}},{"type":"Feature","properties":{"osmId":"node/10583174694","kind":"entrance","name":null,"level":null,"check_date":null,"wheelchair":null,"inAcademicArea":false,"tags":"{\"addr:city\":\"Kanpur\",\"addr:housenumber\":\"307 Type 3\",\"addr:postcode\":\"208016\",\"entrance\":\"home\"}","notes":null,"photo":null},"geometry":{"type":"Point","coordinates":[80.243284,26.51096]}},{"type":"Feature","properties":{"osmId":"node/10583174695","kind":"entrance","name":null,"level":null,"check_date":null,"wheelchair":null,"inAcademicArea":false,"tags":"{\"addr:city\":\"Kanpur\",\"addr:housenumber\":\"308 Type 3\",\"addr:postcode\":\"208016\",\"entrance\":\"home\"}","notes":null,"photo":null},"geometry":{"type":"Point","coordinates":[80.243284,26.510902]}},{"type":"Feature","properties":{"osmId":"node/10654979743","kind":"entrance","name":null,"level":null,"check_date":null,"wheelchair":null,"inAcademicArea":false,"tags":"{\"entrance\":\"yes\"}","notes":null,"photo":null},"geometry":{"type":"Point","coordinates":[80.242429,26.507971]}},{"type":"Feature","properties":{"osmId":"node/13650129140","kind":"other","name":"Bikanervala","level":null,"check_date":null,"wheelchair":"no","inAcademicArea":false,"tags":"{\"name\":\"Bikanervala\",\"name:en\":\"Bikanervala\",\"name:hi\":\"बीकानेरवाला\",\"opening_hours\":\"08:00-22:30\",\"operator\":\"Bikanervala Private Limited\",\"shop\":\"confectionery\",\"wheelchair\":\"no\"}","notes":null,"photo":null},"geometry":{"type":"Point","coordinates":[80.248219,26.508894]}},{"type":"Feature","properties":{"osmId":"way/295571394","kind":"skywalk","name":null,"level":null,"check_date":null,"wheelchair":null,"inAcademicArea":false,"tags":"{\"access\":\"no\",\"bicycle\":\"no\",\"bridge\":\"yes\",\"foot\":\"destination\",\"highway\":\"footway\",\"horse\":\"no\",\"layer\":\"1\"}","notes":null,"photo":null},"geometry":{"type":"LineString","coordinates":[[80.236676,26.504861],[80.236696,26.504861]]}},{"type":"Feature","properties":{"osmId":"way/1160852758","kind":"skywalk","name":null,"level":null,"check_date":null,"wheelchair":null,"inAcademicArea":false,"tags":"{\"access\":\"no\",\"bicycle\":\"no\",\"bridge\":\"yes\",\"foot\":\"destination\",\"highway\":\"footway\",\"horse\":\"no\",\"layer\":\"1\"}","notes":null,"photo":null},"geometry":{"type":"LineString","coordinates":[[80.236155,26.504846],[80.236175,26.504846]]}},{"type":"Feature","properties":{"osmId":"way/1160852761","kind":"skywalk","name":null,"level":null,"check_date":null,"wheelchair":null,"inAcademicArea":false,"tags":"{\"access\":\"no\",\"bicycle\":\"no\",\"bridge\":\"yes\",\"foot\":\"destination\",\"highway\":\"footway\",\"horse\":\"no\",\"layer\":\"1\"}","notes":null,"photo":null},"geometry":{"type":"LineString","coordinates":[[80.23576,26.504858],[80.23578,26.504858]]}},{"type":"Feature","properties":{"osmId":"way/1160852764","kind":"skywalk","name":null,"level":null,"check_date":null,"wheelchair":null,"inAcademicArea":false,"tags":"{\"access\":\"no\",\"bicycle\":\"no\",\"bridge\":\"yes\",\"foot\":\"destination\",\"highway\":\"footway\",\"horse\":\"no\",\"layer\":\"1\"}","notes":null,"photo":null},"geometry":{"type":"LineString","coordinates":[[80.236153,26.504469],[80.236173,26.504469]]}},{"type":"Feature","properties":{"osmId":"way/1160852767","kind":"skywalk","name":null,"level":null,"check_date":null,"wheelchair":null,"inAcademicArea":false,"tags":"{\"access\":\"no\",\"bicycle\":\"no\",\"bridge\":\"yes\",\"foot\":\"destination\",\"highway\":\"footway\",\"horse\":\"no\",\"layer\":\"1\"}","notes":null,"photo":null},"geometry":{"type":"LineString","coordinates":[[80.235775,26.504437],[80.235795,26.504437]]}},{"type":"Feature","properties":{"osmId":"way/1160852770","kind":"skywalk","name":null,"level":null,"check_date":null,"wheelchair":null,"inAcademicArea":false,"tags":"{\"access\":\"no\",\"bicycle\":\"no\",\"bridge\":\"yes\",\"foot\":\"destination\",\"highway\":\"footway\",\"horse\":\"no\",\"layer\":\"1\"}","notes":null,"photo":null},"geometry":{"type":"LineString","coordinates":[[80.235768,26.504012],[80.235788,26.504012]]}},{"type":"Feature","properties":{"osmId":"way/152930190","kind":"other","name":"IITK Academic Area Corridors","level":"0","check_date":null,"wheelchair":"yes","inAcademicArea":true,"tags":"{\"highway\":\"footway\",\"level\":\"0\",\"name\":\"IITK Academic Area Corridors\",\"surface\":\"concrete\",\"wheelchair\":\"yes\",\"width\":\"2\"}","notes":null,"photo":null},"geometry":{"type":"LineString","coordinates":[[80.233102,26.511253],[80.23311,26.511244],[80.233243,26.511122],[80.233341,26.511031],[80.233528,26.510877],[80.233546,26.510869],[80.233577,26.51083],[80.233583,26.510786],[80.233599,26.510713]]}},{"type":"Feature","properties":{"osmId":"way/152930191","kind":"skywalk","name":"IITK Academic Area Corridors","level":"1","check_date":null,"wheelchair":"yes","inAcademicArea":true,"tags":"{\"bridge\":\"yes\",\"highway\":\"footway\",\"layer\":\"1\",\"level\":\"1\",\"name\":\"IITK Academic Area Corridors\",\"surface\":\"concrete\",\"wheelchair\":\"yes\",\"width\":\"2\"}","notes":null,"photo":null},"geometry":{"type":"LineString","coordinates":[[80.234792,26.511032],[80.234778,26.511655],[80.234747,26.512034],[80.234766,26.512034],[80.234729,26.512385],[80.234176,26.51238],[80.233999,26.512386],[80.233449,26.512375],[80.233022,26.512373],[80.232823,26.512375],[80.232648,26.512377],[80.232655,26.511734]]}},{"type":"Feature","properties":{"osmId":"way/1488889188","kind":"stairs","name":null,"level":"0;1","check_date":null,"wheelchair":"no","inAcademicArea":true,"tags":"{\"handrail\":\"yes\",\"highway\":\"steps\",\"incline\":\"down\",\"level\":\"0;1\",\"wheelchair\":\"no\"}","notes":null,"photo":null},"geometry":{"type":"LineString","coordinates":[[80.23327,26.511035],[80.233202,26.511097]]}},{"type":"Feature","properties":{"osmId":"way/1488889200","kind":"skywalk","name":null,"level":"1","check_date":null,"wheelchair":"yes","inAcademicArea":true,"tags":"{\"bridge\":\"yes\",\"highway\":\"footway\",\"layer\":\"1\",\"level\":\"1\",\"wheelchair\":\"yes\"}","notes":null,"photo":null},"geometry":{"type":"LineString","coordinates":[[80.23326,26.511005],[80.233279,26.511028],[80.233303,26.51106],[80.233347,26.51109],[80.233352,26.511094],[80.233446,26.511183],[80.233465,26.511201],[80.233519,26.511252]]}},{"type":"Feature","properties":{"osmId":"way/1489027369","kind":"skywalk","name":null,"level":"1","check_date":null,"wheelchair":"yes","inAcademicArea":true,"tags":"{\"bridge\":\"yes\",\"highway\":\"footway\",\"layer\":\"1\",\"level\":\"1\",\"wheelchair\":\"yes\"}","notes":null,"photo":null},"geometry":{"type":"LineString","coordinates":[[80.233557,26.510778],[80.233555,26.510867],[80.23347,26.51092],[80.233303,26.51106],[80.233269,26.511077],[80.233139,26.5112],[80.233074,26.511332],[80.233039,26.511356],[80.233039,26.511426],[80.23288,26.511421],[80.232716,26.511423],[80.232674,26.511436],[80.232612,26.511448],[80.232546,26.511455]]}},{"type":"Feature","properties":{"osmId":"way/1489040305","kind":"stairs","name":null,"level":"0","check_date":null,"wheelchair":"no","inAcademicArea":true,"tags":"{\"handrail:left\":\"yes\",\"highway\":\"steps\",\"incline\":\"up\",\"level\":\"0\",\"wheelchair\":\"no\"}","notes":null,"photo":null},"geometry":{"type":"LineString","coordinates":[[80.232498,26.510923],[80.232493,26.5109],[80.232554,26.510887],[80.23256,26.510925]]}},{"type":"Feature","properties":{"osmId":"way/1489040317","kind":"toilets","name":null,"level":"1","check_date":null,"wheelchair":"limited","inAcademicArea":true,"tags":"{\"access\":\"permissive\",\"amenity\":\"toilets\",\"fee\":\"no\",\"female\":\"yes\",\"level\":\"1\",\"toilets:disposal\":\"flush\",\"toilets:handwashing\":\"yes\",\"toilets:position\":\"squat\",\"wheelchair\":\"limited\"}","notes":null,"photo":null},"geometry":{"type":"LineString","coordinates":[[80.232392,26.510733],[80.232416,26.510738],[80.232426,26.510727],[80.23243,26.510713],[80.232426,26.510699],[80.232416,26.510688],[80.232402,26.510682],[80.232392,26.510733]]}},{"type":"Feature","properties":{"osmId":"way/1489040318","kind":"toilets","name":null,"level":"0","check_date":null,"wheelchair":"limited","inAcademicArea":true,"tags":"{\"access\":\"permissive\",\"amenity\":\"toilets\",\"fee\":\"no\",\"level\":\"0\",\"male\":\"yes\",\"toilets:disposal\":\"flush\",\"toilets:handwashing\":\"yes\",\"toilets:position\":\"squat;urinal\",\"wheelchair\":\"limited\"}","notes":null,"photo":null},"geometry":{"type":"LineString","coordinates":[[80.232392,26.510733],[80.232402,26.510682],[80.232386,26.510682],[80.232372,26.510688],[80.232362,26.510699],[80.232359,26.510713],[80.232362,26.510727],[80.232392,26.510733]]}},{"type":"Feature","properties":{"osmId":"way/1489040329","kind":"toilets","name":null,"level":"1","check_date":null,"wheelchair":"limited","inAcademicArea":true,"tags":"{\"access\":\"permissive\",\"amenity\":\"toilets\",\"fee\":\"no\",\"level\":\"1\",\"male\":\"yes\",\"toilets:disposal\":\"flush\",\"toilets:handwashing\":\"yes\",\"toilets:position\":\"squat;urinal\",\"wheelchair\":\"limited\"}","notes":null,"photo":null},"geometry":{"type":"LineString","coordinates":[[80.232392,26.510733],[80.232402,26.510682],[80.232386,26.510682],[80.232372,26.510688],[80.232362,26.510699],[80.232359,26.510713],[80.232362,26.510727],[80.232392,26.510733]]}},{"type":"Feature","properties":{"osmId":"way/1489040335","kind":"toilets","name":null,"level":"0","check_date":null,"wheelchair":"limited","inAcademicArea":true,"tags":"{\"access\":\"permissive\",\"amenity\":\"toilets\",\"fee\":\"no\",\"female\":\"yes\",\"level\":\"0\",\"toilets:disposal\":\"flush\",\"toilets:handwashing\":\"yes\",\"toilets:position\":\"squat\",\"wheelchair\":\"limited\"}","notes":null,"photo":null},"geometry":{"type":"LineString","coordinates":[[80.232392,26.510733],[80.232416,26.510738],[80.232426,26.510727],[80.23243,26.510713],[80.232426,26.510699],[80.232416,26.510688],[80.232402,26.510682],[80.232392,26.510733]]}},{"type":"Feature","properties":{"osmId":"way/1489089285","kind":"other","name":null,"level":"0","check_date":null,"wheelchair":"yes","inAcademicArea":true,"tags":"{\"highway\":\"footway\",\"level\":\"0\",\"wheelchair\":\"yes\"}","notes":null,"photo":null},"geometry":{"type":"LineString","coordinates":[[80.233365,26.511958],[80.233613,26.511969]]}},{"type":"Feature","properties":{"osmId":"way/1489089287","kind":"stairs","name":null,"level":"0;1","check_date":null,"wheelchair":"no","inAcademicArea":true,"tags":"{\"highway\":\"steps\",\"incline\":\"down\",\"level\":\"0;1\",\"wheelchair\":\"no\"}","notes":null,"photo":null},"geometry":{"type":"LineString","coordinates":[[80.233519,26.511252],[80.233558,26.511286]]}},{"type":"Feature","properties":{"osmId":"way/1490081588","kind":"other","name":null,"level":"0","check_date":null,"wheelchair":"yes","inAcademicArea":true,"tags":"{\"highway\":\"corridor\",\"indoor\":\"corridor\",\"level\":\"0\",\"wheelchair\":\"yes\"}","notes":null,"photo":null},"geometry":{"type":"LineString","coordinates":[[80.232472,26.510938],[80.232489,26.510935],[80.232499,26.510935],[80.232578,26.510935],[80.232618,26.510934],[80.232647,26.511167],[80.23267,26.511284]]}},{"type":"Feature","properties":{"osmId":"way/1490081589","kind":"other","name":null,"level":"0","check_date":null,"wheelchair":"yes","inAcademicArea":true,"tags":"{\"highway\":\"corridor\",\"indoor\":\"door\",\"level\":\"0\",\"wheelchair\":\"yes\"}","notes":null,"photo":null},"geometry":{"type":"LineString","coordinates":[[80.232371,26.51105],[80.232376,26.511077],[80.232387,26.511143]]}},{"type":"Feature","properties":{"osmId":"way/1490081594","kind":"other","name":null,"level":"0","check_date":null,"wheelchair":"yes","inAcademicArea":true,"tags":"{\"highway\":\"corridor\",\"indoor\":\"corridor\",\"level\":\"0\",\"wheelchair\":\"yes\"}","notes":null,"photo":null},"geometry":{"type":"LineString","coordinates":[[80.232237,26.511004],[80.23222,26.510974],[80.232214,26.510938],[80.232218,26.510906],[80.232235,26.510874],[80.232261,26.510847],[80.232295,26.510829],[80.232333,26.510821],[80.232372,26.510824],[80.232407,26.510836],[80.232437,26.510858],[80.232459,26.510886],[80.232469,26.510911],[80.232472,26.510938],[80.232469,26.510965],[80.232458,26.51099],[80.232436,26.511017],[80.232406,26.511038],[80.232371,26.51105],[80.232333,26.511052],[80.232296,26.511045],[80.232263,26.511028],[80.232237,26.511004]]}},{"type":"Feature","properties":{"osmId":"way/1555323736","kind":"stairs","name":null,"level":"0","check_date":null,"wheelchair":"no","inAcademicArea":true,"tags":"{\"highway\":\"steps\",\"level\":\"0\",\"step_count\":\"3\",\"wheelchair\":\"no\"}","notes":null,"photo":null},"geometry":{"type":"LineString","coordinates":[[80.232394,26.511167],[80.232387,26.511143]]}},{"type":"Feature","properties":{"osmId":"way/1555327398","kind":"other","name":null,"level":"0","check_date":null,"wheelchair":"yes","inAcademicArea":true,"tags":"{\"highway\":\"footway\",\"level\":\"0\",\"wheelchair\":\"yes\"}","notes":null,"photo":null},"geometry":{"type":"LineString","coordinates":[[80.232635,26.511322],[80.23267,26.511284],[80.232681,26.511275],[80.232702,26.511254],[80.232721,26.511235],[80.232765,26.511227],[80.232924,26.511207],[80.233079,26.511227],[80.233102,26.511253],[80.233154,26.511309],[80.23316,26.511377],[80.233165,26.511458],[80.233167,26.511474],[80.233095,26.51163],[80.233041,26.51163],[80.232955,26.511637],[80.232908,26.511641],[80.232838,26.511644],[80.232728,26.511648],[80.232653,26.511592],[80.232601,26.511475],[80.232604,26.511437],[80.232635,26.511322]]}},{"type":"Feature","properties":{"osmId":"way/1555327402","kind":"skywalk","name":null,"level":"1","check_date":null,"wheelchair":"yes","inAcademicArea":true,"tags":"{\"bridge\":\"yes\",\"highway\":\"footway\",\"layer\":\"1\",\"level\":\"1\",\"wheelchair\":\"yes\"}","notes":null,"photo":null},"geometry":{"type":"LineString","coordinates":[[80.232722,26.511492],[80.232674,26.511436],[80.232705,26.511374],[80.232798,26.511319],[80.232897,26.511309],[80.232997,26.511309],[80.233074,26.511332],[80.233092,26.511407],[80.233083,26.511448],[80.233068,26.511515],[80.233077,26.51161]]}},{"type":"Feature","properties":{"osmId":"way/1555327405","kind":"skywalk","name":null,"level":"1","check_date":null,"wheelchair":"yes","inAcademicArea":true,"tags":"{\"bridge\":\"yes\",\"highway\":\"footway\",\"layer\":\"1\",\"level\":\"1\",\"wheelchair\":\"yes\"}","notes":null,"photo":null},"geometry":{"type":"LineString","coordinates":[[80.23318,26.511429],[80.233183,26.511446],[80.233195,26.511477]]}},{"type":"Feature","properties":{"osmId":"way/1555327406","kind":"skywalk","name":null,"level":"1","check_date":null,"wheelchair":"yes","inAcademicArea":true,"tags":"{\"bridge\":\"yes\",\"highway\":\"footway\",\"layer\":\"1\",\"level\":\"1\",\"wheelchair\":\"yes\"}","notes":null,"photo":null},"geometry":{"type":"LineString","coordinates":[[80.23263,26.511477],[80.232612,26.511448],[80.232613,26.511425]]}},{"type":"Feature","properties":{"osmId":"way/1555327408","kind":"skywalk","name":null,"level":"1","check_date":null,"wheelchair":"yes","inAcademicArea":true,"tags":"{\"bridge\":\"yes\",\"highway\":\"footway\",\"layer\":\"1\",\"level\":\"1\",\"wheelchair\":\"yes\"}","notes":null,"photo":null},"geometry":{"type":"LineString","coordinates":[[80.233039,26.511426],[80.233083,26.511448],[80.233119,26.511449],[80.233183,26.511446],[80.233211,26.51145],[80.233241,26.511446]]}},{"type":"Feature","properties":{"osmId":"way/1555327410","kind":"skywalk","name":null,"level":"1","check_date":null,"wheelchair":"yes","inAcademicArea":true,"tags":"{\"bridge\":\"yes\",\"highway\":\"footway\",\"layer\":\"1\",\"level\":\"1\",\"wheelchair\":\"yes\"}","notes":null,"photo":null},"geometry":{"type":"LineString","coordinates":[[80.232865,26.511548],[80.23289,26.511501],[80.23288,26.511421],[80.232897,26.511309],[80.232913,26.511167],[80.232905,26.511122]]}},{"type":"Feature","properties":{"osmId":"way/1555329037","kind":"other","name":null,"level":"0","check_date":null,"wheelchair":"yes","inAcademicArea":true,"tags":"{\"highway\":\"footway\",\"level\":\"0\",\"wheelchair\":\"yes\"}","notes":null,"photo":null},"geometry":{"type":"LineString","coordinates":[[80.233165,26.511458],[80.233226,26.511455],[80.233265,26.511452],[80.233366,26.511449]]}},{"type":"Feature","properties":{"osmId":"way/1555329038","kind":"other","name":null,"level":"0","check_date":null,"wheelchair":"yes","inAcademicArea":true,"tags":"{\"highway\":\"footway\",\"level\":\"0\",\"wheelchair\":\"yes\"}","notes":null,"photo":null},"geometry":{"type":"LineString","coordinates":[[80.232922,26.511365],[80.232604,26.511437],[80.232583,26.511439],[80.232518,26.511445]]}},{"type":"Feature","properties":{"osmId":"way/1555329052","kind":"other","name":null,"level":"0","check_date":null,"wheelchair":"yes","inAcademicArea":true,"tags":"{\"highway\":\"footway\",\"level\":\"0\",\"wheelchair\":\"yes\"}","notes":null,"photo":null},"geometry":{"type":"LineString","coordinates":[[80.232922,26.511365],[80.232924,26.511207],[80.232921,26.511176],[80.23291,26.511059]]}},{"type":"Feature","properties":{"osmId":"way/1555329814","kind":"other","name":null,"level":"0","check_date":null,"wheelchair":"yes","inAcademicArea":true,"tags":"{\"highway\":\"footway\",\"level\":\"0\",\"wheelchair\":\"yes\"}","notes":null,"photo":null},"geometry":{"type":"LineString","coordinates":[[80.232323,26.511209],[80.232398,26.511225],[80.232437,26.511233],[80.232681,26.511275]]}},{"type":"Feature","properties":{"osmId":"way/1555338792","kind":"other","name":null,"level":"0","check_date":null,"wheelchair":"yes","inAcademicArea":true,"tags":"{\"highway\":\"footway\",\"level\":\"0\",\"wheelchair\":\"yes\"}","notes":null,"photo":null},"geometry":{"type":"LineString","coordinates":[[80.232872,26.510934],[80.232602,26.510929]]}},{"type":"Feature","properties":{"osmId":"way/1555338793","kind":"other","name":null,"level":"0","check_date":null,"wheelchair":"yes","inAcademicArea":true,"tags":"{\"highway\":\"footway\",\"level\":\"0\",\"wheelchair\":\"yes\"}","notes":null,"photo":null},"geometry":{"type":"LineString","coordinates":[[80.23291,26.511059],[80.232917,26.510983]]}},{"type":"Feature","properties":{"osmId":"way/1555338794","kind":"other","name":null,"level":"0","check_date":null,"wheelchair":"yes","inAcademicArea":true,"tags":"{\"highway\":\"footway\",\"level\":\"0\",\"wheelchair\":\"yes\"}","notes":null,"photo":null},"geometry":{"type":"LineString","coordinates":[[80.232765,26.511227],[80.23272,26.511119]]}},{"type":"Feature","properties":{"osmId":"way/1555338796","kind":"stairs","name":null,"level":"0;1","check_date":null,"wheelchair":null,"inAcademicArea":true,"tags":"{\"highway\":\"steps\",\"incline\":\"up\",\"level\":\"0;1\"}","notes":null,"photo":null},"geometry":{"type":"LineString","coordinates":[[80.232602,26.510929],[80.232578,26.510935],[80.23256,26.510925]]}},{"type":"Feature","properties":{"osmId":"way/1555338797","kind":"ramp","name":null,"level":"0;1","check_date":null,"wheelchair":"yes","inAcademicArea":true,"tags":"{\"handrail\":\"yes\",\"highway\":\"footway\",\"incline\":\"10.5%\",\"level\":\"0;1\",\"ramp\":\"yes\",\"wheelchair\":\"yes\"}","notes":null,"photo":null},"geometry":{"type":"LineString","coordinates":[[80.23272,26.511119],[80.232696,26.511011],[80.232673,26.511018],[80.232701,26.511139],[80.232646,26.511183],[80.232631,26.511183],[80.232609,26.511183],[80.23259,26.510955]]}},{"type":"Feature","properties":{"osmId":"way/1555343350","kind":"ramp","name":null,"level":"0;1","check_date":null,"wheelchair":"yes","inAcademicArea":true,"tags":"{\"handrail\":\"yes\",\"highway\":\"footway\",\"incline\":\"10.5%\",\"level\":\"0;1\",\"ramp\":\"yes\",\"wheelchair\":\"yes\"}","notes":null,"photo":null},"geometry":{"type":"LineString","coordinates":[[80.233519,26.512321],[80.233497,26.512327],[80.233472,26.512326],[80.23327,26.512326],[80.233268,26.512343],[80.233452,26.512347],[80.233449,26.512375]]}},{"type":"Feature","properties":{"osmId":"way/1555343351","kind":"other","name":null,"level":"0","check_date":null,"wheelchair":"yes","inAcademicArea":true,"tags":"{\"bicycle\":\"designated\",\"foot\":\"designated\",\"highway\":\"cycleway\",\"level\":\"0\",\"segregated\":\"no\",\"surface\":\"paving_stones\",\"wheelchair\":\"yes\"}","notes":null,"photo":null},"geometry":{"type":"LineString","coordinates":[[80.233517,26.512265],[80.234014,26.512269],[80.234178,26.512269]]}},{"type":"Feature","properties":{"osmId":"way/1555343354","kind":"stairs","name":null,"level":"0;1","check_date":null,"wheelchair":null,"inAcademicArea":true,"tags":"{\"highway\":\"steps\",\"level\":\"0;1\"}","notes":null,"photo":null},"geometry":{"type":"LineString","coordinates":[[80.232648,26.512377],[80.232647,26.512394],[80.232646,26.512414],[80.232646,26.512421]]}},{"type":"Feature","properties":{"osmId":"way/1555343355","kind":"stairs","name":null,"level":"0;1","check_date":null,"wheelchair":"no","inAcademicArea":true,"tags":"{\"highway\":\"steps\",\"incline\":\"down\",\"level\":\"0;1\",\"wheelchair\":\"no\"}","notes":null,"photo":null},"geometry":{"type":"LineString","coordinates":[[80.232957,26.511686],[80.232955,26.511637]]}},{"type":"Feature","properties":{"osmId":"way/1555343356","kind":"stairs","name":null,"level":"0;1","check_date":null,"wheelchair":"no","inAcademicArea":true,"tags":"{\"highway\":\"steps\",\"incline\":\"down\",\"level\":\"0;1\",\"wheelchair\":\"no\"}","notes":null,"photo":null},"geometry":{"type":"LineString","coordinates":[[80.232841,26.511689],[80.232838,26.511644]]}},{"type":"Feature","properties":{"osmId":"way/1555343357","kind":"skywalk","name":null,"level":"1","check_date":null,"wheelchair":"yes","inAcademicArea":true,"tags":"{\"bridge\":\"yes\",\"highway\":\"footway\",\"layer\":\"1\",\"level\":\"1\",\"wheelchair\":\"yes\"}","notes":null,"photo":null},"geometry":{"type":"LineString","coordinates":[[80.233077,26.51161],[80.233039,26.511614]]}},{"type":"Feature","properties":{"osmId":"way/1555343358","kind":"stairs","name":null,"level":"0;1","check_date":null,"wheelchair":"no","inAcademicArea":true,"tags":"{\"highway\":\"steps\",\"incline\":\"down\",\"level\":\"0;1\",\"wheelchair\":\"no\"}","notes":null,"photo":null},"geometry":{"type":"LineString","coordinates":[[80.233008,26.51162],[80.233039,26.511614],[80.233041,26.51163]]}},{"type":"Feature","properties":{"osmId":"way/1555343359","kind":"skywalk","name":null,"level":"1","check_date":null,"wheelchair":"yes","inAcademicArea":true,"tags":"{\"bridge\":\"yes\",\"highway\":\"footway\",\"layer\":\"1\",\"level\":\"1\",\"wheelchair\":\"yes\"}","notes":null,"photo":null},"geometry":{"type":"LineString","coordinates":[[80.232685,26.511207],[80.232704,26.511195]]}},{"type":"Feature","properties":{"osmId":"way/1555343360","kind":"stairs","name":null,"level":"0;1","check_date":null,"wheelchair":"no","inAcademicArea":true,"tags":"{\"highway\":\"steps\",\"incline\":\"down\",\"level\":\"0;1\",\"wheelchair\":\"no\"}","notes":null,"photo":null},"geometry":{"type":"LineString","coordinates":[[80.23273,26.511185],[80.232704,26.511195],[80.232721,26.511235]]}},{"type":"Feature","properties":{"osmId":"way/1555343361","kind":"skywalk","name":null,"level":"1","check_date":null,"wheelchair":"yes","inAcademicArea":true,"tags":"{\"bridge\":\"yes\",\"highway\":\"footway\",\"layer\":\"1\",\"level\":\"1\",\"wheelchair\":\"yes\"}","notes":null,"photo":null},"geometry":{"type":"LineString","coordinates":[[80.232705,26.511374],[80.232689,26.511241],[80.232685,26.511207],[80.232631,26.511183]]}},{"type":"Feature","properties":{"osmId":"way/1555343364","kind":"other","name":null,"level":"0","check_date":null,"wheelchair":"yes","inAcademicArea":true,"tags":"{\"highway\":\"footway\",\"level\":\"0\",\"wheelchair\":\"yes\"}","notes":null,"photo":null},"geometry":{"type":"LineString","coordinates":[[80.23309,26.511783],[80.233095,26.51163]]}},{"type":"Feature","properties":{"osmId":"way/1555343365","kind":"other","name":null,"level":"0","check_date":null,"wheelchair":"yes","inAcademicArea":true,"tags":"{\"highway\":\"footway\",\"level\":\"0\",\"wheelchair\":\"yes\"}","notes":null,"photo":null},"geometry":{"type":"LineString","coordinates":[[80.232893,26.511786],[80.232908,26.511641]]}},{"type":"Feature","properties":{"osmId":"way/1555343366","kind":"other","name":null,"level":"0","check_date":null,"wheelchair":"yes","inAcademicArea":true,"tags":"{\"highway\":\"footway\",\"level\":\"0\",\"wheelchair\":\"yes\"}","notes":null,"photo":null},"geometry":{"type":"LineString","coordinates":[[80.232705,26.511789],[80.232728,26.511648]]}},{"type":"Feature","properties":{"osmId":"way/1555343367","kind":"other","name":null,"level":"0","check_date":null,"wheelchair":"yes","inAcademicArea":true,"tags":"{\"highway\":\"footway\",\"level\":\"0\",\"wheelchair\":\"yes\"}","notes":null,"photo":null},"geometry":{"type":"LineString","coordinates":[[80.232908,26.511641],[80.232922,26.511365]]}},{"type":"Feature","properties":{"osmId":"way/1555343368","kind":"other","name":null,"level":"0","check_date":null,"wheelchair":"yes","inAcademicArea":true,"tags":"{\"highway\":\"footway\",\"level\":\"0\",\"wheelchair\":\"yes\"}","notes":null,"photo":null},"geometry":{"type":"LineString","coordinates":[[80.23316,26.511377],[80.232922,26.511365]]}},{"type":"Feature","properties":{"osmId":"way/1555343369","kind":"other","name":null,"level":"0","check_date":null,"wheelchair":"yes","inAcademicArea":true,"tags":"{\"highway\":\"footway\",\"level\":\"0\",\"wheelchair\":\"yes\"}","notes":null,"photo":null},"geometry":{"type":"LineString","coordinates":[[80.232398,26.511225],[80.232396,26.511203],[80.232394,26.511167]]}},{"type":"Feature","properties":{"osmId":"way/1555345740","kind":"skywalk","name":null,"level":"1","check_date":null,"wheelchair":"yes","inAcademicArea":true,"tags":"{\"bridge\":\"yes\",\"highway\":\"footway\",\"layer\":\"1\",\"level\":\"1\",\"wheelchair\":\"yes\"}","notes":null,"photo":null},"geometry":{"type":"LineString","coordinates":[[80.233151,26.510847],[80.233172,26.510881],[80.233231,26.510961],[80.233241,26.510977],[80.23326,26.511005]]}},{"type":"Feature","properties":{"osmId":"way/1555345741","kind":"stairs","name":null,"level":"0;1","check_date":null,"wheelchair":"no","inAcademicArea":true,"tags":"{\"highway\":\"steps\",\"incline\":\"up\",\"level\":\"0;1\",\"wheelchair\":\"no\"}","notes":null,"photo":null},"geometry":{"type":"LineString","coordinates":[[80.233279,26.510985],[80.233266,26.510997],[80.23326,26.511005]]}},{"type":"Feature","properties":{"osmId":"way/1555345743","kind":"skywalk","name":null,"level":"1","check_date":null,"wheelchair":"yes","inAcademicArea":true,"tags":"{\"bridge\":\"yes\",\"highway\":\"footway\",\"layer\":\"1\",\"level\":\"1\",\"wheelchair\":\"yes\"}","notes":null,"photo":null},"geometry":{"type":"LineString","coordinates":[[80.233442,26.511233],[80.233465,26.511201],[80.233494,26.5112]]}},{"type":"Feature","properties":{"osmId":"way/1555346031","kind":"stairs","name":null,"level":"0;1","check_date":null,"wheelchair":"no","inAcademicArea":true,"tags":"{\"highway\":\"steps\",\"incline\":\"up\",\"level\":\"0;1\",\"wheelchair\":\"no\"}","notes":null,"photo":null},"geometry":{"type":"LineString","coordinates":[[80.233582,26.510561],[80.233581,26.51062]]}},{"type":"Feature","properties":{"osmId":"way/1555346032","kind":"skywalk","name":null,"level":"1","check_date":null,"wheelchair":"yes","inAcademicArea":true,"tags":"{\"bridge\":\"yes\",\"highway\":\"footway\",\"layer\":\"1\",\"level\":\"1\",\"wheelchair\":\"yes\"}","notes":null,"photo":null},"geometry":{"type":"LineString","coordinates":[[80.233557,26.510778],[80.233583,26.510666],[80.233581,26.51062]]}},{"type":"Feature","properties":{"osmId":"way/1555346033","kind":"skywalk","name":null,"level":"1","check_date":null,"wheelchair":"yes","inAcademicArea":true,"tags":"{\"bridge\":\"yes\",\"highway\":\"footway\",\"layer\":\"1\",\"level\":\"1\",\"wheelchair\":\"yes\"}","notes":null,"photo":null},"geometry":{"type":"LineString","coordinates":[[80.233544,26.510669],[80.233583,26.510666],[80.233612,26.510665]]}},{"type":"Feature","properties":{"osmId":"way/1555346034","kind":"skywalk","name":null,"level":"1","check_date":null,"wheelchair":"yes","inAcademicArea":true,"tags":"{\"bridge\":\"yes\",\"highway\":\"footway\",\"layer\":\"1\",\"level\":\"1\",\"wheelchair\":\"yes\"}","notes":null,"photo":null},"geometry":{"type":"LineString","coordinates":[[80.233324,26.510731],[80.23338,26.510753],[80.233394,26.510756],[80.233446,26.510769],[80.233479,26.510772],[80.233522,26.510776],[80.233557,26.510778],[80.233621,26.510781],[80.233635,26.51078],[80.233649,26.51078],[80.233703,26.510776],[80.233755,26.510762],[80.233796,26.510751],[80.233832,26.510739]]}},{"type":"Feature","properties":{"osmId":"way/1555349347","kind":"other","name":null,"level":"0","check_date":null,"wheelchair":"no","inAcademicArea":true,"tags":"{\"foot\":\"designated\",\"level\":\"0\",\"wheelchair\":\"no\"}","notes":null,"photo":null},"geometry":{"type":"LineString","coordinates":[[80.233826,26.510534],[80.23384,26.510656],[80.233794,26.510689]]}},{"type":"Feature","properties":{"osmId":"way/1555349348","kind":"other","name":null,"level":"0","check_date":null,"wheelchair":"no","inAcademicArea":true,"tags":"{\"foot\":\"designated\",\"level\":\"0\",\"wheelchair\":\"no\"}","notes":null,"photo":null},"geometry":{"type":"LineString","coordinates":[[80.233258,26.510723],[80.233324,26.510661],[80.23337,26.510683]]}},{"type":"Feature","properties":{"osmId":"way/1555349350","kind":"stairs","name":null,"level":"0;1","check_date":null,"wheelchair":"no","inAcademicArea":true,"tags":"{\"highway\":\"steps\",\"level\":\"0;1\",\"wheelchair\":\"no\"}","notes":null,"photo":null},"geometry":{"type":"LineString","coordinates":[[80.233796,26.510751],[80.233794,26.510689]]}},{"type":"Feature","properties":{"osmId":"way/1555349351","kind":"stairs","name":null,"level":"0;1","check_date":null,"wheelchair":"no","inAcademicArea":true,"tags":"{\"highway\":\"steps\",\"level\":\"0;1\",\"wheelchair\":\"no\"}","notes":null,"photo":null},"geometry":{"type":"LineString","coordinates":[[80.233635,26.51078],[80.233637,26.510713]]}},{"type":"Feature","properties":{"osmId":"way/1555349352","kind":"stairs","name":null,"level":"0;1","check_date":null,"wheelchair":"no","inAcademicArea":true,"tags":"{\"highway\":\"steps\",\"level\":\"0;1\",\"wheelchair\":\"no\"}","notes":null,"photo":null},"geometry":{"type":"LineString","coordinates":[[80.233522,26.510776],[80.233528,26.510714]]}},{"type":"Feature","properties":{"osmId":"way/1555349353","kind":"stairs","name":null,"level":"0;1","check_date":null,"wheelchair":"no","inAcademicArea":true,"tags":"{\"highway\":\"steps\",\"level\":\"0;1\",\"wheelchair\":\"no\"}","notes":null,"photo":null},"geometry":{"type":"LineString","coordinates":[[80.233367,26.510686],[80.233324,26.510731]]}},{"type":"Feature","properties":{"osmId":"way/1555349355","kind":"other","name":null,"level":"0","check_date":null,"wheelchair":"yes","inAcademicArea":true,"tags":"{\"highway\":\"footway\",\"level\":\"0\",\"wheelchair\":\"yes\"}","notes":null,"photo":null},"geometry":{"type":"LineString","coordinates":[[80.232603,26.512382],[80.234176,26.51238],[80.234414,26.512383],[80.234726,26.512386],[80.234766,26.512036],[80.234778,26.511655],[80.234793,26.51104],[80.234473,26.511034]]}},{"type":"Feature","properties":{"osmId":"way/1555349356","kind":"skywalk","name":"IITK Academic Area Corridors","level":"1","check_date":null,"wheelchair":"yes","inAcademicArea":true,"tags":"{\"bridge\":\"yes\",\"highway\":\"footway\",\"layer\":\"1\",\"level\":\"1\",\"name\":\"IITK Academic Area Corridors\",\"surface\":\"concrete\",\"wheelchair\":\"yes\",\"width\":\"2\"}","notes":null,"photo":null},"geometry":{"type":"LineString","coordinates":[[80.232648,26.512377],[80.231345,26.512371]]}},{"type":"Feature","properties":{"osmId":"way/1555349357","kind":"other","name":null,"level":"0","check_date":null,"wheelchair":"yes","inAcademicArea":true,"tags":"{\"highway\":\"footway\",\"level\":\"0\",\"wheelchair\":\"yes\"}","notes":null,"photo":null},"geometry":{"type":"LineString","coordinates":[[80.233367,26.510686],[80.23337,26.510683],[80.233424,26.510713],[80.233495,26.510714],[80.233528,26.510714],[80.233599,26.510713],[80.233637,26.510713],[80.233708,26.510706],[80.233794,26.510689]]}},{"type":"Feature","properties":{"osmId":"way/1555349504","kind":"other","name":null,"level":"2","check_date":null,"wheelchair":"no","inAcademicArea":true,"tags":"{\"highway\":\"footway\",\"level\":\"2\",\"wheelchair\":\"no\"}","notes":null,"photo":null},"geometry":{"type":"LineString","coordinates":[[80.234198,26.510637],[80.234183,26.510638]]}},{"type":"Feature","properties":{"osmId":"way/1555349505","kind":"stairs","name":null,"level":"2","check_date":null,"wheelchair":null,"inAcademicArea":true,"tags":"{\"highway\":\"steps\",\"level\":\"2\",\"ramp:wheelchair\":\"no\",\"step_count\":\"3\"}","notes":null,"photo":null},"geometry":{"type":"LineString","coordinates":[[80.234174,26.510643],[80.234183,26.510638]]}},{"type":"Feature","properties":{"osmId":"way/1555355643","kind":"other","name":null,"level":"0","check_date":null,"wheelchair":"no","inAcademicArea":true,"tags":"{\"highway\":\"footway\",\"level\":\"0\",\"wheelchair\":\"no\"}","notes":null,"photo":null},"geometry":{"type":"LineString","coordinates":[[80.234256,26.511003],[80.234247,26.511045]]}},{"type":"Feature","properties":{"osmId":"way/1555355644","kind":"other","name":null,"level":"0","check_date":null,"wheelchair":"no","inAcademicArea":true,"tags":"{\"highway\":\"footway\",\"level\":\"0\",\"wheelchair\":\"no\"}","notes":null,"photo":null},"geometry":{"type":"LineString","coordinates":[[80.234031,26.510881],[80.233999,26.510904]]}},{"type":"Feature","properties":{"osmId":"way/1555355645","kind":"stairs","name":null,"level":"0","check_date":null,"wheelchair":"no","inAcademicArea":true,"tags":"{\"highway\":\"steps\",\"level\":\"0\",\"step_count\":\"3\",\"wheelchair\":\"no\"}","notes":null,"photo":null},"geometry":{"type":"LineString","coordinates":[[80.234241,26.51106],[80.234247,26.511045]]}},{"type":"Feature","properties":{"osmId":"way/1555355646","kind":"stairs","name":null,"level":"0","check_date":null,"wheelchair":"no","inAcademicArea":true,"tags":"{\"highway\":\"steps\",\"level\":\"0\",\"step_count\":\"3\",\"wheelchair\":\"no\"}","notes":null,"photo":null},"geometry":{"type":"LineString","coordinates":[[80.233974,26.510921],[80.233999,26.510904]]}},{"type":"Feature","properties":{"osmId":"way/1555355647","kind":"ramp","name":null,"level":"1;2","check_date":null,"wheelchair":"yes","inAcademicArea":true,"tags":"{\"handrail\":\"yes\",\"highway\":\"footway\",\"incline\":\"10.5%\",\"level\":\"1;2\",\"ramp\":\"yes\",\"surface\":\"concrete\",\"wheelchair\":\"yes\"}","notes":null,"photo":null},"geometry":{"type":"LineString","coordinates":[[80.233825,26.510724],[80.233902,26.510679],[80.233924,26.510701],[80.233906,26.510731]]}},{"type":"Feature","properties":{"osmId":"way/1555355648","kind":"other","name":null,"level":"0","check_date":null,"wheelchair":"yes","inAcademicArea":true,"tags":"{\"highway\":\"footway\",\"level\":\"0\",\"surface\":\"concrete\",\"wheelchair\":\"yes\",\"width\":\"2\"}","notes":null,"photo":null},"geometry":{"type":"LineString","coordinates":[[80.233794,26.510689],[80.23382,26.510752]]}},{"type":"Feature","properties":{"osmId":"way/1555355649","kind":"ramp","name":null,"level":"0;1","check_date":null,"wheelchair":"yes","inAcademicArea":true,"tags":"{\"handrail\":\"yes\",\"highway\":\"footway\",\"incline\":\"10.5%\",\"level\":\"0;1\",\"ramp\":\"yes\",\"surface\":\"concrete\",\"wheelchair\":\"yes\"}","notes":null,"photo":null},"geometry":{"type":"LineString","coordinates":[[80.233794,26.510689],[80.233833,26.510694],[80.233887,26.510661],[80.233893,26.510673],[80.233822,26.510719],[80.233825,26.510724],[80.233832,26.510739]]}},{"type":"Feature","properties":{"osmId":"way/1555355650","kind":"other","name":null,"level":"0","check_date":null,"wheelchair":"yes","inAcademicArea":true,"tags":"{\"highway\":\"footway\",\"level\":\"0\",\"surface\":\"concrete\",\"wheelchair\":\"yes\",\"width\":\"2\"}","notes":null,"photo":null},"geometry":{"type":"LineString","coordinates":[[80.233583,26.510786],[80.233705,26.510787],[80.23382,26.510752],[80.233833,26.510748],[80.233826,26.51073]]}},{"type":"Feature","properties":{"osmId":"way/1555355652","kind":"stairs","name":null,"level":"0;1","check_date":null,"wheelchair":"no","inAcademicArea":true,"tags":"{\"highway\":\"steps\",\"incline\":\"down\",\"level\":\"0;1\",\"wheelchair\":\"no\"}","notes":null,"photo":null},"geometry":{"type":"LineString","coordinates":[[80.233999,26.512386],[80.234014,26.512269]]}},{"type":"Feature","properties":{"osmId":"way/1555355653","kind":"other","name":null,"level":"0","check_date":null,"wheelchair":"yes","inAcademicArea":true,"tags":"{\"highway\":\"corridor\",\"indoor\":\"corridor\",\"level\":\"0\",\"wheelchair\":\"yes\"}","notes":null,"photo":null},"geometry":{"type":"LineString","coordinates":[[80.233906,26.510731],[80.233927,26.510701],[80.233917,26.510691],[80.233826,26.51073]]}},{"type":"Feature","properties":{"osmId":"way/1555355654","kind":"other","name":null,"level":"0","check_date":null,"wheelchair":"yes","inAcademicArea":true,"tags":"{\"highway\":\"footway\",\"level\":\"0\",\"wheelchair\":\"yes\"}","notes":null,"photo":null},"geometry":{"type":"LineString","coordinates":[[80.234455,26.51102],[80.234467,26.510761],[80.234458,26.51076]]}},{"type":"Feature","properties":{"osmId":"way/1555355655","kind":"other","name":null,"level":"0","check_date":null,"wheelchair":"no","inAcademicArea":true,"tags":"{\"highway\":\"footway\",\"level\":\"0\",\"wheelchair\":\"no\"}","notes":null,"photo":null},"geometry":{"type":"LineString","coordinates":[[80.234189,26.510645],[80.234074,26.510701],[80.233982,26.510658]]}},{"type":"Feature","properties":{"osmId":"way/1555355656","kind":"other","name":null,"level":"0","check_date":null,"wheelchair":"yes","inAcademicArea":true,"tags":"{\"highway\":\"footway\",\"level\":\"0\",\"wheelchair\":\"yes\"}","notes":null,"photo":null},"geometry":{"type":"LineString","coordinates":[[80.233906,26.510731],[80.233982,26.510658],[80.234012,26.510639]]}},{"type":"Feature","properties":{"osmId":"way/1555355657","kind":"other","name":null,"level":"2","check_date":null,"wheelchair":"no","inAcademicArea":true,"tags":"{\"highway\":\"footway\",\"level\":\"2\",\"wheelchair\":\"no\"}","notes":null,"photo":null},"geometry":{"type":"LineString","coordinates":[[80.234455,26.510783],[80.234469,26.5108]]}},{"type":"Feature","properties":{"osmId":"way/1555355658","kind":"other","name":null,"level":"2","check_date":null,"wheelchair":"yes","inAcademicArea":true,"tags":"{\"highway\":\"footway\",\"level\":\"2\",\"wheelchair\":\"yes\"}","notes":null,"photo":null},"geometry":{"type":"LineString","coordinates":[[80.234464,26.510924],[80.234476,26.510816]]}},{"type":"Feature","properties":{"osmId":"way/1555355659","kind":"stairs","name":null,"level":"2","check_date":null,"wheelchair":null,"inAcademicArea":true,"tags":"{\"highway\":\"steps\",\"level\":\"2\",\"ramp:wheelchair\":\"no\",\"step_count\":\"3\"}","notes":null,"photo":null},"geometry":{"type":"LineString","coordinates":[[80.234476,26.510816],[80.234469,26.5108]]}},{"type":"Feature","properties":{"osmId":"way/1555355660","kind":"other","name":null,"level":"0","check_date":null,"wheelchair":"yes","inAcademicArea":true,"tags":"{\"highway\":\"footway\",\"level\":\"0\",\"wheelchair\":\"yes\"}","notes":null,"photo":null},"geometry":{"type":"LineString","coordinates":[[80.234387,26.511006],[80.234318,26.511019],[80.234256,26.511003]]}},{"type":"Feature","properties":{"osmId":"way/1555355661","kind":"other","name":null,"level":"0","check_date":null,"wheelchair":"yes","inAcademicArea":true,"tags":"{\"highway\":\"footway\",\"level\":\"0\",\"wheelchair\":\"yes\"}","notes":null,"photo":null},"geometry":{"type":"LineString","coordinates":[[80.234217,26.510971],[80.234156,26.51096]]}},{"type":"Feature","properties":{"osmId":"way/1555355662","kind":"other","name":null,"level":"0","check_date":null,"wheelchair":"yes","inAcademicArea":true,"tags":"{\"highway\":\"footway\",\"level\":\"0\",\"wheelchair\":\"yes\"}","notes":null,"photo":null},"geometry":{"type":"LineString","coordinates":[[80.234115,26.510914],[80.234031,26.510881],[80.234007,26.510834],[80.234156,26.51096]]}},{"type":"Feature","properties":{"osmId":"way/1555355663","kind":"other","name":null,"level":"0","check_date":null,"wheelchair":"yes","inAcademicArea":true,"tags":"{\"highway\":\"footway\",\"level\":\"0\",\"wheelchair\":\"yes\"}","notes":null,"photo":null},"geometry":{"type":"LineString","coordinates":[[80.234025,26.510829],[80.234007,26.510834],[80.233906,26.510731]]}},{"type":"Feature","properties":{"osmId":"way/1555355664","kind":"other","name":null,"level":"2","check_date":null,"wheelchair":"yes","inAcademicArea":true,"tags":"{\"highway\":\"footway\",\"level\":\"2\",\"wheelchair\":\"yes\"}","notes":null,"photo":null},"geometry":{"type":"LineString","coordinates":[[80.233975,26.510781],[80.233935,26.510709],[80.233906,26.510731]]}},{"type":"Feature","properties":{"osmId":"way/1555355666","kind":"other","name":null,"level":"2","check_date":null,"wheelchair":"yes","inAcademicArea":true,"tags":"{\"highway\":\"footway\",\"level\":\"2\",\"wheelchair\":\"yes\"}","notes":null,"photo":null},"geometry":{"type":"LineString","coordinates":[[80.234294,26.511025],[80.234444,26.511025],[80.234464,26.510924],[80.234438,26.510929]]}},{"type":"Feature","properties":{"osmId":"way/1555355667","kind":"other","name":null,"level":"2","check_date":null,"wheelchair":"yes","inAcademicArea":true,"tags":"{\"highway\":\"footway\",\"level\":\"2\",\"wheelchair\":\"yes\"}","notes":null,"photo":null},"geometry":{"type":"LineString","coordinates":[[80.234063,26.510901],[80.233975,26.510781],[80.234074,26.510711],[80.234174,26.510643]]}},{"type":"Feature","properties":{"osmId":"way/1555355668","kind":"other","name":null,"level":"2","check_date":null,"wheelchair":"yes","inAcademicArea":true,"tags":"{\"highway\":\"footway\",\"level\":\"2\",\"wheelchair\":\"yes\"}","notes":null,"photo":null},"geometry":{"type":"LineString","coordinates":[[80.234073,26.510883],[80.234063,26.510901],[80.234161,26.510971],[80.234294,26.511025],[80.234308,26.511007]]}},{"type":"Feature","properties":{"osmId":"way/1555356940","kind":"stairs","name":null,"level":"0;1","check_date":null,"wheelchair":"no","inAcademicArea":true,"tags":"{\"highway\":\"steps\",\"incline\":\"down\",\"level\":\"0;1\",\"wheelchair\":\"no\"}","notes":null,"photo":null},"geometry":{"type":"LineString","coordinates":[[80.233213,26.510852],[80.233194,26.510863],[80.233185,26.510874],[80.233172,26.510881]]}},{"type":"Feature","properties":{"osmId":"way/1555356942","kind":"skywalk","name":null,"level":"1","check_date":null,"wheelchair":"yes","inAcademicArea":true,"tags":"{\"bridge\":\"yes\",\"highway\":\"footway\",\"layer\":\"1\",\"level\":\"1\",\"wheelchair\":\"yes\"}","notes":null,"photo":null},"geometry":{"type":"LineString","coordinates":[[80.233464,26.511166],[80.233446,26.511183]]}},{"type":"Feature","properties":{"osmId":"way/1555359529","kind":"other","name":null,"level":"0","check_date":null,"wheelchair":"yes","inAcademicArea":true,"tags":"{\"highway\":\"footway\",\"level\":\"0\",\"wheelchair\":\"yes\"}","notes":null,"photo":null},"geometry":{"type":"LineString","coordinates":[[80.234256,26.511003],[80.234156,26.51096]]}},{"type":"Feature","properties":{"osmId":"way/1555359530","kind":"other","name":null,"level":"2","check_date":null,"wheelchair":"yes","inAcademicArea":true,"tags":"{\"highway\":\"footway\",\"level\":\"2\",\"wheelchair\":\"yes\"}","notes":null,"photo":null},"geometry":{"type":"LineString","coordinates":[[80.234017,26.510649],[80.234074,26.510711]]}},{"type":"Feature","properties":{"osmId":"way/1555359531","kind":"entrance","name":null,"level":"1","check_date":null,"wheelchair":"yes","inAcademicArea":true,"tags":"{\"bridge\":\"yes\",\"entrance\":\"yes\",\"highway\":\"footway\",\"layer\":\"1\",\"level\":\"1\",\"wheelchair\":\"yes\"}","notes":null,"photo":null},"geometry":{"type":"LineString","coordinates":[[80.233286,26.511128],[80.233347,26.51109]]}},{"type":"Feature","properties":{"osmId":"way/1555359532","kind":"skywalk","name":null,"level":"1","check_date":null,"wheelchair":"yes","inAcademicArea":true,"tags":"{\"bridge\":\"yes\",\"highway\":\"footway\",\"layer\":\"1\",\"level\":\"1\",\"wheelchair\":\"yes\"}","notes":null,"photo":null},"geometry":{"type":"LineString","coordinates":[[80.233386,26.511061],[80.233347,26.51109]]}},{"type":"Feature","properties":{"osmId":"way/1555359533","kind":"toilets","name":"IITK Academic Area Corridors","level":"0","check_date":null,"wheelchair":"yes","inAcademicArea":true,"tags":"{\"amenity\":\"toilets\",\"highway\":\"footway\",\"level\":\"0\",\"name\":\"IITK Academic Area Corridors\",\"surface\":\"concrete\",\"wheelchair\":\"yes\",\"width\":\"2\"}","notes":null,"photo":null},"geometry":{"type":"LineString","coordinates":[[80.23316,26.510845],[80.233202,26.510899]]}},{"type":"Feature","properties":{"osmId":"way/1555359535","kind":"other","name":null,"level":"0","check_date":null,"wheelchair":"yes","inAcademicArea":true,"tags":"{\"highway\":\"footway\",\"level\":\"0\",\"wheelchair\":\"yes\"}","notes":null,"photo":null},"geometry":{"type":"LineString","coordinates":[[80.233282,26.510979],[80.233279,26.510985]]}},{"type":"Feature","properties":{"osmId":"way/1555359536","kind":"other","name":null,"level":"0","check_date":null,"wheelchair":"yes","inAcademicArea":true,"tags":"{\"highway\":\"footway\",\"level\":\"0\",\"wheelchair\":\"yes\"}","notes":null,"photo":null},"geometry":{"type":"LineString","coordinates":[[80.233243,26.511122],[80.233202,26.511097]]}},{"type":"Feature","properties":{"osmId":"way/1555359538","kind":"skywalk","name":null,"level":"1","check_date":null,"wheelchair":null,"inAcademicArea":true,"tags":"{\"bridge\":\"yes\",\"highway\":\"footway\",\"layer\":\"1\",\"level\":\"1\"}","notes":null,"photo":null},"geometry":{"type":"LineString","coordinates":[[80.232884,26.511171],[80.232913,26.511167],[80.232945,26.511171]]}},{"type":"Feature","properties":{"osmId":"way/1555359539","kind":"other","name":null,"level":"0","check_date":null,"wheelchair":"yes","inAcademicArea":true,"tags":"{\"bicycle\":\"designated\",\"foot\":\"designated\",\"highway\":\"cycleway\",\"level\":\"0\",\"segregated\":\"no\",\"surface\":\"paving_stones\",\"wheelchair\":\"yes\"}","notes":null,"photo":null},"geometry":{"type":"LineString","coordinates":[[80.232705,26.511789],[80.232605,26.511796]]}},{"type":"Feature","properties":{"osmId":"way/1555359540","kind":"skywalk","name":null,"level":"1","check_date":null,"wheelchair":"yes","inAcademicArea":true,"tags":"{\"bridge\":\"yes\",\"highway\":\"footway\",\"layer\":\"1\",\"level\":\"1\",\"surface\":\"concrete\",\"wheelchair\":\"yes\",\"width\":\"2\"}","notes":null,"photo":null},"geometry":{"type":"LineString","coordinates":[[80.234,26.512463],[80.233999,26.512386]]}},{"type":"Feature","properties":{"osmId":"way/1556263611","kind":"skywalk","name":null,"level":"1","check_date":null,"wheelchair":"yes","inAcademicArea":true,"tags":"{\"bridge\":\"yes\",\"highway\":\"footway\",\"layer\":\"1\",\"level\":\"1\",\"wheelchair\":\"yes\"}","notes":null,"photo":null},"geometry":{"type":"LineString","coordinates":[[80.233253,26.510909],[80.233231,26.510961],[80.233226,26.510939]]}},{"type":"Feature","properties":{"osmId":"way/1556263612","kind":"skywalk","name":null,"level":"1","check_date":null,"wheelchair":"yes","inAcademicArea":true,"tags":"{\"bridge\":\"yes\",\"highway\":\"footway\",\"layer\":\"1\",\"level\":\"1\",\"wheelchair\":\"yes\"}","notes":null,"photo":null},"geometry":{"type":"LineString","coordinates":[[80.233755,26.510762],[80.233758,26.510717]]}},{"type":"Feature","properties":{"osmId":"way/1556263613","kind":"skywalk","name":null,"level":"1","check_date":null,"wheelchair":"yes","inAcademicArea":true,"tags":"{\"bridge\":\"yes\",\"highway\":\"footway\",\"layer\":\"1\",\"level\":\"1\",\"wheelchair\":\"yes\"}","notes":null,"photo":null},"geometry":{"type":"LineString","coordinates":[[80.233649,26.51078],[80.233651,26.510736]]}},{"type":"Feature","properties":{"osmId":"way/1556263614","kind":"skywalk","name":null,"level":"1","check_date":null,"wheelchair":"yes","inAcademicArea":true,"tags":"{\"bridge\":\"yes\",\"highway\":\"footway\",\"layer\":\"1\",\"level\":\"1\",\"wheelchair\":\"yes\"}","notes":null,"photo":null},"geometry":{"type":"LineString","coordinates":[[80.233479,26.510772],[80.233491,26.51073]]}},{"type":"Feature","properties":{"osmId":"way/1556263615","kind":"skywalk","name":null,"level":"1","check_date":null,"wheelchair":"yes","inAcademicArea":true,"tags":"{\"bridge\":\"yes\",\"highway\":\"footway\",\"layer\":\"1\",\"level\":\"1\",\"wheelchair\":\"yes\"}","notes":null,"photo":null},"geometry":{"type":"LineString","coordinates":[[80.233394,26.510756],[80.233411,26.510721]]}},{"type":"Feature","properties":{"osmId":"way/1556265954","kind":"skywalk","name":null,"level":"1","check_date":null,"wheelchair":"yes","inAcademicArea":true,"tags":"{\"bridge\":\"yes\",\"highway\":\"footway\",\"layer\":\"1\",\"level\":\"1\",\"wheelchair\":\"yes\"}","notes":null,"photo":null},"geometry":{"type":"LineString","coordinates":[[80.233077,26.51161],[80.233079,26.511704]]}},{"type":"Feature","properties":{"osmId":"way/1556271106","kind":"stairs","name":null,"level":"0;1","check_date":null,"wheelchair":"no","inAcademicArea":true,"tags":"{\"highway\":\"steps\",\"incline\":\"up\",\"level\":\"0;1\",\"wheelchair\":\"no\"}","notes":null,"photo":null},"geometry":{"type":"LineString","coordinates":[[80.23291,26.511059],[80.232905,26.511122]]}},{"type":"Feature","properties":{"osmId":"way/1556295246","kind":"skywalk","name":null,"level":"1","check_date":null,"wheelchair":"yes","inAcademicArea":true,"tags":"{\"bridge\":\"yes\",\"highway\":\"footway\",\"layer\":\"1\",\"level\":\"1\",\"wheelchair\":\"yes\"}","notes":null,"photo":null},"geometry":{"type":"LineString","coordinates":[[80.23289,26.511501],[80.232939,26.511546]]}},{"type":"Feature","properties":{"osmId":"way/1556295247","kind":"stairs","name":null,"level":"0;1","check_date":null,"wheelchair":null,"inAcademicArea":true,"tags":"{\"highway\":\"steps\",\"incline\":\"up\",\"level\":\"0;1\"}","notes":null,"photo":null},"geometry":{"type":"LineString","coordinates":[[80.233265,26.511452],[80.233241,26.511446]]}},{"type":"Feature","properties":{"osmId":"way/1556295248","kind":"stairs","name":null,"level":"0;1","check_date":null,"wheelchair":null,"inAcademicArea":true,"tags":"{\"highway\":\"steps\",\"level\":\"0;1\",\"up\":\"down\"}","notes":null,"photo":null},"geometry":{"type":"LineString","coordinates":[[80.232474,26.511451],[80.232546,26.511455]]}},{"type":"Feature","properties":{"osmId":"way/1556501310","kind":"skywalk","name":null,"level":"1","check_date":null,"wheelchair":"yes","inAcademicArea":true,"tags":"{\"bridge\":\"yes\",\"highway\":\"footway\",\"layer\":\"1\",\"level\":\"1\",\"wheelchair\":\"yes\"}","notes":null,"photo":null},"geometry":{"type":"LineString","coordinates":[[80.232655,26.511734],[80.232695,26.511617],[80.232722,26.511492]]}},{"type":"Feature","properties":{"osmId":"way/978024821","kind":"other","name":null,"level":"0","check_date":null,"wheelchair":"yes","inAcademicArea":true,"tags":"{\"bicycle\":\"designated\",\"foot\":\"designated\",\"highway\":\"cycleway\",\"level\":\"0\",\"segregated\":\"no\",\"surface\":\"paving_stones\",\"wheelchair\":\"yes\"}","notes":null,"photo":null},"geometry":{"type":"LineString","coordinates":[[80.2339,26.512996],[80.234175,26.512805],[80.234176,26.51238],[80.234178,26.512269],[80.234181,26.51212],[80.234191,26.511668],[80.234204,26.511519],[80.234377,26.511524],[80.234378,26.511127],[80.234473,26.511034]]}},{"type":"Feature","properties":{"osmId":"way/1135362013","kind":"other","name":null,"level":"0","check_date":null,"wheelchair":"yes","inAcademicArea":true,"tags":"{\"bicycle\":\"designated\",\"foot\":\"designated\",\"highway\":\"cycleway\",\"level\":\"0\",\"segregated\":\"no\",\"surface\":\"paving_stones\",\"wheelchair\":\"yes\"}","notes":null,"photo":null},"geometry":{"type":"LineString","coordinates":[[80.232705,26.511789],[80.232893,26.511786],[80.23309,26.511783],[80.233361,26.511778],[80.233365,26.511958],[80.233371,26.512108],[80.233398,26.512136],[80.2335,26.51219],[80.233516,26.512218],[80.233517,26.512265],[80.233519,26.512321],[80.233526,26.512506],[80.233523,26.512677]]}},{"type":"Feature","properties":{"osmId":"way/1489182985","kind":"other","name":"Bikanervala","level":"0","check_date":null,"wheelchair":"no","inAcademicArea":false,"tags":"{\"air_conditioning\":\"yes\",\"amenity\":\"fast_food\",\"indoor_seating\":\"yes\",\"level\":\"0\",\"name\":\"Bikanervala\",\"name:en\":\"Bikanervala\",\"name:hi\":\"बीकानेरवाला\",\"opening_hours\":\"08:00-22:30\",\"operator\":\"Bikanervala Private Limited\",\"wheelchair\":\"no\"}","notes":null,"photo":null},"geometry":{"type":"LineString","coordinates":[[80.248035,26.50879],[80.248198,26.508935],[80.248261,26.508878],[80.248099,26.508733],[80.248035,26.50879]]}}]}