{"type":"FeatureCollection","features":[{"type":"Feature","properties":{"osmId":"way/741266857","kind":"road","highway":"tertiary","name":null,"level":"0","floor":0,"bridge":false,"wheelchair":null},"geometry":{"type":"LineString","coordinates":[[80.22076,26.506272],[80.220715,26.506326],[80.219229,26.508223],[80.217212,26.510825],[80.216101,26.512232],[80.214977,26.513656],[80.214067,26.514828],[80.21174,26.517756],[80.209726,26.520489],[80.209498,26.520791],[80.208279,26.522471],[80.207749,26.523202],[80.207614,26.523385],[80.20758,26.523429],[80.2071,26.524152],[80.206621,26.524812],[80.205172,26.527001],[80.204238,26.528477],[80.203927,26.528964],[80.203165,26.530157],[80.202855,26.530635],[80.202739,26.530853],[80.202483,26.531368],[80.202142,26.531979],[80.201572,26.532964],[80.200731,26.534436]]}},{"type":"Feature","properties":{"osmId":"way/951892460","kind":"road","highway":"residential","name":null,"level":"0","floor":0,"bridge":false,"wheelchair":null},"geometry":{"type":"LineString","coordinates":[[80.214718,26.496511],[80.215228,26.497356]]}},{"type":"Feature","properties":{"osmId":"way/951892463","kind":"road","highway":"residential","name":null,"level":"0","floor":0,"bridge":false,"wheelchair":null},"geometry":{"type":"LineString","coordinates":[[80.214988,26.496381],[80.215382,26.497029],[80.215476,26.497202]]}},{"type":"Feature","properties":{"osmId":"way/951905397","kind":"road","highway":"residential","name":null,"level":"0","floor":0,"bridge":false,"wheelchair":null},"geometry":{"type":"LineString","coordinates":[[80.213731,26.493607],[80.213816,26.493609],[80.213863,26.493603],[80.213904,26.493588],[80.213998,26.49355],[80.214026,26.493548],[80.214049,26.49356],[80.21407,26.493582],[80.214155,26.493724],[80.214183,26.49379],[80.214203,26.493863],[80.214217,26.49391],[80.214245,26.493965],[80.214297,26.494069],[80.214443,26.494338],[80.2145,26.494446],[80.21453,26.494511],[80.214556,26.494553],[80.214576,26.494598],[80.214597,26.494653],[80.214624,26.49472],[80.214652,26.49477],[80.214733,26.494876],[80.214801,26.494943],[80.214883,26.495003],[80.214985,26.495054],[80.215076,26.49509]]}},{"type":"Feature","properties":{"osmId":"way/951905402","kind":"road","highway":"residential","name":null,"level":"0","floor":0,"bridge":false,"wheelchair":null},"geometry":{"type":"LineString","coordinates":[[80.215318,26.495819],[80.215508,26.496129]]}},{"type":"Feature","properties":{"osmId":"way/951905403","kind":"road","highway":"residential","name":null,"level":"0","floor":0,"bridge":false,"wheelchair":null},"geometry":{"type":"LineString","coordinates":[[80.215066,26.495951],[80.21526,26.496249]]}},{"type":"Feature","properties":{"osmId":"way/950306719","kind":"road","highway":"unclassified","name":null,"level":"0","floor":0,"bridge":false,"wheelchair":null},"geometry":{"type":"LineString","coordinates":[[80.217315,26.503425],[80.217332,26.503633],[80.217343,26.503837],[80.217367,26.503945],[80.217504,26.504297],[80.217607,26.504506],[80.217916,26.505028],[80.217949,26.505126],[80.217945,26.505208],[80.217903,26.505312],[80.217855,26.505395],[80.217379,26.50603],[80.217096,26.506368],[80.216687,26.506858],[80.216346,26.507277],[80.216251,26.5074],[80.216153,26.507568],[80.216073,26.507698],[80.215918,26.507911],[80.215538,26.50844],[80.215013,26.509156],[80.214695,26.509581],[80.214635,26.509624],[80.214576,26.509644],[80.214481,26.509642],[80.214392,26.509623],[80.213899,26.509484],[80.213249,26.509291],[80.212029,26.508946],[80.211944,26.508924],[80.211846,26.508909],[80.211704,26.508906],[80.211579,26.508906],[80.211449,26.508923]]}},{"type":"Feature","properties":{"osmId":"way/950759588","kind":"road","highway":"service","name":null,"level":"0","floor":0,"bridge":false,"wheelchair":null},"geometry":{"type":"LineString","coordinates":[[80.214563,26.50273],[80.214627,26.502727],[80.215943,26.502667],[80.216511,26.50264],[80.217092,26.502613],[80.217733,26.502593]]}},{"type":"Feature","properties":{"osmId":"way/950779066","kind":"road","highway":"service","name":null,"level":"0","floor":0,"bridge":false,"wheelchair":null},"geometry":{"type":"LineString","coordinates":[[80.217074,26.503067],[80.215958,26.503103]]}},{"type":"Feature","properties":{"osmId":"way/950858770","kind":"road","highway":"secondary","name":null,"level":"0","floor":0,"bridge":false,"wheelchair":null},"geometry":{"type":"LineString","coordinates":[[80.203851,26.506179],[80.203894,26.506163],[80.204177,26.50607],[80.205321,26.505714],[80.205604,26.505617],[80.205932,26.505504],[80.206618,26.50527],[80.207085,26.505075],[80.207852,26.504757],[80.208158,26.504635],[80.208218,26.504609],[80.208513,26.504483],[80.209019,26.504282],[80.209232,26.504209],[80.210212,26.503856],[80.210866,26.503617],[80.211548,26.503377],[80.21196,26.503243],[80.212192,26.503162],[80.212417,26.503073],[80.212652,26.502992],[80.212905,26.502933],[80.213196,26.502903],[80.213442,26.50289],[80.213739,26.50291],[80.214003,26.502941],[80.214348,26.502999],[80.215955,26.503264],[80.216215,26.503298],[80.216794,26.503381],[80.217117,26.503413],[80.217315,26.503425],[80.217618,26.503426],[80.218456,26.503421],[80.21853,26.503418],[80.218601,26.503414],[80.219493,26.503414],[80.219678,26.503436],[80.219852,26.503484],[80.219973,26.503535],[80.220217,26.50368],[80.221632,26.504575],[80.221791,26.504676],[80.22188,26.504732]]}},{"type":"Feature","properties":{"osmId":"way/951879333","kind":"road","highway":"unclassified","name":null,"level":"0","floor":0,"bridge":false,"wheelchair":null},"geometry":{"type":"LineString","coordinates":[[80.212478,26.497176],[80.213161,26.498167],[80.213239,26.498265],[80.213344,26.498345],[80.213496,26.498421],[80.214237,26.498729],[80.215277,26.499161],[80.21546,26.499237],[80.217541,26.500099],[80.217639,26.500145],[80.217819,26.500246]]}},{"type":"Feature","properties":{"osmId":"way/951888859","kind":"road","highway":"residential","name":null,"level":"0","floor":0,"bridge":false,"wheelchair":null},"geometry":{"type":"LineString","coordinates":[[80.21546,26.499237],[80.215718,26.499068],[80.216095,26.498855],[80.216343,26.49871],[80.216366,26.498689],[80.216377,26.498669],[80.216384,26.498639],[80.216392,26.498595],[80.216405,26.498547],[80.216468,26.498411]]}},{"type":"Feature","properties":{"osmId":"way/951888861","kind":"road","highway":"service","name":null,"level":"0","floor":0,"bridge":false,"wheelchair":null},"geometry":{"type":"LineString","coordinates":[[80.215924,26.501161],[80.215967,26.501073],[80.215998,26.501027],[80.216022,26.500985],[80.216047,26.500944],[80.216112,26.500821],[80.216145,26.500745],[80.216161,26.50069],[80.216172,26.50062],[80.216179,26.500603],[80.216192,26.500587],[80.216212,26.500582],[80.216354,26.500571],[80.216393,26.500569],[80.216419,26.500558],[80.216432,26.500537],[80.21644,26.500499],[80.216448,26.500338]]}},{"type":"Feature","properties":{"osmId":"way/951888862","kind":"road","highway":"track","name":null,"level":"0","floor":0,"bridge":false,"wheelchair":null},"geometry":{"type":"LineString","coordinates":[[80.216172,26.50062],[80.216155,26.500572],[80.216137,26.500547],[80.216117,26.500535],[80.216079,26.50051],[80.215889,26.500463],[80.215764,26.500437],[80.215622,26.50041],[80.215487,26.500407],[80.215359,26.500417],[80.215252,26.500435],[80.214894,26.500552],[80.214714,26.500609],[80.214585,26.500662],[80.214497,26.500715],[80.214251,26.500928],[80.214206,26.500973],[80.214171,26.501026],[80.214119,26.501163],[80.214101,26.501213],[80.214062,26.501264],[80.213939,26.50137],[80.21386,26.501423],[80.213739,26.501476],[80.213593,26.501534],[80.213454,26.501588],[80.213293,26.501664],[80.213113,26.501778],[80.212716,26.502069],[80.212556,26.50216],[80.212493,26.502199],[80.212446,26.502236],[80.212378,26.502299],[80.21233,26.502329],[80.212265,26.502347],[80.212171,26.502357],[80.212056,26.502347],[80.211848,26.502318]]}},{"type":"Feature","properties":{"osmId":"way/951888867","kind":"road","highway":"service","name":null,"level":"0","floor":0,"bridge":false,"wheelchair":null},"geometry":{"type":"LineString","coordinates":[[80.218238,26.501788],[80.217691,26.50181],[80.217094,26.501834],[80.216455,26.50186],[80.21591,26.501883]]}},{"type":"Feature","properties":{"osmId":"way/951888869","kind":"road","highway":"service","name":null,"level":"0","floor":0,"bridge":false,"wheelchair":null},"geometry":{"type":"LineString","coordinates":[[80.215915,26.501955],[80.216459,26.501934],[80.2171,26.501908],[80.217698,26.501884],[80.218242,26.501854]]}},{"type":"Feature","properties":{"osmId":"way/951888874","kind":"road","highway":"service","name":null,"level":"0","floor":0,"bridge":false,"wheelchair":null},"geometry":{"type":"LineString","coordinates":[[80.215846,26.501166],[80.215924,26.501161],[80.216415,26.501127],[80.218193,26.50106]]}},{"type":"Feature","properties":{"osmId":"way/951892458","kind":"road","highway":"residential","name":null,"level":"0","floor":0,"bridge":false,"wheelchair":null},"geometry":{"type":"LineString","coordinates":[[80.212412,26.496326],[80.212767,26.496151],[80.212957,26.49605],[80.213526,26.495721],[80.213585,26.495692],[80.213614,26.495686],[80.213639,26.495686],[80.213692,26.495695],[80.213814,26.495758],[80.213868,26.495768],[80.213926,26.495762],[80.213987,26.495742],[80.214054,26.495711],[80.214112,26.495678],[80.214155,26.495639],[80.214207,26.495576],[80.21426,26.495534],[80.214308,26.495507],[80.214805,26.495266],[80.214926,26.495194],[80.215037,26.495114],[80.215076,26.49509],[80.215106,26.495072],[80.215188,26.495034],[80.215432,26.49496],[80.215585,26.494926],[80.215799,26.4949],[80.216053,26.494865],[80.21623,26.49484],[80.216404,26.494837]]}},{"type":"Feature","properties":{"osmId":"way/951892462","kind":"road","highway":"residential","name":null,"level":"0","floor":0,"bridge":false,"wheelchair":null},"geometry":{"type":"LineString","coordinates":[[80.214846,26.497526],[80.215228,26.497356],[80.215369,26.497293],[80.215436,26.497245],[80.215476,26.497202],[80.21564,26.49696],[80.215749,26.49683],[80.215808,26.49677],[80.21583,26.496736],[80.215843,26.496686],[80.215833,26.496624],[80.21577,26.496395],[80.21577,26.496362],[80.215786,26.496338],[80.215819,26.496319],[80.216086,26.496242]]}},{"type":"Feature","properties":{"osmId":"way/951892464","kind":"road","highway":"residential","name":null,"level":"0","floor":0,"bridge":false,"wheelchair":null},"geometry":{"type":"LineString","coordinates":[[80.214545,26.497404],[80.21421,26.496854],[80.214213,26.496806],[80.214239,26.496748],[80.21428,26.496712],[80.214441,26.496639],[80.21469,26.496525],[80.214718,26.496511],[80.214988,26.496381],[80.21526,26.496249],[80.215508,26.496129],[80.215538,26.496115],[80.215699,26.496043],[80.215827,26.495999],[80.215946,26.495969],[80.215972,26.495968],[80.215998,26.495977],[80.216018,26.495994],[80.21603,26.496037],[80.216086,26.496242],[80.216254,26.496861],[80.216307,26.496974],[80.216399,26.497077],[80.216644,26.497346]]}},{"type":"Feature","properties":{"osmId":"way/951892465","kind":"road","highway":"residential","name":null,"level":"0","floor":0,"bridge":false,"wheelchair":null},"geometry":{"type":"LineString","coordinates":[[80.215664,26.498244],[80.216034,26.498025],[80.216144,26.497946],[80.216235,26.497853],[80.216372,26.497699],[80.216644,26.497346],[80.216853,26.497077]]}},{"type":"Feature","properties":{"osmId":"way/950759590","kind":"road","highway":"service","name":null,"level":"0","floor":0,"bridge":false,"wheelchair":null},"geometry":{"type":"LineString","coordinates":[[80.215928,26.502259],[80.215154,26.502282],[80.214607,26.502299],[80.214543,26.5023]]}},{"type":"Feature","properties":{"osmId":"way/950779068","kind":"road","highway":"service","name":null,"level":"0","floor":0,"bridge":false,"wheelchair":null},"geometry":{"type":"LineString","coordinates":[[80.214272,26.501211],[80.214491,26.5012],[80.214566,26.501197],[80.215343,26.501158],[80.21579,26.501145],[80.215826,26.501151],[80.215846,26.501166],[80.215858,26.501192],[80.215885,26.501523],[80.21591,26.501883],[80.215915,26.501955],[80.215917,26.501981],[80.215928,26.502259],[80.215943,26.502667],[80.215958,26.503103],[80.215955,26.503264]]}},{"type":"Feature","properties":{"osmId":"way/951888863","kind":"road","highway":"service","name":null,"level":"0","floor":0,"bridge":false,"wheelchair":null},"geometry":{"type":"LineString","coordinates":[[80.214827,26.501054],[80.214825,26.500906],[80.214842,26.50086],[80.214872,26.50083],[80.214906,26.500806],[80.215088,26.500705],[80.215131,26.50069],[80.215175,26.500683],[80.215224,26.500678],[80.215357,26.500672]]}},{"type":"Feature","properties":{"osmId":"way/951888864","kind":"road","highway":"service","name":null,"level":"0","floor":0,"bridge":false,"wheelchair":null},"geometry":{"type":"LineString","coordinates":[[80.21453,26.501145],[80.214529,26.501106],[80.214536,26.501088],[80.214552,26.501073],[80.214581,26.501063],[80.214827,26.501054],[80.215389,26.501033]]}},{"type":"Feature","properties":{"osmId":"way/951888865","kind":"road","highway":"service","name":null,"level":"0","floor":0,"bridge":false,"wheelchair":null},"geometry":{"type":"LineString","coordinates":[[80.21512,26.501554],[80.215154,26.502282]]}},{"type":"Feature","properties":{"osmId":"way/951888875","kind":"road","highway":"service","name":null,"level":"0","floor":0,"bridge":false,"wheelchair":null},"geometry":{"type":"LineString","coordinates":[[80.213971,26.502119],[80.213956,26.501661],[80.213969,26.501627],[80.214015,26.501607],[80.214038,26.501604],[80.214509,26.501577],[80.21458,26.501576],[80.21512,26.501554],[80.215885,26.501523]]}},{"type":"Feature","properties":{"osmId":"way/950881008","kind":"road","highway":"residential","name":null,"level":"0","floor":0,"bridge":false,"wheelchair":null},"geometry":{"type":"LineString","coordinates":[[80.214106,26.512226],[80.215028,26.511569]]}},{"type":"Feature","properties":{"osmId":"way/741266860","kind":"road","highway":"tertiary","name":null,"level":"0","floor":0,"bridge":false,"wheelchair":null},"geometry":{"type":"LineString","coordinates":[[80.21174,26.517756],[80.213539,26.51662],[80.21365,26.516693],[80.21375,26.516774],[80.213812,26.516852],[80.213853,26.516935],[80.213884,26.517045],[80.213887,26.517114],[80.213879,26.51717],[80.213854,26.51723],[80.213698,26.517402],[80.213675,26.517474],[80.213678,26.517536],[80.213702,26.51761],[80.213741,26.51767],[80.214023,26.517949],[80.214407,26.51833],[80.214714,26.518646],[80.215009,26.518949],[80.215048,26.518989],[80.215097,26.519031],[80.215165,26.519036],[80.215394,26.519022],[80.215512,26.519024],[80.21559,26.519033],[80.215682,26.519062],[80.215768,26.519092],[80.21585,26.519127],[80.216099,26.519239],[80.216153,26.519264]]}},{"type":"Feature","properties":{"osmId":"way/950323740","kind":"road","highway":"service","name":null,"level":"0","floor":0,"bridge":false,"wheelchair":null},"geometry":{"type":"LineString","coordinates":[[80.214695,26.509581],[80.21489,26.509923],[80.214929,26.510009],[80.214961,26.510088],[80.215025,26.51023],[80.215096,26.510335],[80.215195,26.510427],[80.215322,26.510496],[80.215446,26.510551],[80.215577,26.510593],[80.216278,26.510823]]}},{"type":"Feature","properties":{"osmId":"way/950396255","kind":"road","highway":"residential","name":null,"level":"0","floor":0,"bridge":false,"wheelchair":null},"geometry":{"type":"LineString","coordinates":[[80.215097,26.519031],[80.215077,26.519072],[80.215036,26.519128],[80.214989,26.519173],[80.214904,26.519243],[80.214746,26.519367],[80.21463,26.519457],[80.214559,26.519503],[80.214474,26.51956],[80.214164,26.519752],[80.213884,26.519926],[80.213819,26.519968],[80.213737,26.520012],[80.213472,26.52016],[80.213403,26.520199],[80.213345,26.520241],[80.213297,26.520281],[80.213168,26.520398],[80.213084,26.520475],[80.213025,26.520521],[80.212927,26.520588],[80.212773,26.520674],[80.212177,26.521005],[80.211609,26.521347],[80.211467,26.521442],[80.211341,26.521531],[80.211091,26.521729],[80.210782,26.521973]]}},{"type":"Feature","properties":{"osmId":"way/950398119","kind":"road","highway":"residential","name":null,"level":"0","floor":0,"bridge":false,"wheelchair":null},"geometry":{"type":"LineString","coordinates":[[80.215077,26.519072],[80.215021,26.519063],[80.214962,26.519061],[80.21489,26.519074],[80.214779,26.519097],[80.214655,26.519131],[80.214336,26.519229],[80.213868,26.519357],[80.213743,26.519395],[80.213639,26.519435],[80.213539,26.519477],[80.213457,26.519513],[80.213314,26.519583],[80.2132,26.519648],[80.213016,26.519766],[80.212845,26.519889],[80.212634,26.520043],[80.212397,26.520216],[80.212159,26.52039],[80.212115,26.520409],[80.21207,26.52041],[80.212031,26.520398],[80.212002,26.520377],[80.211921,26.520245],[80.2119,26.520191],[80.211886,26.520128],[80.211847,26.519972],[80.211832,26.51993],[80.211799,26.519876],[80.211446,26.519532],[80.211411,26.519496],[80.211393,26.519457],[80.211383,26.519391],[80.211373,26.519344],[80.21135,26.519302],[80.209726,26.520489]]}},{"type":"Feature","properties":{"osmId":"way/950595499","kind":"road","highway":"residential","name":null,"level":"0","floor":0,"bridge":false,"wheelchair":null},"geometry":{"type":"LineString","coordinates":[[80.214714,26.518646],[80.215093,26.518298],[80.215134,26.518265],[80.215201,26.518211],[80.215329,26.518119],[80.21557,26.517947],[80.215626,26.517885],[80.21563,26.517822],[80.215616,26.517701],[80.215621,26.517634],[80.215649,26.517538],[80.215836,26.517208],[80.215929,26.517091],[80.216018,26.517007],[80.216107,26.51694],[80.216219,26.516858],[80.216319,26.5168],[80.216625,26.516619],[80.216855,26.516484],[80.217195,26.516276]]}},{"type":"Feature","properties":{"osmId":"way/950595504","kind":"road","highway":"track","name":null,"level":"0","floor":0,"bridge":false,"wheelchair":null},"geometry":{"type":"LineString","coordinates":[[80.213956,26.517079],[80.214353,26.516776],[80.214424,26.516726],[80.214489,26.516663],[80.214662,26.516505],[80.214723,26.516472],[80.214846,26.516406],[80.214911,26.516376],[80.214985,26.516359],[80.215056,26.516359],[80.215312,26.516401],[80.215657,26.516459],[80.216023,26.516519],[80.216094,26.516539],[80.216147,26.516574],[80.216202,26.516627],[80.216251,26.516702],[80.216319,26.5168]]}},{"type":"Feature","properties":{"osmId":"way/950595505","kind":"road","highway":"residential","name":null,"level":"0","floor":0,"bridge":false,"wheelchair":null},"geometry":{"type":"LineString","coordinates":[[80.216561,26.518482],[80.216486,26.518471],[80.216451,26.518477],[80.216416,26.518492],[80.216328,26.51856],[80.216282,26.518582],[80.216238,26.518586],[80.216205,26.518573],[80.216179,26.518542],[80.215998,26.518264]]}},{"type":"Feature","properties":{"osmId":"way/950706712","kind":"road","highway":"residential","name":null,"level":"0","floor":0,"bridge":false,"wheelchair":null},"geometry":{"type":"LineString","coordinates":[[80.214067,26.514828],[80.216091,26.513841],[80.216132,26.513848],[80.216177,26.513843],[80.216209,26.513822],[80.21625,26.513781],[80.21647,26.513426]]}},{"type":"Feature","properties":{"osmId":"way/950706716","kind":"road","highway":"residential","name":null,"level":"0","floor":0,"bridge":false,"wheelchair":null},"geometry":{"type":"LineString","coordinates":[[80.214977,26.513656],[80.216889,26.512626]]}},{"type":"Feature","properties":{"osmId":"way/950595506","kind":"road","highway":"service","name":null,"level":"0","floor":0,"bridge":false,"wheelchair":null},"geometry":{"type":"LineString","coordinates":[[80.215512,26.519024],[80.215563,26.518928],[80.215596,26.518897],[80.21564,26.518868],[80.215703,26.518845],[80.216019,26.51874]]}},{"type":"Feature","properties":{"osmId":"way/950706711","kind":"road","highway":"service","name":null,"level":"0","floor":0,"bridge":false,"wheelchair":null},"geometry":{"type":"LineString","coordinates":[[80.215134,26.518265],[80.215234,26.518387],[80.215269,26.518406],[80.215299,26.518404],[80.215334,26.518389],[80.215556,26.518258]]}},{"type":"Feature","properties":{"osmId":"way/950399444","kind":"road","highway":"service","name":null,"level":"0","floor":0,"bridge":false,"wheelchair":null},"geometry":{"type":"LineString","coordinates":[[80.215962,26.5211],[80.215656,26.52096]]}},{"type":"Feature","properties":{"osmId":"way/950234588","kind":"road","highway":"unclassified","name":null,"level":"0","floor":0,"bridge":false,"wheelchair":null},"geometry":{"type":"LineString","coordinates":[[80.212926,26.527018],[80.212967,26.527032],[80.213102,26.527078],[80.213225,26.527112],[80.213856,26.527285],[80.214017,26.527335],[80.214063,26.527351],[80.214099,26.527368],[80.214139,26.527395],[80.214194,26.527444],[80.214254,26.527485],[80.214321,26.52752],[80.21457,26.527612],[80.214771,26.527659],[80.214844,26.527669],[80.214911,26.527669],[80.21497,26.527657],[80.215009,26.527638],[80.215045,26.527603],[80.215134,26.527489],[80.215196,26.527429],[80.215263,26.527384],[80.215548,26.527225],[80.215665,26.527182],[80.215865,26.527127],[80.215996,26.527091],[80.21607,26.527084],[80.216175,26.527096],[80.216683,26.527176],[80.21688,26.527193],[80.217023,26.527205],[80.21712,26.527213],[80.217925,26.527324],[80.218078,26.527335],[80.218168,26.527339],[80.218277,26.527349],[80.218414,26.527363],[80.218739,26.527385],[80.218964,26.527413],[80.219033,26.527426],[80.219098,26.52745],[80.219161,26.527484],[80.219401,26.52761],[80.219477,26.527657],[80.219543,26.527697],[80.219679,26.527779],[80.220006,26.527978],[80.220104,26.528029],[80.220178,26.528051],[80.220246,26.528051],[80.220319,26.528026],[80.220426,26.527965],[80.220767,26.527756],[80.22098,26.527614],[80.221107,26.527512],[80.221334,26.527326],[80.22164,26.527013],[80.22177,26.526833],[80.221927,26.526646],[80.221944,26.526629],[80.222189,26.52638],[80.222354,26.526208],[80.222855,26.525728],[80.222947,26.525637],[80.223207,26.52538],[80.223243,26.525349],[80.22361,26.525056],[80.223723,26.524951],[80.224066,26.524616],[80.224154,26.524524],[80.224357,26.524325]]}},{"type":"Feature","properties":{"osmId":"way/950238924","kind":"road","highway":"service","name":null,"level":"0","floor":0,"bridge":false,"wheelchair":null},"geometry":{"type":"LineString","coordinates":[[80.215202,26.529798],[80.215701,26.529384],[80.216047,26.52913],[80.216492,26.528782],[80.216584,26.52871],[80.216659,26.528641],[80.216745,26.528556],[80.217039,26.528276]]}},{"type":"Feature","properties":{"osmId":"way/950399435","kind":"road","highway":"service","name":null,"level":"0","floor":0,"bridge":false,"wheelchair":null},"geometry":{"type":"LineString","coordinates":[[80.216099,26.519239],[80.215564,26.520076],[80.215519,26.520119],[80.215471,26.520143],[80.215403,26.520162],[80.21532,26.520148],[80.214897,26.519992]]}},{"type":"Feature","properties":{"osmId":"way/950399436","kind":"road","highway":"residential","name":null,"level":"0","floor":0,"bridge":false,"wheelchair":null},"geometry":{"type":"LineString","coordinates":[[80.216929,26.519838],[80.216325,26.520592],[80.215962,26.5211],[80.215914,26.521162]]}},{"type":"Feature","properties":{"osmId":"way/950949082","kind":"road","highway":"residential","name":null,"level":"0","floor":0,"bridge":false,"wheelchair":null},"geometry":{"type":"LineString","coordinates":[[80.216231,26.5193],[80.215938,26.519715],[80.215765,26.519977],[80.215631,26.520191],[80.215358,26.520608],[80.215086,26.521034],[80.21462,26.521752]]}},{"type":"Feature","properties":{"osmId":"way/951888856","kind":"road","highway":"residential","name":null,"level":"0","floor":0,"bridge":false,"wheelchair":null},"geometry":{"type":"LineString","coordinates":[[80.217047,26.497731],[80.218085,26.496457],[80.218438,26.496024],[80.219191,26.495097],[80.219539,26.494653],[80.219947,26.494132],[80.220808,26.493052],[80.221581,26.492094],[80.222152,26.491376],[80.222332,26.491139],[80.222367,26.491088]]}},{"type":"Feature","properties":{"osmId":"way/951888857","kind":"road","highway":"residential","name":null,"level":"0","floor":0,"bridge":false,"wheelchair":null},"geometry":{"type":"LineString","coordinates":[[80.222248,26.491024],[80.222168,26.491158],[80.221728,26.4917],[80.221251,26.492305],[80.22083,26.4928],[80.220773,26.492867],[80.220385,26.493362],[80.22014,26.493673],[80.219961,26.493891],[80.21952,26.494425],[80.219427,26.494538],[80.218331,26.495959],[80.21772,26.496717],[80.217008,26.497599]]}},{"type":"Feature","properties":{"osmId":"way/951890979","kind":"road","highway":"residential","name":null,"level":"0","floor":0,"bridge":false,"wheelchair":null},"geometry":{"type":"LineString","coordinates":[[80.217209,26.495315],[80.21786,26.494763],[80.218377,26.494321],[80.218467,26.494245],[80.218603,26.49412],[80.218721,26.494002],[80.218755,26.493961],[80.218829,26.49387],[80.218899,26.493776],[80.219174,26.493412],[80.219196,26.493383],[80.219579,26.492851],[80.21962,26.492795],[80.219934,26.492346],[80.219969,26.492324],[80.220003,26.492319],[80.220044,26.492329],[80.220709,26.49273],[80.22083,26.4928]]}},{"type":"Feature","properties":{"osmId":"way/682702015","kind":"road","highway":"residential","name":null,"level":"0","floor":0,"bridge":false,"wheelchair":null},"geometry":{"type":"LineString","coordinates":[[80.240971,26.492281],[80.241037,26.492627],[80.241049,26.492753],[80.241037,26.49286],[80.24096,26.493068],[80.24093,26.49315],[80.240852,26.493496],[80.240658,26.494072],[80.240577,26.49428],[80.240449,26.494533],[80.240418,26.494739],[80.240304,26.495025],[80.240248,26.495164],[80.240182,26.49533],[80.240148,26.495429],[80.240053,26.495713],[80.240044,26.495763],[80.240052,26.495833],[80.24032,26.496219],[80.241247,26.497557],[80.24146,26.497807]]}},{"type":"Feature","properties":{"osmId":"way/682702025","kind":"road","highway":"residential","name":null,"level":"0","floor":0,"bridge":false,"wheelchair":null},"geometry":{"type":"LineString","coordinates":[[80.23766,26.498747],[80.237544,26.498003],[80.237508,26.497771],[80.237309,26.496777],[80.237103,26.495722],[80.236989,26.495132],[80.23684,26.494331],[80.236815,26.494196],[80.236741,26.493788],[80.236721,26.493683],[80.236659,26.493347],[80.236555,26.492785],[80.236495,26.492315],[80.236481,26.492144],[80.236373,26.49145],[80.236354,26.49133],[80.236315,26.490962],[80.23628,26.490815],[80.236286,26.490747],[80.236303,26.490574],[80.236375,26.490362],[80.236498,26.490002],[80.236558,26.489824],[80.236659,26.489493],[80.236741,26.489252],[80.236889,26.488815],[80.236978,26.488552],[80.237063,26.488303],[80.237151,26.488042],[80.237265,26.487753]]}},{"type":"Feature","properties":{"osmId":"way/432748555","kind":"road","highway":"residential","name":null,"level":"0","floor":0,"bridge":false,"wheelchair":null},"geometry":{"type":"LineString","coordinates":[[80.253356,26.492656],[80.252619,26.493137],[80.252264,26.493369],[80.251904,26.493614],[80.25089,26.494303],[80.250502,26.494567],[80.24962,26.495211],[80.249476,26.495325]]}},{"type":"Feature","properties":{"osmId":"way/951879330","kind":"road","highway":"residential","name":null,"level":"0","floor":0,"bridge":false,"wheelchair":null},"geometry":{"type":"LineString","coordinates":[[80.221827,26.49807],[80.221711,26.498],[80.221275,26.497735],[80.220878,26.497489],[80.220131,26.497045],[80.219304,26.496546],[80.21895,26.496332],[80.218438,26.496024],[80.218331,26.495959],[80.217552,26.495512],[80.217281,26.495357],[80.217209,26.495315],[80.217066,26.495234]]}},{"type":"Feature","properties":{"osmId":"way/951888843","kind":"road","highway":"residential","name":null,"level":"0","floor":0,"bridge":false,"wheelchair":null},"geometry":{"type":"LineString","coordinates":[[80.217281,26.495357],[80.217009,26.495721],[80.216903,26.495863]]}},{"type":"Feature","properties":{"osmId":"way/951888844","kind":"road","highway":"residential","name":null,"level":"0","floor":0,"bridge":false,"wheelchair":null},"geometry":{"type":"LineString","coordinates":[[80.21652,26.495934],[80.216865,26.495857],[80.216903,26.495863],[80.216954,26.495881],[80.217003,26.495905],[80.217148,26.495973],[80.21718,26.495977],[80.21721,26.495974],[80.217233,26.49596],[80.217264,26.495924],[80.217552,26.495512]]}},{"type":"Feature","properties":{"osmId":"way/951888845","kind":"road","highway":"residential","name":null,"level":"0","floor":0,"bridge":false,"wheelchair":null},"geometry":{"type":"LineString","coordinates":[[80.216734,26.495404],[80.216865,26.495857],[80.216946,26.496139],[80.217042,26.496446]]}},{"type":"Feature","properties":{"osmId":"way/951888847","kind":"road","highway":"residential","name":null,"level":"0","floor":0,"bridge":false,"wheelchair":null},"geometry":{"type":"LineString","coordinates":[[80.21895,26.496332],[80.218614,26.496761]]}},{"type":"Feature","properties":{"osmId":"way/951888848","kind":"road","highway":"residential","name":null,"level":"0","floor":0,"bridge":false,"wheelchair":null},"geometry":{"type":"LineString","coordinates":[[80.218957,26.49697],[80.219304,26.496546]]}},{"type":"Feature","properties":{"osmId":"way/951888849","kind":"road","highway":"residential","name":null,"level":"0","floor":0,"bridge":false,"wheelchair":null},"geometry":{"type":"LineString","coordinates":[[80.2189,26.497621],[80.219445,26.497975]]}},{"type":"Feature","properties":{"osmId":"way/951888850","kind":"road","highway":"residential","name":null,"level":"0","floor":0,"bridge":false,"wheelchair":null},"geometry":{"type":"LineString","coordinates":[[80.217612,26.498166],[80.217699,26.498473]]}},{"type":"Feature","properties":{"osmId":"way/951888851","kind":"road","highway":"residential","name":null,"level":"0","floor":0,"bridge":false,"wheelchair":null},"geometry":{"type":"LineString","coordinates":[[80.218203,26.49695],[80.219016,26.497432],[80.219041,26.497466],[80.219038,26.49749],[80.219016,26.497519],[80.2189,26.497621],[80.218592,26.497891],[80.218375,26.498184],[80.218204,26.498409],[80.218185,26.498425],[80.218165,26.498429],[80.218149,26.498425],[80.218135,26.49842],[80.218113,26.498399],[80.217975,26.498043]]}},{"type":"Feature","properties":{"osmId":"way/951888852","kind":"road","highway":"residential","name":null,"level":"0","floor":0,"bridge":false,"wheelchair":null},"geometry":{"type":"LineString","coordinates":[[80.218085,26.496457],[80.21844,26.496657],[80.218614,26.496761],[80.218957,26.49697],[80.219813,26.497476]]}},{"type":"Feature","properties":{"osmId":"way/951888853","kind":"road","highway":"residential","name":null,"level":"0","floor":0,"bridge":false,"wheelchair":null},"geometry":{"type":"LineString","coordinates":[[80.217651,26.497634],[80.218203,26.49695],[80.21844,26.496657]]}},{"type":"Feature","properties":{"osmId":"way/951888854","kind":"road","highway":"residential","name":null,"level":"0","floor":0,"bridge":false,"wheelchair":null},"geometry":{"type":"LineString","coordinates":[[80.219231,26.498271],[80.219445,26.497975],[80.219538,26.497849],[80.219813,26.497476],[80.220131,26.497045]]}},{"type":"Feature","properties":{"osmId":"way/951888855","kind":"road","highway":"residential","name":null,"level":"0","floor":0,"bridge":false,"wheelchair":null},"geometry":{"type":"LineString","coordinates":[[80.217201,26.498243],[80.217612,26.498166],[80.21775,26.498141],[80.217852,26.498112],[80.217946,26.498064],[80.217975,26.498043],[80.218163,26.497901],[80.218233,26.497865],[80.2183,26.497848],[80.218354,26.497845],[80.218555,26.497877],[80.218592,26.497891],[80.21863,26.497905],[80.218743,26.497973],[80.219231,26.498271],[80.219536,26.498484],[80.219572,26.498507],[80.219884,26.498709],[80.219953,26.498753],[80.220294,26.498984],[80.220677,26.499258],[80.220706,26.499279],[80.220816,26.499338]]}},{"type":"Feature","properties":{"osmId":"way/951888858","kind":"road","highway":"residential","name":null,"level":"0","floor":0,"bridge":false,"wheelchair":null},"geometry":{"type":"LineString","coordinates":[[80.217008,26.497599],[80.216436,26.498295],[80.216424,26.498331],[80.216424,26.49836],[80.216436,26.498387],[80.216468,26.498411],[80.216484,26.498411],[80.216505,26.498403],[80.216525,26.498389],[80.21671,26.498147],[80.217047,26.497731]]}},{"type":"Feature","properties":{"osmId":"way/951890968","kind":"road","highway":"residential","name":null,"level":"0","floor":0,"bridge":false,"wheelchair":null},"geometry":{"type":"LineString","coordinates":[[80.216881,26.497178],[80.217128,26.496866],[80.217408,26.496521]]}},{"type":"Feature","properties":{"osmId":"way/951890969","kind":"road","highway":"residential","name":null,"level":"0","floor":0,"bridge":false,"wheelchair":null},"geometry":{"type":"LineString","coordinates":[[80.216688,26.496498],[80.217042,26.496446],[80.217117,26.496446],[80.21719,26.496452],[80.217276,26.49647],[80.217379,26.496506],[80.217408,26.496521],[80.217505,26.49657],[80.21772,26.496717]]}},{"type":"Feature","properties":{"osmId":"way/952916266","kind":"road","highway":"track","name":null,"level":"0","floor":0,"bridge":false,"wheelchair":null},"geometry":{"type":"LineString","coordinates":[[80.220508,26.497916],[80.219813,26.497476]]}},{"type":"Feature","properties":{"osmId":"way/952916269","kind":"road","highway":"track","name":null,"level":"0","floor":0,"bridge":false,"wheelchair":null},"geometry":{"type":"LineString","coordinates":[[80.220878,26.497489],[80.220508,26.497916],[80.220255,26.498291]]}},{"type":"Feature","properties":{"osmId":"way/952916270","kind":"road","highway":"track","name":null,"level":"0","floor":0,"bridge":false,"wheelchair":null},"geometry":{"type":"LineString","coordinates":[[80.219538,26.497849],[80.2199,26.498069],[80.220255,26.498291],[80.22061,26.498509],[80.220639,26.498526],[80.221275,26.497735]]}},{"type":"Feature","properties":{"osmId":"way/1190129012","kind":"road","highway":"residential","name":null,"level":"0","floor":0,"bridge":false,"wheelchair":null},"geometry":{"type":"LineString","coordinates":[[80.218878,26.498917],[80.21942,26.499272]]}},{"type":"Feature","properties":{"osmId":"way/1190750048","kind":"road","highway":"residential","name":null,"level":"0","floor":0,"bridge":false,"wheelchair":null},"geometry":{"type":"LineString","coordinates":[[80.2199,26.498069],[80.219572,26.498507]]}},{"type":"Feature","properties":{"osmId":"way/952916249","kind":"road","highway":"service","name":null,"level":"0","floor":0,"bridge":false,"wheelchair":null},"geometry":{"type":"LineString","coordinates":[[80.224425,26.496568],[80.224635,26.496304],[80.224667,26.496296],[80.224702,26.496304],[80.225577,26.496862]]}},{"type":"Feature","properties":{"osmId":"way/952916250","kind":"road","highway":"service","name":null,"level":"0","floor":0,"bridge":false,"wheelchair":null},"geometry":{"type":"LineString","coordinates":[[80.224078,26.496357],[80.224425,26.496568],[80.225381,26.497152]]}},{"type":"Feature","properties":{"osmId":"way/952916251","kind":"road","highway":"service","name":null,"level":"0","floor":0,"bridge":false,"wheelchair":null},"geometry":{"type":"LineString","coordinates":[[80.224605,26.4955],[80.225448,26.496076],[80.225499,26.496093],[80.225558,26.496094],[80.225604,26.496068],[80.225788,26.495838]]}},{"type":"Feature","properties":{"osmId":"way/952916252","kind":"road","highway":"service","name":null,"level":"0","floor":0,"bridge":false,"wheelchair":null},"geometry":{"type":"LineString","coordinates":[[80.224826,26.495223],[80.225788,26.495838],[80.226195,26.496098]]}},{"type":"Feature","properties":{"osmId":"way/952916255","kind":"road","highway":"service","name":null,"level":"0","floor":0,"bridge":false,"wheelchair":null},"geometry":{"type":"LineString","coordinates":[[80.224496,26.495637],[80.224605,26.4955],[80.224826,26.495223],[80.225081,26.494902],[80.225345,26.494578],[80.225816,26.494001],[80.226068,26.493693],[80.226339,26.493292]]}},{"type":"Feature","properties":{"osmId":"way/952916257","kind":"road","highway":"service","name":null,"level":"0","floor":0,"bridge":false,"wheelchair":null},"geometry":{"type":"LineString","coordinates":[[80.226122,26.494667],[80.226387,26.494833],[80.226936,26.495176]]}},{"type":"Feature","properties":{"osmId":"way/952916260","kind":"road","highway":"service","name":null,"level":"0","floor":0,"bridge":false,"wheelchair":null},"geometry":{"type":"LineString","coordinates":[[80.225345,26.494578],[80.225446,26.494662],[80.225914,26.494968],[80.226696,26.495478]]}},{"type":"Feature","properties":{"osmId":"way/952916261","kind":"road","highway":"service","name":null,"level":"0","floor":0,"bridge":false,"wheelchair":null},"geometry":{"type":"LineString","coordinates":[[80.225081,26.494902],[80.226443,26.495795],[80.22682,26.496019],[80.226872,26.496028],[80.226897,26.496019],[80.22816,26.494438],[80.22825,26.494334]]}},{"type":"Feature","properties":{"osmId":"way/952916262","kind":"road","highway":"service","name":null,"level":"0","floor":0,"bridge":false,"wheelchair":null},"geometry":{"type":"LineString","coordinates":[[80.223752,26.499181],[80.224075,26.498777],[80.224336,26.49845],[80.225124,26.497464],[80.225381,26.497152],[80.225577,26.496862],[80.226195,26.496098],[80.226443,26.495795],[80.226696,26.495478],[80.226936,26.495176],[80.227477,26.494495],[80.227806,26.494081]]}},{"type":"Feature","properties":{"osmId":"way/952916263","kind":"road","highway":"service","name":null,"level":"0","floor":0,"bridge":false,"wheelchair":null},"geometry":{"type":"LineString","coordinates":[[80.224186,26.499432],[80.225471,26.497819],[80.225494,26.497779],[80.225485,26.49774],[80.225474,26.497718],[80.225124,26.497464]]}},{"type":"Feature","properties":{"osmId":"way/152796749","kind":"road","highway":"residential","name":"Hall 7 Hall 8 Road","level":"0","floor":0,"bridge":false,"wheelchair":null},"geometry":{"type":"LineString","coordinates":[[80.228937,26.504598],[80.228933,26.504817],[80.228931,26.504972],[80.228934,26.505317],[80.228937,26.506122],[80.228941,26.50647],[80.228949,26.507269],[80.229014,26.507427]]}},{"type":"Feature","properties":{"osmId":"way/152918007","kind":"road","highway":"residential","name":"New SAC Road","level":"0","floor":0,"bridge":false,"wheelchair":null},"geometry":{"type":"LineString","coordinates":[[80.230778,26.505328],[80.229892,26.505322],[80.229791,26.505322],[80.228934,26.505317]]}},{"type":"Feature","properties":{"osmId":"way/152930196","kind":"road","highway":"service","name":null,"level":"0","floor":0,"bridge":false,"wheelchair":null},"geometry":{"type":"LineString","coordinates":[[80.227239,26.508591],[80.226995,26.508741],[80.225625,26.509462],[80.225585,26.509453],[80.225556,26.509404],[80.225565,26.507296],[80.225579,26.504138]]}},{"type":"Feature","properties":{"osmId":"way/157018925","kind":"road","highway":"residential","name":"Hall 7 Hall 8 Road","level":"0","floor":0,"bridge":false,"wheelchair":null},"geometry":{"type":"LineString","coordinates":[[80.22505,26.504073],[80.225263,26.504119],[80.225369,26.504125],[80.225579,26.504138],[80.227267,26.504152],[80.228801,26.50417],[80.228875,26.504191],[80.228926,26.504258],[80.228941,26.504332],[80.228937,26.504598],[80.23064,26.504608],[80.230789,26.504606]]}},{"type":"Feature","properties":{"osmId":"way/343976537","kind":"path","highway":"footway","name":null,"level":"0","floor":0,"bridge":false,"wheelchair":null},"geometry":{"type":"LineString","coordinates":[[80.228172,26.505053],[80.228172,26.505177],[80.228168,26.506007],[80.228167,26.506121]]}},{"type":"Feature","properties":{"osmId":"way/376451982","kind":"road","highway":"service","name":"Hall 9 Hall 10 Road","level":"0","floor":0,"bridge":false,"wheelchair":null},"geometry":{"type":"LineString","coordinates":[[80.227237,26.506121],[80.227252,26.505271],[80.227256,26.505041],[80.227259,26.50488],[80.227267,26.504152]]}},{"type":"Feature","properties":{"osmId":"way/550494062","kind":"road","highway":"residential","name":null,"level":"0","floor":0,"bridge":false,"wheelchair":null},"geometry":{"type":"LineString","coordinates":[[80.229464,26.495025],[80.225482,26.500083],[80.225387,26.500099],[80.225314,26.500097],[80.225065,26.499941],[80.224186,26.499432],[80.223752,26.499181],[80.223696,26.499149],[80.222356,26.498376],[80.221827,26.49807]]}},{"type":"Feature","properties":{"osmId":"way/950779073","kind":"road","highway":"residential","name":null,"level":"0","floor":0,"bridge":false,"wheelchair":null},"geometry":{"type":"LineString","coordinates":[[80.219633,26.500833],[80.219686,26.500758],[80.219737,26.500686],[80.219845,26.500549],[80.220218,26.500087],[80.220403,26.499857],[80.220657,26.499538],[80.220816,26.499338],[80.221154,26.498914],[80.221827,26.49807]]}},{"type":"Feature","properties":{"osmId":"way/951879331","kind":"road","highway":"tertiary","name":null,"level":"0","floor":0,"bridge":false,"wheelchair":null},"geometry":{"type":"LineString","coordinates":[[80.216485,26.494631],[80.216433,26.49474],[80.216404,26.494837],[80.216389,26.49497],[80.216372,26.495171],[80.216385,26.495354],[80.21642,26.495579],[80.216471,26.495771],[80.21652,26.495934],[80.216661,26.496405],[80.216688,26.496498],[80.216853,26.497077],[80.216881,26.497178],[80.217008,26.497599],[80.217047,26.497731],[80.21719,26.498205],[80.217201,26.498243],[80.217533,26.499363],[80.217547,26.49941],[80.217573,26.499508],[80.217715,26.499949],[80.217751,26.500066],[80.217819,26.500246]]}},{"type":"Feature","properties":{"osmId":"way/951888846","kind":"road","highway":"residential","name":null,"level":"0","floor":0,"bridge":false,"wheelchair":null},"geometry":{"type":"LineString","coordinates":[[80.217533,26.499363],[80.218236,26.498899],[80.218284,26.498899],[80.218316,26.498909],[80.218357,26.498945],[80.218477,26.499096],[80.218555,26.499168],[80.218649,26.49924],[80.21911,26.499528],[80.219192,26.499521],[80.219255,26.499472],[80.21942,26.499272],[80.219884,26.498709]]}},{"type":"Feature","properties":{"osmId":"way/951888860","kind":"road","highway":"residential","name":null,"level":"0","floor":0,"bridge":false,"wheelchair":null},"geometry":{"type":"LineString","coordinates":[[80.21671,26.498147],[80.216822,26.498473],[80.216853,26.498519],[80.216868,26.498531],[80.216895,26.498542],[80.216919,26.498554],[80.216936,26.498574],[80.216947,26.498599],[80.217112,26.499166],[80.217197,26.499488],[80.217219,26.499522],[80.217252,26.499534],[80.217312,26.499534],[80.217573,26.499508]]}},{"type":"Feature","properties":{"osmId":"way/952316282","kind":"road","highway":"residential","name":null,"level":"0","floor":0,"bridge":false,"wheelchair":null},"geometry":{"type":"LineString","coordinates":[[80.220898,26.512232],[80.22086,26.512165],[80.220786,26.512006],[80.220746,26.511943],[80.22071,26.511899],[80.220649,26.511839],[80.220556,26.511796],[80.220341,26.511727],[80.220164,26.51166],[80.220002,26.51158],[80.219811,26.511474],[80.218854,26.510987],[80.21838,26.510727],[80.218292,26.510672],[80.218236,26.510614],[80.218222,26.510538],[80.218258,26.51047],[80.218676,26.509901],[80.219437,26.50891],[80.220361,26.507709],[80.221019,26.506873],[80.221161,26.50674],[80.221278,26.506671],[80.221915,26.506335],[80.222552,26.505955],[80.222651,26.505888],[80.222757,26.505869],[80.223107,26.505895],[80.223245,26.505895],[80.223394,26.505872],[80.223822,26.505689],[80.224148,26.505559],[80.224272,26.505483],[80.224357,26.505388],[80.225369,26.504125]]}},{"type":"Feature","properties":{"osmId":"way/952840056","kind":"road","highway":"residential","name":null,"level":"0","floor":0,"bridge":false,"wheelchair":null},"geometry":{"type":"LineString","coordinates":[[80.228588,26.502093],[80.228456,26.501831],[80.228454,26.501798],[80.228462,26.501774],[80.228513,26.501744],[80.228851,26.501555],[80.229128,26.501373],[80.229307,26.501252]]}},{"type":"Feature","properties":{"osmId":"way/952843359","kind":"road","highway":"residential","name":null,"level":"0","floor":0,"bridge":false,"wheelchair":null},"geometry":{"type":"LineString","coordinates":[[80.228731,26.499915],[80.228895,26.500204],[80.228952,26.500311],[80.228961,26.500343],[80.228943,26.500383],[80.228935,26.500405],[80.228854,26.500465],[80.228848,26.500483],[80.228849,26.500494],[80.228861,26.500515],[80.228996,26.500596],[80.229059,26.50063],[80.229171,26.500651],[80.22923,26.500656],[80.229338,26.50068],[80.229433,26.500725],[80.229478,26.500762],[80.229571,26.500877],[80.229688,26.501033]]}},{"type":"Feature","properties":{"osmId":"way/952916248","kind":"road","highway":"residential","name":null,"level":"0","floor":0,"bridge":false,"wheelchair":null},"geometry":{"type":"LineString","coordinates":[[80.225947,26.493042],[80.226339,26.493292],[80.227806,26.494081],[80.22825,26.494334],[80.229464,26.495025],[80.229552,26.494924]]}},{"type":"Feature","properties":{"osmId":"way/952916265","kind":"road","highway":"track","name":null,"level":"0","floor":0,"bridge":false,"wheelchair":null},"geometry":{"type":"LineString","coordinates":[[80.222475,26.500013],[80.222832,26.500201],[80.222892,26.500213],[80.222922,26.500195],[80.223352,26.499614],[80.223696,26.499149]]}},{"type":"Feature","properties":{"osmId":"way/952916268","kind":"road","highway":"track","name":null,"level":"0","floor":0,"bridge":false,"wheelchair":null},"geometry":{"type":"LineString","coordinates":[[80.220639,26.498526],[80.220294,26.498984],[80.21973,26.499732],[80.219758,26.499769],[80.220081,26.500013],[80.220117,26.500042]]}},{"type":"Feature","properties":{"osmId":"way/952916272","kind":"road","highway":"track","name":null,"level":"0","floor":0,"bridge":false,"wheelchair":null},"geometry":{"type":"LineString","coordinates":[[80.220657,26.499538],[80.221283,26.499876],[80.223439,26.501043],[80.224029,26.501362]]}},{"type":"Feature","properties":{"osmId":"way/952934281","kind":"road","highway":"residential","name":null,"level":"0","floor":0,"bridge":false,"wheelchair":null},"geometry":{"type":"LineString","coordinates":[[80.228795,26.500985],[80.228925,26.500904],[80.228961,26.500897],[80.228997,26.500901],[80.229029,26.500919],[80.229333,26.501236]]}},{"type":"Feature","properties":{"osmId":"way/952934283","kind":"road","highway":"residential","name":null,"level":"0","floor":0,"bridge":false,"wheelchair":null},"geometry":{"type":"LineString","coordinates":[[80.221711,26.498],[80.220706,26.499279],[80.220117,26.500042],[80.219739,26.500525],[80.219623,26.500683],[80.219613,26.50073],[80.219615,26.500778],[80.219633,26.500833]]}},{"type":"Feature","properties":{"osmId":"way/1135866501","kind":"road","highway":"service","name":null,"level":"0","floor":0,"bridge":false,"wheelchair":null},"geometry":{"type":"LineString","coordinates":[[80.227236,26.50619],[80.226944,26.506177],[80.226892,26.506175],[80.226833,26.506151],[80.226816,26.506083],[80.22681,26.506017],[80.226829,26.50599],[80.226874,26.505974],[80.226925,26.505993],[80.226941,26.506048],[80.226946,26.506109],[80.226944,26.506177]]}},{"type":"Feature","properties":{"osmId":"way/1136989053","kind":"path","highway":"footway","name":null,"level":"0","floor":0,"bridge":false,"wheelchair":null},"geometry":{"type":"LineString","coordinates":[[80.226829,26.50599],[80.226794,26.505918],[80.226768,26.50589],[80.226375,26.505892],[80.226376,26.506055],[80.226288,26.506075],[80.226393,26.506403],[80.226488,26.506398],[80.226554,26.506227]]}},{"type":"Feature","properties":{"osmId":"way/1136989054","kind":"path","highway":"footway","name":null,"level":"0","floor":0,"bridge":false,"wheelchair":null},"geometry":{"type":"LineString","coordinates":[[80.226288,26.506075],[80.226266,26.505878],[80.226254,26.50576],[80.226251,26.505666],[80.226258,26.505582],[80.226272,26.505455],[80.226288,26.505359],[80.226334,26.505175],[80.226378,26.505078],[80.226392,26.505042],[80.226499,26.505037],[80.226554,26.505195]]}},{"type":"Feature","properties":{"osmId":"way/223207902","kind":"road","highway":"secondary","name":null,"level":"0","floor":0,"bridge":true,"wheelchair":null},"geometry":{"type":"LineString","coordinates":[[80.22188,26.504732],[80.222185,26.504926]]}},{"type":"Feature","properties":{"osmId":"way/950706718","kind":"road","highway":"service","name":null,"level":"0","floor":0,"bridge":false,"wheelchair":null},"geometry":{"type":"LineString","coordinates":[[80.217607,26.504506],[80.217518,26.504639],[80.217461,26.504692],[80.21739,26.50473],[80.217142,26.504813]]}},{"type":"Feature","properties":{"osmId":"way/950759584","kind":"road","highway":"service","name":null,"level":"0","floor":0,"bridge":false,"wheelchair":null},"geometry":{"type":"LineString","coordinates":[[80.217117,26.503413],[80.217116,26.503138]]}},{"type":"Feature","properties":{"osmId":"way/950759585","kind":"road","highway":"service","name":null,"level":"0","floor":0,"bridge":false,"wheelchair":null},"geometry":{"type":"LineString","coordinates":[[80.217098,26.502651],[80.21713,26.502696],[80.217154,26.503071],[80.217116,26.503138]]}},{"type":"Feature","properties":{"osmId":"way/950759586","kind":"road","highway":"service","name":null,"level":"0","floor":0,"bridge":false,"wheelchair":null},"geometry":{"type":"LineString","coordinates":[[80.217116,26.503138],[80.217074,26.503067],[80.217059,26.5027],[80.217098,26.502651]]}},{"type":"Feature","properties":{"osmId":"way/950759587","kind":"road","highway":"service","name":null,"level":"0","floor":0,"bridge":false,"wheelchair":null},"geometry":{"type":"LineString","coordinates":[[80.217098,26.502651],[80.217092,26.502613]]}},{"type":"Feature","properties":{"osmId":"way/950759591","kind":"road","highway":"service","name":null,"level":"0","floor":0,"bridge":false,"wheelchair":null},"geometry":{"type":"LineString","coordinates":[[80.216511,26.50264],[80.216463,26.501981],[80.216459,26.501934],[80.216455,26.50186],[80.216434,26.50147],[80.216415,26.501127]]}},{"type":"Feature","properties":{"osmId":"way/950759592","kind":"road","highway":"service","name":null,"level":"0","floor":0,"bridge":false,"wheelchair":null},"geometry":{"type":"LineString","coordinates":[[80.217854,26.50094],[80.218123,26.50093],[80.218145,26.500931],[80.21817,26.500947],[80.218181,26.500972],[80.218193,26.50106],[80.218215,26.50141],[80.218238,26.501788],[80.218242,26.501854],[80.218245,26.501904],[80.218279,26.502424],[80.2183,26.502856],[80.218318,26.503081],[80.218306,26.503124],[80.218281,26.503147],[80.218243,26.503163],[80.217859,26.503177],[80.217817,26.503168],[80.217783,26.503148],[80.21776,26.503116],[80.217751,26.503062],[80.217733,26.502593],[80.217698,26.501884],[80.217691,26.50181]]}},{"type":"Feature","properties":{"osmId":"way/950779065","kind":"road","highway":"service","name":null,"level":"0","floor":0,"bridge":false,"wheelchair":null},"geometry":{"type":"LineString","coordinates":[[80.217154,26.503071],[80.217751,26.503062]]}},{"type":"Feature","properties":{"osmId":"way/950779071","kind":"road","highway":"tertiary","name":null,"level":"0","floor":0,"bridge":false,"wheelchair":null},"geometry":{"type":"LineString","coordinates":[[80.219159,26.501345],[80.219104,26.501401],[80.219079,26.501428],[80.218897,26.501828],[80.218842,26.501951],[80.218668,26.50237],[80.218613,26.502536],[80.218581,26.502695],[80.218558,26.50283],[80.218456,26.503421]]}},{"type":"Feature","properties":{"osmId":"way/950779072","kind":"road","highway":"tertiary","name":null,"level":"0","floor":0,"bridge":false,"wheelchair":null},"geometry":{"type":"LineString","coordinates":[[80.218601,26.503414],[80.218654,26.502876],[80.218699,26.502676],[80.218733,26.50255],[80.218783,26.502404],[80.218945,26.501998],[80.219003,26.501861],[80.219168,26.501474],[80.219179,26.50144],[80.219159,26.501345]]}},{"type":"Feature","properties":{"osmId":"way/950797792","kind":"road","highway":"service","name":null,"level":"0","floor":0,"bridge":false,"wheelchair":null},"geometry":{"type":"LineString","coordinates":[[80.217332,26.503633],[80.217831,26.503655]]}},{"type":"Feature","properties":{"osmId":"way/951888866","kind":"road","highway":"service","name":null,"level":"0","floor":0,"bridge":false,"wheelchair":null},"geometry":{"type":"LineString","coordinates":[[80.217094,26.501834],[80.2171,26.501908]]}},{"type":"Feature","properties":{"osmId":"way/951888868","kind":"road","highway":"service","name":null,"level":"0","floor":0,"bridge":false,"wheelchair":null},"geometry":{"type":"LineString","coordinates":[[80.216434,26.50147],[80.218215,26.50141]]}},{"type":"Feature","properties":{"osmId":"way/951888870","kind":"road","highway":"service","name":null,"level":"0","floor":0,"bridge":false,"wheelchair":null},"geometry":{"type":"LineString","coordinates":[[80.21754,26.500587],[80.217536,26.500405]]}},{"type":"Feature","properties":{"osmId":"way/951888871","kind":"road","highway":"service","name":null,"level":"0","floor":0,"bridge":false,"wheelchair":null},"geometry":{"type":"LineString","coordinates":[[80.216793,26.500604],[80.216809,26.500978]]}},{"type":"Feature","properties":{"osmId":"way/951888872","kind":"road","highway":"service","name":null,"level":"0","floor":0,"bridge":false,"wheelchair":null},"geometry":{"type":"LineString","coordinates":[[80.216467,26.500619],[80.216431,26.50063],[80.216413,26.50065],[80.216405,26.500691],[80.216419,26.500952],[80.216423,26.500972],[80.216437,26.500985],[80.216463,26.500991],[80.216809,26.500978],[80.217854,26.50094]]}},{"type":"Feature","properties":{"osmId":"way/951888873","kind":"road","highway":"service","name":null,"level":"0","floor":0,"bridge":false,"wheelchair":null},"geometry":{"type":"LineString","coordinates":[[80.217854,26.50094],[80.217843,26.500633],[80.217834,26.500605],[80.217809,26.500587],[80.217773,26.500582],[80.21754,26.500587],[80.216793,26.500604],[80.216503,26.500611],[80.216467,26.500619]]}},{"type":"Feature","properties":{"osmId":"way/952934282","kind":"road","highway":"residential","name":null,"level":"0","floor":0,"bridge":false,"wheelchair":null},"geometry":{"type":"LineString","coordinates":[[80.219159,26.501345],[80.219283,26.501285],[80.219374,26.50122],[80.219478,26.501126],[80.219529,26.501061],[80.219582,26.500964],[80.219633,26.500833]]}},{"type":"Feature","properties":{"osmId":"way/1190750176","kind":"road","highway":"residential","name":null,"level":"0","floor":0,"bridge":false,"wheelchair":null},"geometry":{"type":"LineString","coordinates":[[80.21973,26.499732],[80.219641,26.499673],[80.219524,26.499804],[80.219335,26.500048]]}},{"type":"Feature","properties":{"osmId":"way/1190750275","kind":"road","highway":"residential","name":null,"level":"0","floor":0,"bridge":false,"wheelchair":null},"geometry":{"type":"LineString","coordinates":[[80.219203,26.499583],[80.219061,26.499784]]}},{"type":"Feature","properties":{"osmId":"way/1190750276","kind":"road","highway":"residential","name":null,"level":"0","floor":0,"bridge":false,"wheelchair":null},"geometry":{"type":"LineString","coordinates":[[80.219203,26.499583],[80.219192,26.499521]]}},{"type":"Feature","properties":{"osmId":"way/1273065310","kind":"road","highway":"tertiary","name":null,"level":"0","floor":0,"bridge":false,"wheelchair":null},"geometry":{"type":"LineString","coordinates":[[80.217819,26.500246],[80.217898,26.500301],[80.218174,26.500507],[80.219159,26.501345]]}},{"type":"Feature","properties":{"osmId":"way/223207906","kind":"road","highway":"secondary","name":null,"level":"0","floor":0,"bridge":false,"wheelchair":null},"geometry":{"type":"LineString","coordinates":[[80.222185,26.504926],[80.22076,26.506272],[80.223093,26.505503],[80.223202,26.505543],[80.223341,26.505557],[80.223528,26.50553],[80.223698,26.505467],[80.223924,26.505363],[80.224103,26.505241],[80.224276,26.505109],[80.22444,26.504932],[80.224618,26.504677],[80.22505,26.504073],[80.225202,26.503927],[80.225509,26.50368],[80.225765,26.503477],[80.226658,26.502809],[80.226973,26.502616],[80.227223,26.502502],[80.227502,26.5024],[80.227692,26.502343],[80.228015,26.502263],[80.228588,26.502093],[80.228761,26.502029],[80.229036,26.50192],[80.229359,26.5018],[80.229486,26.501754],[80.229525,26.501738],[80.229891,26.501589],[80.230062,26.501513],[80.230208,26.501445],[80.230345,26.501364],[80.23053,26.50123],[80.230704,26.501072],[80.230966,26.500858],[80.231088,26.500773],[80.231259,26.500683],[80.231369,26.500633],[80.231506,26.500591],[80.23182,26.500541],[80.232047,26.500513],[80.232511,26.50047],[80.232945,26.500419],[80.233146,26.500402],[80.233468,26.500366],[80.233632,26.500333],[80.233809,26.500289],[80.233976,26.500235],[80.234286,26.50014],[80.234428,26.500081],[80.234887,26.499921],[80.234945,26.499895],[80.23524,26.499738],[80.235411,26.499637],[80.235799,26.499392],[80.2359,26.499325],[80.236022,26.499264],[80.236137,26.499224],[80.236455,26.499098],[80.236765,26.498981],[80.237086,26.498861],[80.237395,26.498791],[80.23766,26.498747],[80.237989,26.498754],[80.238193,26.49876],[80.238381,26.49878],[80.23848,26.498792],[80.238744,26.498788],[80.239134,26.498747],[80.239694,26.498636],[80.239844,26.498605],[80.240093,26.498541],[80.240146,26.498525],[80.240655,26.498295],[80.240753,26.498238],[80.240982,26.498106],[80.241027,26.498078],[80.241214,26.497963],[80.241332,26.49789],[80.24146,26.497807],[80.242215,26.497268],[80.242318,26.497184],[80.242478,26.497065],[80.242596,26.496991],[80.242704,26.496915],[80.242881,26.496799],[80.243606,26.496286],[80.243769,26.496173],[80.243932,26.496057],[80.244134,26.495924],[80.244504,26.495654],[80.244735,26.495494],[80.244798,26.49545],[80.245308,26.4951],[80.245369,26.495055],[80.245637,26.494865],[80.246113,26.494524],[80.246244,26.494436],[80.246668,26.494188],[80.247313,26.493827],[80.247462,26.493748],[80.247991,26.493457]]}},{"type":"Feature","properties":{"osmId":"way/950238925","kind":"road","highway":"unclassified","name":null,"level":"0","floor":0,"bridge":false,"wheelchair":null},"geometry":{"type":"LineString","coordinates":[[80.21688,26.527193],[80.217007,26.528005],[80.217028,26.528221],[80.217039,26.528276],[80.217045,26.528304],[80.217084,26.528394],[80.217148,26.528495],[80.217517,26.528985],[80.217725,26.529229],[80.217962,26.529528],[80.218181,26.529797],[80.218379,26.530027],[80.218657,26.530386],[80.219049,26.530964],[80.219338,26.531366],[80.219607,26.531756],[80.219859,26.532063],[80.220156,26.532402],[80.220368,26.532632],[80.220808,26.533021],[80.221052,26.533208],[80.221524,26.533539],[80.221585,26.533592],[80.221624,26.533632],[80.221636,26.533675],[80.221625,26.533717],[80.221602,26.533756],[80.221448,26.533899],[80.221389,26.533962],[80.221357,26.534031],[80.221351,26.534102],[80.221371,26.534161],[80.22142,26.53422],[80.221751,26.53456],[80.222052,26.534928],[80.222106,26.535043],[80.222196,26.535228],[80.222303,26.535486],[80.22237,26.535629],[80.222422,26.535732],[80.222541,26.535861],[80.222649,26.535967],[80.222758,26.536099],[80.222815,26.536147],[80.22313,26.536304],[80.223227,26.536381],[80.223264,26.53643],[80.223285,26.536491],[80.223297,26.536549],[80.223279,26.536629],[80.223229,26.536753],[80.223143,26.536972],[80.223124,26.537019],[80.223056,26.537193],[80.223028,26.537298],[80.22303,26.53745],[80.223056,26.537621],[80.22312,26.537827],[80.223236,26.538288],[80.223306,26.53858],[80.223331,26.538775],[80.223329,26.538984],[80.223287,26.539363],[80.223246,26.539669],[80.223242,26.539919],[80.223263,26.540311],[80.223257,26.540429],[80.223253,26.540571],[80.223273,26.540722],[80.223305,26.540894],[80.223406,26.541276],[80.223444,26.541507],[80.223498,26.541689],[80.223549,26.541829],[80.223568,26.541882],[80.223639,26.542048],[80.223697,26.542184],[80.223714,26.542298],[80.223733,26.542371],[80.223741,26.542471],[80.223741,26.542533],[80.22374,26.542658],[80.223748,26.542718],[80.223801,26.542932],[80.223852,26.543162],[80.223862,26.543226],[80.223859,26.54329],[80.22383,26.543386],[80.223758,26.543517],[80.223737,26.543585],[80.22375,26.543668],[80.223845,26.544081],[80.224159,26.544626],[80.224177,26.544691],[80.224194,26.544757],[80.224218,26.544886],[80.22437,26.545214],[80.224411,26.54529],[80.224667,26.5457],[80.224714,26.545773],[80.224715,26.545776],[80.224834,26.545931],[80.225041,26.545597],[80.225238,26.545236],[80.225262,26.54521],[80.225302,26.545194],[80.22535,26.545203],[80.225456,26.545259],[80.225665,26.5454]]}},{"type":"Feature","properties":{"osmId":"way/343976527","kind":"path","highway":"footway","name":null,"level":"0","floor":0,"bridge":false,"wheelchair":null},"geometry":{"type":"LineString","coordinates":[[80.227388,26.504879],[80.227259,26.50488]]}},{"type":"Feature","properties":{"osmId":"way/343976528","kind":"path","highway":"footway","name":null,"level":"0","floor":0,"bridge":false,"wheelchair":null},"geometry":{"type":"LineString","coordinates":[[80.228095,26.505052],[80.228103,26.504698]]}},{"type":"Feature","properties":{"osmId":"way/343976529","kind":"path","highway":"footway","name":null,"level":"0","floor":0,"bridge":false,"wheelchair":null},"geometry":{"type":"LineString","coordinates":[[80.227811,26.504593],[80.227811,26.504536],[80.227806,26.504337]]}},{"type":"Feature","properties":{"osmId":"way/343976530","kind":"path","highway":"footway","name":null,"level":"0","floor":0,"bridge":false,"wheelchair":null},"geometry":{"type":"LineString","coordinates":[[80.227764,26.505588],[80.227768,26.505681],[80.227768,26.505843]]}},{"type":"Feature","properties":{"osmId":"way/343976531","kind":"path","highway":"footway","name":null,"level":"0","floor":0,"bridge":false,"wheelchair":null},"geometry":{"type":"LineString","coordinates":[[80.227757,26.505088],[80.227759,26.505192],[80.227765,26.505351]]}},{"type":"Feature","properties":{"osmId":"way/343976532","kind":"path","highway":"footway","name":null,"level":"0","floor":0,"bridge":false,"wheelchair":null},"geometry":{"type":"LineString","coordinates":[[80.22851,26.504345],[80.228501,26.504542],[80.228499,26.504601]]}},{"type":"Feature","properties":{"osmId":"way/343976533","kind":"path","highway":"footway","name":null,"level":"0","floor":0,"bridge":false,"wheelchair":null},"geometry":{"type":"LineString","coordinates":[[80.227765,26.505351],[80.227766,26.505451],[80.227764,26.505588]]}},{"type":"Feature","properties":{"osmId":"way/343976534","kind":"path","highway":"footway","name":null,"level":"0","floor":0,"bridge":false,"wheelchair":null},"geometry":{"type":"LineString","coordinates":[[80.228172,26.505177],[80.228787,26.505182],[80.228786,26.504972]]}},{"type":"Feature","properties":{"osmId":"way/343976536","kind":"path","highway":"footway","name":null,"level":"0","floor":0,"bridge":false,"wheelchair":null},"geometry":{"type":"LineString","coordinates":[[80.227811,26.504593],[80.22781,26.504694],[80.228103,26.504698],[80.228445,26.504707]]}},{"type":"Feature","properties":{"osmId":"way/343976538","kind":"road","highway":"service","name":null,"level":"0","floor":0,"bridge":false,"wheelchair":null},"geometry":{"type":"LineString","coordinates":[[80.228931,26.504972],[80.228786,26.504972],[80.228665,26.504973],[80.228665,26.504817],[80.228802,26.504817],[80.228933,26.504817]]}},{"type":"Feature","properties":{"osmId":"way/343976539","kind":"path","highway":"footway","name":null,"level":"0","floor":0,"bridge":false,"wheelchair":null},"geometry":{"type":"LineString","coordinates":[[80.227757,26.505088],[80.227754,26.505051],[80.228095,26.505052],[80.228172,26.505053],[80.228441,26.505055],[80.228445,26.504707],[80.228496,26.504707],[80.228499,26.504601]]}},{"type":"Feature","properties":{"osmId":"way/343976540","kind":"path","highway":"footway","name":null,"level":"0","floor":0,"bridge":false,"wheelchair":null},"geometry":{"type":"LineString","coordinates":[[80.228168,26.506007],[80.227377,26.506006],[80.227388,26.504879],[80.2274,26.504245],[80.228796,26.504262],[80.228809,26.504264],[80.228802,26.504817]]}},{"type":"Feature","properties":{"osmId":"way/952843358","kind":"road","highway":"residential","name":null,"level":"0","floor":0,"bridge":false,"wheelchair":null},"geometry":{"type":"LineString","coordinates":[[80.22842,26.500659],[80.228662,26.500884],[80.228795,26.500985],[80.228828,26.501009],[80.228951,26.501134],[80.229128,26.501373]]}},{"type":"Feature","properties":{"osmId":"way/952916271","kind":"road","highway":"track","name":null,"level":"0","floor":0,"bridge":false,"wheelchair":null},"geometry":{"type":"LineString","coordinates":[[80.223257,26.502368],[80.224029,26.501362],[80.224707,26.500432],[80.225065,26.499941]]}},{"type":"Feature","properties":{"osmId":"way/1136989055","kind":"path","highway":"footway","name":null,"level":"0","floor":0,"bridge":false,"wheelchair":null},"geometry":{"type":"LineString","coordinates":[[80.226288,26.505359],[80.226452,26.505386]]}},{"type":"Feature","properties":{"osmId":"way/1136989056","kind":"road","highway":"service","name":null,"level":"0","floor":0,"bridge":false,"wheelchair":null},"geometry":{"type":"LineString","coordinates":[[80.227252,26.505271],[80.226946,26.505258],[80.226854,26.505282],[80.226828,26.505337],[80.22682,26.505404],[80.226852,26.505442],[80.226932,26.505435],[80.22695,26.505395],[80.226954,26.505319],[80.226946,26.505258]]}},{"type":"Feature","properties":{"osmId":"way/1142120966","kind":"path","highway":"footway","name":null,"level":"0","floor":0,"bridge":false,"wheelchair":null},"geometry":{"type":"LineString","coordinates":[[80.226375,26.505892],[80.22635,26.505866],[80.226266,26.505878]]}},{"type":"Feature","properties":{"osmId":"way/1142120967","kind":"path","highway":"footway","name":null,"level":"0","floor":0,"bridge":false,"wheelchair":null},"geometry":{"type":"LineString","coordinates":[[80.226258,26.505582],[80.226362,26.50558],[80.226366,26.505539],[80.226813,26.505544],[80.226852,26.505442]]}},{"type":"Feature","properties":{"osmId":"way/682700066","kind":"road","highway":"residential","name":null,"level":"0","floor":0,"bridge":false,"wheelchair":null},"geometry":{"type":"LineString","coordinates":[[80.234143,26.498236],[80.234779,26.49905],[80.234776,26.499073],[80.23476,26.49909],[80.234388,26.499257]]}},{"type":"Feature","properties":{"osmId":"way/682700103","kind":"road","highway":"residential","name":null,"level":"0","floor":0,"bridge":false,"wheelchair":null},"geometry":{"type":"LineString","coordinates":[[80.233787,26.4985],[80.233184,26.498829]]}},{"type":"Feature","properties":{"osmId":"way/682700111","kind":"road","highway":"residential","name":null,"level":"0","floor":0,"bridge":false,"wheelchair":null},"geometry":{"type":"LineString","coordinates":[[80.233567,26.498212],[80.233947,26.498014]]}},{"type":"Feature","properties":{"osmId":"way/682702011","kind":"road","highway":"residential","name":null,"level":"0","floor":0,"bridge":false,"wheelchair":null},"geometry":{"type":"LineString","coordinates":[[80.233008,26.497674],[80.233306,26.497508],[80.233596,26.49732],[80.233814,26.497121],[80.233824,26.497104],[80.233822,26.49709],[80.233807,26.497038],[80.233453,26.496573],[80.233197,26.496247],[80.233173,26.496231],[80.233107,26.496221],[80.232837,26.496292],[80.232256,26.496444],[80.232117,26.496483],[80.232094,26.496478],[80.232066,26.496469],[80.23205,26.496448],[80.231945,26.496099]]}},{"type":"Feature","properties":{"osmId":"way/682702012","kind":"road","highway":"residential","name":null,"level":"0","floor":0,"bridge":false,"wheelchair":null},"geometry":{"type":"LineString","coordinates":[[80.232817,26.496797],[80.233306,26.497508],[80.233463,26.497711],[80.233578,26.497867]]}},{"type":"Feature","properties":{"osmId":"way/682702016","kind":"road","highway":"residential","name":null,"level":"0","floor":0,"bridge":false,"wheelchair":null},"geometry":{"type":"LineString","coordinates":[[80.232203,26.49854],[80.232715,26.498224],[80.232965,26.498026]]}},{"type":"Feature","properties":{"osmId":"way/682702018","kind":"road","highway":"residential","name":null,"level":"0","floor":0,"bridge":false,"wheelchair":null},"geometry":{"type":"LineString","coordinates":[[80.232545,26.497021],[80.232465,26.496937],[80.232817,26.496797],[80.233009,26.49672],[80.23311,26.496679],[80.233453,26.496573],[80.23367,26.496487]]}},{"type":"Feature","properties":{"osmId":"way/682702020","kind":"road","highway":"residential","name":null,"level":"0","floor":0,"bridge":false,"wheelchair":null},"geometry":{"type":"LineString","coordinates":[[80.230699,26.498382],[80.23074,26.498412],[80.230749,26.498415],[80.230778,26.498413],[80.230813,26.498403],[80.231208,26.498218],[80.231593,26.498032],[80.232087,26.497845]]}},{"type":"Feature","properties":{"osmId":"way/682702021","kind":"road","highway":"residential","name":null,"level":"0","floor":0,"bridge":false,"wheelchair":null},"geometry":{"type":"LineString","coordinates":[[80.233567,26.498212],[80.233447,26.498275],[80.233008,26.497674],[80.232545,26.497021],[80.232366,26.497086],[80.232106,26.497181],[80.231914,26.497324],[80.231234,26.497595],[80.231082,26.497665],[80.230859,26.49778]]}},{"type":"Feature","properties":{"osmId":"way/682702022","kind":"road","highway":"residential","name":null,"level":"0","floor":0,"bridge":false,"wheelchair":null},"geometry":{"type":"LineString","coordinates":[[80.23288,26.498615],[80.232644,26.498686],[80.232321,26.498786],[80.232203,26.49854],[80.232199,26.498441],[80.232189,26.498266],[80.232179,26.498112],[80.232087,26.497845],[80.232035,26.497696],[80.231914,26.497324],[80.23189,26.497069],[80.231926,26.496953],[80.231935,26.496864],[80.231926,26.496766],[80.231805,26.496305]]}},{"type":"Feature","properties":{"osmId":"way/682702024","kind":"road","highway":"residential","name":null,"level":"0","floor":0,"bridge":false,"wheelchair":null},"geometry":{"type":"LineString","coordinates":[[80.23044,26.499157],[80.23026,26.498656],[80.23017,26.498487],[80.230063,26.498409],[80.229967,26.4984],[80.229729,26.498426],[80.229389,26.498539]]}},{"type":"Feature","properties":{"osmId":"way/952843368","kind":"road","highway":"residential","name":null,"level":"0","floor":0,"bridge":false,"wheelchair":null},"geometry":{"type":"LineString","coordinates":[[80.232837,26.496292],[80.233009,26.49672]]}},{"type":"Feature","properties":{"osmId":"way/952843369","kind":"road","highway":"residential","name":null,"level":"0","floor":0,"bridge":false,"wheelchair":null},"geometry":{"type":"LineString","coordinates":[[80.232465,26.496937],[80.23241,26.496879],[80.232391,26.49683],[80.232256,26.496444]]}},{"type":"Feature","properties":{"osmId":"way/952843370","kind":"road","highway":"residential","name":null,"level":"0","floor":0,"bridge":false,"wheelchair":null},"geometry":{"type":"LineString","coordinates":[[80.232956,26.498571],[80.232715,26.498224],[80.232608,26.498065],[80.232486,26.497884]]}},{"type":"Feature","properties":{"osmId":"way/952843371","kind":"road","highway":"residential","name":null,"level":"0","floor":0,"bridge":false,"wheelchair":null},"geometry":{"type":"LineString","coordinates":[[80.233596,26.49732],[80.23311,26.496679]]}},{"type":"Feature","properties":{"osmId":"way/952843372","kind":"road","highway":"residential","name":null,"level":"0","floor":0,"bridge":false,"wheelchair":null},"geometry":{"type":"LineString","coordinates":[[80.231078,26.497368],[80.23189,26.497069]]}},{"type":"Feature","properties":{"osmId":"way/952843373","kind":"road","highway":"residential","name":null,"level":"0","floor":0,"bridge":false,"wheelchair":null},"geometry":{"type":"LineString","coordinates":[[80.231082,26.497665],[80.23127,26.497935],[80.231296,26.497956],[80.23132,26.497959],[80.231348,26.497958],[80.232035,26.497696]]}},{"type":"Feature","properties":{"osmId":"way/952843374","kind":"road","highway":"residential","name":null,"level":"0","floor":0,"bridge":false,"wheelchair":null},"geometry":{"type":"LineString","coordinates":[[80.230455,26.498113],[80.230699,26.498382]]}},{"type":"Feature","properties":{"osmId":"way/952843375","kind":"road","highway":"residential","name":null,"level":"0","floor":0,"bridge":false,"wheelchair":null},"geometry":{"type":"LineString","coordinates":[[80.23052,26.497773],[80.230678,26.49764],[80.230714,26.497631],[80.230744,26.497642],[80.230859,26.49778],[80.231046,26.497997],[80.231208,26.498218]]}},{"type":"Feature","properties":{"osmId":"way/952843376","kind":"road","highway":"residential","name":null,"level":"0","floor":0,"bridge":false,"wheelchair":null},"geometry":{"type":"LineString","coordinates":[[80.230063,26.498409],[80.230455,26.498113],[80.230524,26.498059],[80.230527,26.498013],[80.230438,26.497892],[80.230427,26.497861],[80.230446,26.497828],[80.23052,26.497773],[80.230858,26.498144]]}},{"type":"Feature","properties":{"osmId":"way/952843377","kind":"road","highway":"residential","name":null,"level":"0","floor":0,"bridge":false,"wheelchair":null},"geometry":{"type":"LineString","coordinates":[[80.233447,26.498275],[80.232956,26.498571],[80.23288,26.498615]]}},{"type":"Feature","properties":{"osmId":"way/952843379","kind":"road","highway":"residential","name":null,"level":"0","floor":0,"bridge":false,"wheelchair":null},"geometry":{"type":"LineString","coordinates":[[80.230471,26.499251],[80.23066,26.499158],[80.230699,26.499157],[80.230744,26.499175],[80.230942,26.499377]]}},{"type":"Feature","properties":{"osmId":"way/952843380","kind":"road","highway":"residential","name":null,"level":"0","floor":0,"bridge":false,"wheelchair":null},"geometry":{"type":"LineString","coordinates":[[80.230565,26.498746],[80.230836,26.498573],[80.230867,26.498561],[80.230889,26.498571],[80.231125,26.498833]]}},{"type":"Feature","properties":{"osmId":"way/952855471","kind":"road","highway":"residential","name":null,"level":"0","floor":0,"bridge":false,"wheelchair":null},"geometry":{"type":"LineString","coordinates":[[80.234458,26.495258],[80.234721,26.495711],[80.234838,26.495914]]}},{"type":"Feature","properties":{"osmId":"way/952855472","kind":"road","highway":"residential","name":null,"level":"0","floor":0,"bridge":false,"wheelchair":null},"geometry":{"type":"LineString","coordinates":[[80.233776,26.495025],[80.233921,26.495324]]}},{"type":"Feature","properties":{"osmId":"way/952855473","kind":"road","highway":"residential","name":null,"level":"0","floor":0,"bridge":false,"wheelchair":null},"geometry":{"type":"LineString","coordinates":[[80.234297,26.496141],[80.234761,26.495942],[80.234838,26.495914],[80.234898,26.495892],[80.235039,26.495848]]}},{"type":"Feature","properties":{"osmId":"way/952855476","kind":"road","highway":"residential","name":null,"level":"0","floor":0,"bridge":false,"wheelchair":null},"geometry":{"type":"LineString","coordinates":[[80.235621,26.497536],[80.235354,26.497094]]}},{"type":"Feature","properties":{"osmId":"way/952855479","kind":"road","highway":"residential","name":null,"level":"0","floor":0,"bridge":false,"wheelchair":null},"geometry":{"type":"LineString","coordinates":[[80.234827,26.494586],[80.235271,26.495577]]}},{"type":"Feature","properties":{"osmId":"way/952855480","kind":"road","highway":"residential","name":null,"level":"0","floor":0,"bridge":false,"wheelchair":null},"geometry":{"type":"LineString","coordinates":[[80.234552,26.494714],[80.234884,26.495414],[80.235053,26.495714],[80.235058,26.495738],[80.235058,26.495768],[80.235039,26.495848],[80.235151,26.496039]]}},{"type":"Feature","properties":{"osmId":"way/952867533","kind":"road","highway":"residential","name":null,"level":"0","floor":0,"bridge":false,"wheelchair":null},"geometry":{"type":"LineString","coordinates":[[80.234789,26.497052],[80.234917,26.49735],[80.234997,26.497497],[80.235205,26.497782]]}},{"type":"Feature","properties":{"osmId":"way/952867534","kind":"road","highway":"residential","name":null,"level":"0","floor":0,"bridge":false,"wheelchair":null},"geometry":{"type":"LineString","coordinates":[[80.234522,26.497159],[80.234628,26.497426],[80.234654,26.497492],[80.234721,26.497665],[80.234868,26.497977]]}},{"type":"Feature","properties":{"osmId":"way/952867551","kind":"road","highway":"residential","name":null,"level":"0","floor":0,"bridge":false,"wheelchair":null},"geometry":{"type":"LineString","coordinates":[[80.235062,26.49447],[80.235367,26.495073],[80.235576,26.495524],[80.23561,26.495615],[80.235634,26.495695],[80.235618,26.495791],[80.235605,26.495835],[80.235559,26.495872],[80.235524,26.495889],[80.235454,26.495864],[80.235339,26.495805],[80.235058,26.495738]]}},{"type":"Feature","properties":{"osmId":"way/952894203","kind":"road","highway":"residential","name":null,"level":"0","floor":0,"bridge":false,"wheelchair":null},"geometry":{"type":"LineString","coordinates":[[80.233071,26.494902],[80.233247,26.495237]]}},{"type":"Feature","properties":{"osmId":"way/952894204","kind":"road","highway":"residential","name":null,"level":"0","floor":0,"bridge":false,"wheelchair":null},"geometry":{"type":"LineString","coordinates":[[80.231805,26.496305],[80.231798,26.496217],[80.231821,26.496168],[80.231864,26.496128],[80.231945,26.496099],[80.23278,26.4958],[80.232817,26.495777],[80.232838,26.495743],[80.232844,26.495718],[80.232845,26.4957],[80.232847,26.495613],[80.232856,26.495591],[80.232911,26.495534],[80.23293,26.495439]]}},{"type":"Feature","properties":{"osmId":"way/952894205","kind":"road","highway":"residential","name":null,"level":"0","floor":0,"bridge":false,"wheelchair":null},"geometry":{"type":"LineString","coordinates":[[80.234428,26.498007],[80.234236,26.497733],[80.234231,26.497711],[80.234241,26.497678],[80.234654,26.497492]]}},{"type":"Feature","properties":{"osmId":"way/952897336","kind":"road","highway":"residential","name":null,"level":"0","floor":0,"bridge":false,"wheelchair":null},"geometry":{"type":"LineString","coordinates":[[80.232366,26.497086],[80.232583,26.497457]]}},{"type":"Feature","properties":{"osmId":"way/952897337","kind":"road","highway":"residential","name":null,"level":"0","floor":0,"bridge":false,"wheelchair":null},"geometry":{"type":"LineString","coordinates":[[80.234898,26.495892],[80.235067,26.496217]]}},{"type":"Feature","properties":{"osmId":"way/952916277","kind":"road","highway":"residential","name":null,"level":"0","floor":0,"bridge":false,"wheelchair":null},"geometry":{"type":"LineString","coordinates":[[80.232189,26.498266],[80.232323,26.498222],[80.232446,26.498171],[80.232608,26.498065]]}},{"type":"Feature","properties":{"osmId":"way/952916278","kind":"road","highway":"residential","name":null,"level":"0","floor":0,"bridge":false,"wheelchair":null},"geometry":{"type":"LineString","coordinates":[[80.231263,26.498714],[80.231352,26.498905],[80.23142,26.499026]]}},{"type":"Feature","properties":{"osmId":"way/952934295","kind":"road","highway":"residential","name":null,"level":"0","floor":0,"bridge":false,"wheelchair":null},"geometry":{"type":"LineString","coordinates":[[80.233409,26.49918],[80.234101,26.498895]]}},{"type":"Feature","properties":{"osmId":"way/952843360","kind":"road","highway":"residential","name":null,"level":"0","floor":0,"bridge":false,"wheelchair":null},"geometry":{"type":"LineString","coordinates":[[80.23637,26.497413],[80.236596,26.497878],[80.236728,26.498149],[80.237086,26.498861]]}},{"type":"Feature","properties":{"osmId":"way/952855474","kind":"road","highway":"residential","name":null,"level":"0","floor":0,"bridge":false,"wheelchair":null},"geometry":{"type":"LineString","coordinates":[[80.236728,26.498149],[80.237368,26.498016],[80.237497,26.497999],[80.237544,26.498003]]}},{"type":"Feature","properties":{"osmId":"way/952855475","kind":"road","highway":"residential","name":null,"level":"0","floor":0,"bridge":false,"wheelchair":null},"geometry":{"type":"LineString","coordinates":[[80.235805,26.496868],[80.235837,26.496967],[80.235894,26.497168],[80.235936,26.497272],[80.236016,26.497428],[80.236327,26.498067],[80.23595,26.498189]]}},{"type":"Feature","properties":{"osmId":"way/952867538","kind":"road","highway":"residential","name":null,"level":"0","floor":0,"bridge":false,"wheelchair":null},"geometry":{"type":"LineString","coordinates":[[80.23848,26.498792],[80.238543,26.499209],[80.238552,26.49929],[80.238567,26.499328],[80.238605,26.499342],[80.238634,26.499341],[80.239234,26.499249],[80.2395,26.499202],[80.239806,26.499137]]}},{"type":"Feature","properties":{"osmId":"way/952867539","kind":"road","highway":"residential","name":null,"level":"0","floor":0,"bridge":false,"wheelchair":null},"geometry":{"type":"LineString","coordinates":[[80.237738,26.49918],[80.238543,26.499209]]}},{"type":"Feature","properties":{"osmId":"way/952894174","kind":"road","highway":"residential","name":null,"level":"0","floor":0,"bridge":false,"wheelchair":null},"geometry":{"type":"LineString","coordinates":[[80.236815,26.494196],[80.236884,26.494222],[80.237006,26.494222],[80.237601,26.494007],[80.237712,26.493987],[80.237772,26.493978],[80.237929,26.493988],[80.238089,26.493999],[80.238134,26.494021],[80.238162,26.494048],[80.238147,26.494139],[80.238144,26.494158],[80.238154,26.494175],[80.238273,26.494227],[80.238304,26.49426],[80.238446,26.494492],[80.238713,26.4951]]}},{"type":"Feature","properties":{"osmId":"way/952894175","kind":"road","highway":"residential","name":null,"level":"0","floor":0,"bridge":false,"wheelchair":null},"geometry":{"type":"LineString","coordinates":[[80.240418,26.494739],[80.240703,26.495093],[80.240746,26.495158],[80.240834,26.495237],[80.240922,26.495328]]}},{"type":"Feature","properties":{"osmId":"way/952894176","kind":"road","highway":"residential","name":null,"level":"0","floor":0,"bridge":false,"wheelchair":null},"geometry":{"type":"LineString","coordinates":[[80.240074,26.49443],[80.240013,26.494665],[80.240007,26.494719],[80.240032,26.494764],[80.240234,26.495014]]}},{"type":"Feature","properties":{"osmId":"way/952894177","kind":"road","highway":"residential","name":null,"level":"0","floor":0,"bridge":false,"wheelchair":null},"geometry":{"type":"LineString","coordinates":[[80.239533,26.495695],[80.23994,26.495493],[80.240074,26.495443],[80.240148,26.495429]]}},{"type":"Feature","properties":{"osmId":"way/952894178","kind":"road","highway":"residential","name":null,"level":"0","floor":0,"bridge":false,"wheelchair":null},"geometry":{"type":"LineString","coordinates":[[80.239079,26.494979],[80.239163,26.494943],[80.239487,26.494803],[80.239551,26.494806],[80.239594,26.494816],[80.23962,26.494838],[80.239816,26.495138],[80.239853,26.495175],[80.239886,26.495183],[80.239922,26.49517],[80.240156,26.495037],[80.240234,26.495014],[80.240285,26.495018],[80.240304,26.495025]]}},{"type":"Feature","properties":{"osmId":"way/952894179","kind":"road","highway":"residential","name":null,"level":"0","floor":0,"bridge":false,"wheelchair":null},"geometry":{"type":"LineString","coordinates":[[80.241559,26.495832],[80.241898,26.495552]]}},{"type":"Feature","properties":{"osmId":"way/952894180","kind":"road","highway":"residential","name":null,"level":"0","floor":0,"bridge":false,"wheelchair":null},"geometry":{"type":"LineString","coordinates":[[80.240577,26.49428],[80.2407,26.494518],[80.240901,26.49491],[80.241129,26.4952]]}},{"type":"Feature","properties":{"osmId":"way/952894194","kind":"road","highway":"residential","name":null,"level":"0","floor":0,"bridge":false,"wheelchair":null},"geometry":{"type":"LineString","coordinates":[[80.241155,26.496207],[80.241017,26.496304],[80.241002,26.49634],[80.241027,26.496387],[80.241362,26.49684]]}},{"type":"Feature","properties":{"osmId":"way/952894195","kind":"road","highway":"residential","name":null,"level":"0","floor":0,"bridge":false,"wheelchair":null},"geometry":{"type":"LineString","coordinates":[[80.240248,26.495164],[80.240871,26.495887],[80.241155,26.496207],[80.241269,26.49613],[80.24132,26.496134],[80.241362,26.496149],[80.241413,26.496176],[80.242215,26.497268]]}},{"type":"Feature","properties":{"osmId":"way/952894196","kind":"road","highway":"residential","name":null,"level":"0","floor":0,"bridge":false,"wheelchair":null},"geometry":{"type":"LineString","coordinates":[[80.24032,26.496219],[80.240871,26.495887]]}},{"type":"Feature","properties":{"osmId":"way/952894197","kind":"road","highway":"residential","name":null,"level":"0","floor":0,"bridge":false,"wheelchair":null},"geometry":{"type":"LineString","coordinates":[[80.239528,26.4982],[80.240302,26.49792]]}},{"type":"Feature","properties":{"osmId":"way/952894198","kind":"road","highway":"residential","name":null,"level":"0","floor":0,"bridge":false,"wheelchair":null},"geometry":{"type":"LineString","coordinates":[[80.238897,26.497093],[80.239235,26.497593],[80.239341,26.497749],[80.239397,26.497872],[80.239528,26.4982],[80.239694,26.498636]]}},{"type":"Feature","properties":{"osmId":"way/952894199","kind":"road","highway":"residential","name":null,"level":"0","floor":0,"bridge":false,"wheelchair":null},"geometry":{"type":"LineString","coordinates":[[80.239487,26.497252],[80.2398,26.497739],[80.239863,26.497758],[80.239905,26.497756],[80.239954,26.497743],[80.240647,26.49746]]}},{"type":"Feature","properties":{"osmId":"way/952894200","kind":"road","highway":"residential","name":null,"level":"0","floor":0,"bridge":false,"wheelchair":null},"geometry":{"type":"LineString","coordinates":[[80.237799,26.4954],[80.238066,26.495313],[80.238713,26.4951],[80.239079,26.494979],[80.239332,26.495378],[80.239533,26.495695],[80.239795,26.496101],[80.240072,26.496528],[80.240647,26.49746],[80.241027,26.498078]]}},{"type":"Feature","properties":{"osmId":"way/952894201","kind":"road","highway":"residential","name":null,"level":"0","floor":0,"bridge":false,"wheelchair":null},"geometry":{"type":"LineString","coordinates":[[80.237508,26.497771],[80.23797,26.497545],[80.238302,26.497383],[80.238607,26.497233],[80.238815,26.497133],[80.238897,26.497093],[80.239084,26.497004],[80.240072,26.496528]]}},{"type":"Feature","properties":{"osmId":"way/952894202","kind":"road","highway":"residential","name":null,"level":"0","floor":0,"bridge":false,"wheelchair":null},"geometry":{"type":"LineString","coordinates":[[80.237955,26.49477],[80.237799,26.4954],[80.237812,26.495498],[80.237846,26.49556],[80.23835,26.496712],[80.238607,26.497233]]}},{"type":"Feature","properties":{"osmId":"way/952897312","kind":"road","highway":"residential","name":null,"level":"0","floor":0,"bridge":false,"wheelchair":null},"geometry":{"type":"LineString","coordinates":[[80.239306,26.496185],[80.238912,26.496325],[80.238886,26.496336],[80.23887,26.496357],[80.238871,26.49638],[80.238909,26.496442],[80.238925,26.496498],[80.238933,26.496577],[80.238936,26.496645],[80.238965,26.49675],[80.239084,26.497004]]}},{"type":"Feature","properties":{"osmId":"way/952897313","kind":"road","highway":"residential","name":null,"level":"0","floor":0,"bridge":false,"wheelchair":null},"geometry":{"type":"LineString","coordinates":[[80.238066,26.495313],[80.238084,26.495346],[80.238479,26.496277],[80.238478,26.496286],[80.238472,26.496301],[80.238408,26.496334],[80.238391,26.496351],[80.2384,26.496377],[80.238815,26.497133]]}},{"type":"Feature","properties":{"osmId":"way/952897322","kind":"road","highway":"residential","name":null,"level":"0","floor":0,"bridge":false,"wheelchair":null},"geometry":{"type":"LineString","coordinates":[[80.239795,26.496101],[80.239595,26.496122],[80.239548,26.496128],[80.239509,26.496139],[80.239381,26.496198],[80.239331,26.496197],[80.239306,26.496185],[80.238952,26.495611],[80.238946,26.495579],[80.238955,26.495569],[80.238977,26.495548],[80.239332,26.495378]]}},{"type":"Feature","properties":{"osmId":"way/952897323","kind":"road","highway":"residential","name":null,"level":"0","floor":0,"bridge":false,"wheelchair":null},"geometry":{"type":"LineString","coordinates":[[80.240753,26.498238],[80.241285,26.499033]]}},{"type":"Feature","properties":{"osmId":"way/952897325","kind":"road","highway":"residential","name":null,"level":"0","floor":0,"bridge":false,"wheelchair":null},"geometry":{"type":"LineString","coordinates":[[80.241214,26.497963],[80.241377,26.498257],[80.241426,26.498307],[80.241519,26.498346],[80.241693,26.498387],[80.241771,26.498411],[80.241845,26.498444],[80.241935,26.498548],[80.241993,26.498681]]}},{"type":"Feature","properties":{"osmId":"way/952916273","kind":"road","highway":"residential","name":null,"level":"0","floor":0,"bridge":false,"wheelchair":null},"geometry":{"type":"LineString","coordinates":[[80.236246,26.498725],[80.236541,26.498584],[80.236555,26.49857],[80.236558,26.498552],[80.236558,26.498519],[80.236327,26.498067]]}},{"type":"Feature","properties":{"osmId":"way/952916275","kind":"road","highway":"service","name":null,"level":"0","floor":0,"bridge":false,"wheelchair":null},"geometry":{"type":"LineString","coordinates":[[80.236765,26.498981],[80.236968,26.499384],[80.236976,26.499427]]}},{"type":"Feature","properties":{"osmId":"way/952916283","kind":"road","highway":"residential","name":null,"level":"0","floor":0,"bridge":false,"wheelchair":null},"geometry":{"type":"LineString","coordinates":[[80.238197,26.497809],[80.238386,26.498395],[80.238424,26.498533],[80.23848,26.498792]]}},{"type":"Feature","properties":{"osmId":"way/952916284","kind":"road","highway":"residential","name":null,"level":"0","floor":0,"bridge":false,"wheelchair":null},"geometry":{"type":"LineString","coordinates":[[80.23762,26.496909],[80.23797,26.497545]]}},{"type":"Feature","properties":{"osmId":"way/952916285","kind":"road","highway":"residential","name":null,"level":"0","floor":0,"bridge":false,"wheelchair":null},"geometry":{"type":"LineString","coordinates":[[80.237942,26.49678],[80.238302,26.497383]]}},{"type":"Feature","properties":{"osmId":"way/953333400","kind":"road","highway":"residential","name":null,"level":"0","floor":0,"bridge":false,"wheelchair":null},"geometry":{"type":"LineString","coordinates":[[80.241771,26.498411],[80.241784,26.498317],[80.241767,26.498249],[80.241593,26.497853]]}},{"type":"Feature","properties":{"osmId":"way/54185581","kind":"road","highway":"residential","name":"4th Avenue","level":"0","floor":0,"bridge":false,"wheelchair":null},"geometry":{"type":"LineString","coordinates":[[80.235418,26.505135],[80.235392,26.50651],[80.235386,26.507455],[80.235385,26.50756],[80.235383,26.508083],[80.235374,26.508349],[80.235354,26.509946],[80.235349,26.51014]]}},{"type":"Feature","properties":{"osmId":"way/54185673","kind":"road","highway":"residential","name":"6th Avenue","level":"0","floor":0,"bridge":false,"wheelchair":null},"geometry":{"type":"LineString","coordinates":[[80.230778,26.505328],[80.230771,26.505658],[80.230756,26.506294],[80.230757,26.506377],[80.230761,26.507332],[80.230752,26.508073],[80.230748,26.508375],[80.230737,26.509239]]}},{"type":"Feature","properties":{"osmId":"way/54187261","kind":"road","highway":"residential","name":null,"level":"0","floor":0,"bridge":false,"wheelchair":null},"geometry":{"type":"LineString","coordinates":[[80.232789,26.508083],[80.232812,26.506398],[80.233321,26.50593],[80.233337,26.505537],[80.23336,26.504971],[80.233378,26.504593]]}},{"type":"Feature","properties":{"osmId":"way/295568693","kind":"road","highway":"residential","name":"Lane 61","level":"0","floor":0,"bridge":false,"wheelchair":null},"geometry":{"type":"LineString","coordinates":[[80.235428,26.504615],[80.235504,26.504624],[80.235767,26.504652],[80.236166,26.504653],[80.236433,26.50465],[80.236432,26.505074]]}},{"type":"Feature","properties":{"osmId":"way/376453655","kind":"road","highway":"residential","name":null,"level":"0","floor":0,"bridge":false,"wheelchair":null},"geometry":{"type":"LineString","coordinates":[[80.236415,26.506533],[80.236432,26.505074]]}},{"type":"Feature","properties":{"osmId":"way/376453657","kind":"road","highway":"residential","name":null,"level":"0","floor":0,"bridge":false,"wheelchair":null},"geometry":{"type":"LineString","coordinates":[[80.237483,26.506544],[80.237482,26.505489]]}},{"type":"Feature","properties":{"osmId":"way/414219056","kind":"road","highway":"residential","name":null,"level":"0","floor":0,"bridge":false,"wheelchair":null},"geometry":{"type":"LineString","coordinates":[[80.250777,26.496915],[80.250078,26.497027],[80.250026,26.497035],[80.249661,26.497095],[80.249506,26.49712],[80.248641,26.497257],[80.248432,26.497299],[80.247699,26.497443],[80.247451,26.497492],[80.247009,26.497579],[80.246919,26.497596],[80.246692,26.497637],[80.246108,26.49774],[80.245952,26.497767],[80.245704,26.497811],[80.245363,26.497877],[80.245267,26.497894],[80.244927,26.497953],[80.244548,26.498026],[80.24437,26.498057],[80.244041,26.498122],[80.243663,26.498199],[80.243388,26.498256],[80.243062,26.49833],[80.242667,26.498463],[80.242259,26.498596],[80.241993,26.498681],[80.241934,26.498711],[80.241285,26.499033],[80.241236,26.499058],[80.240897,26.499274],[80.240659,26.499454],[80.24033,26.499701],[80.240158,26.499813],[80.239868,26.500035],[80.239568,26.500249],[80.239197,26.500509],[80.238893,26.500737],[80.238601,26.500927],[80.238551,26.500959],[80.238301,26.501166],[80.237827,26.501522],[80.237679,26.501609],[80.237366,26.501843],[80.236794,26.502238],[80.23651,26.502434],[80.236258,26.502608],[80.236236,26.502623],[80.235778,26.502948],[80.235257,26.503328]]}},{"type":"Feature","properties":{"osmId":"way/667061509","kind":"road","highway":"residential","name":null,"level":"0","floor":0,"bridge":false,"wheelchair":null},"geometry":{"type":"LineString","coordinates":[[80.242317,26.501921],[80.242416,26.502028],[80.242163,26.502248],[80.241839,26.502442],[80.241732,26.502527],[80.241586,26.502645],[80.241507,26.502709],[80.24145,26.502755],[80.241386,26.502807],[80.241194,26.502904],[80.241106,26.502928],[80.240863,26.502984],[80.240711,26.503036],[80.240565,26.503087],[80.240315,26.503188],[80.240237,26.503227],[80.240211,26.503193],[80.239848,26.502551],[80.239728,26.502338]]}},{"type":"Feature","properties":{"osmId":"way/667061510","kind":"road","highway":"residential","name":null,"level":"0","floor":0,"bridge":false,"wheelchair":null},"geometry":{"type":"LineString","coordinates":[[80.241283,26.500922],[80.241564,26.501194],[80.241937,26.501554],[80.242188,26.501797],[80.242317,26.501921],[80.242656,26.501675]]}},{"type":"Feature","properties":{"osmId":"way/667061512","kind":"road","highway":"residential","name":null,"level":"0","floor":0,"bridge":false,"wheelchair":null},"geometry":{"type":"LineString","coordinates":[[80.242701,26.500116],[80.242471,26.500308],[80.242306,26.500416],[80.242024,26.500567],[80.2417,26.500759],[80.242248,26.501265],[80.242479,26.501499],[80.242656,26.501675],[80.242715,26.501734],[80.243065,26.502084],[80.243261,26.502281],[80.243702,26.502669],[80.244015,26.502948],[80.244307,26.503205]]}},{"type":"Feature","properties":{"osmId":"way/667061516","kind":"road","highway":"residential","name":null,"level":"0","floor":0,"bridge":false,"wheelchair":null},"geometry":{"type":"LineString","coordinates":[[80.244266,26.501571],[80.244145,26.50148],[80.243965,26.50129],[80.243863,26.501169],[80.243694,26.500991],[80.243543,26.500841],[80.243485,26.500783],[80.243452,26.500775],[80.243364,26.500707],[80.243191,26.500542],[80.242701,26.500116],[80.242992,26.499922],[80.243341,26.499667],[80.243579,26.499496],[80.243611,26.499447],[80.243601,26.499394],[80.243564,26.499322],[80.243426,26.499167],[80.243258,26.498945],[80.243226,26.498919],[80.243195,26.498918],[80.243051,26.498994],[80.242751,26.499202],[80.242525,26.499345],[80.241965,26.499704],[80.241649,26.499762],[80.241256,26.499793],[80.241212,26.499785],[80.241173,26.499739],[80.240897,26.499274]]}},{"type":"Feature","properties":{"osmId":"way/667061524","kind":"road","highway":"tertiary","name":null,"level":"0","floor":0,"bridge":false,"wheelchair":null},"geometry":{"type":"LineString","coordinates":[[80.253892,26.500712],[80.253499,26.501001],[80.253475,26.50102],[80.253385,26.501092],[80.253149,26.501304],[80.25308,26.501364],[80.253043,26.501397],[80.252941,26.501492],[80.252893,26.501527],[80.252804,26.501592],[80.252735,26.501634],[80.252611,26.501709],[80.252405,26.50183],[80.252224,26.501925],[80.252081,26.501986],[80.252025,26.501996],[80.251994,26.502002],[80.251855,26.502009],[80.251666,26.502002],[80.25151,26.502018],[80.2514,26.502036],[80.251215,26.502036],[80.25105,26.50201],[80.250978,26.501979],[80.250824,26.50191],[80.250673,26.501818],[80.250165,26.501541],[80.249926,26.501411],[80.249816,26.501348],[80.249371,26.501103],[80.24882,26.500824],[80.248514,26.500741],[80.24836,26.500704],[80.248187,26.500667],[80.247784,26.500562],[80.247649,26.500531],[80.247512,26.500495],[80.247091,26.500422],[80.246866,26.500382],[80.246668,26.500348],[80.246466,26.500328],[80.246116,26.500294],[80.245545,26.500272],[80.245348,26.500267],[80.24522,26.500258],[80.245058,26.500197],[80.244919,26.500118],[80.244733,26.499972],[80.244642,26.499861],[80.244574,26.499724],[80.244529,26.499643],[80.24443,26.499462],[80.244326,26.499273],[80.244261,26.499155],[80.244193,26.499058],[80.244015,26.498871],[80.24367,26.498509],[80.243388,26.498256],[80.242997,26.497919],[80.242609,26.497821],[80.242157,26.497818],[80.241593,26.497853],[80.241332,26.49789]]}},{"type":"Feature","properties":{"osmId":"way/668596262","kind":"road","highway":"residential","name":null,"level":"0","floor":0,"bridge":false,"wheelchair":null},"geometry":{"type":"LineString","coordinates":[[80.242024,26.500567],[80.242389,26.500872],[80.242598,26.501115],[80.242754,26.50128]]}},{"type":"Feature","properties":{"osmId":"way/671206671","kind":"road","highway":"residential","name":null,"level":"0","floor":0,"bridge":false,"wheelchair":null},"geometry":{"type":"LineString","coordinates":[[80.243073,26.494828],[80.243346,26.494627],[80.24297,26.494224],[80.242581,26.49383],[80.242282,26.494139],[80.243073,26.494828],[80.2427,26.495099],[80.242338,26.495385],[80.241984,26.495625]]}},{"type":"Feature","properties":{"osmId":"way/672781021","kind":"road","highway":"residential","name":null,"level":"0","floor":0,"bridge":false,"wheelchair":null},"geometry":{"type":"LineString","coordinates":[[80.243777,26.506846],[80.243767,26.506852],[80.243758,26.506856],[80.24374,26.506853],[80.243724,26.506842],[80.243712,26.50683],[80.243485,26.506575],[80.243186,26.50625],[80.243056,26.506085],[80.242901,26.505884],[80.242632,26.5056],[80.242244,26.50523],[80.242447,26.5051],[80.242848,26.504776],[80.243045,26.504618],[80.243343,26.504371],[80.243679,26.504091]]}},{"type":"Feature","properties":{"osmId":"way/672781039","kind":"road","highway":"residential","name":null,"level":"0","floor":0,"bridge":false,"wheelchair":null},"geometry":{"type":"LineString","coordinates":[[80.24161,26.505275],[80.242288,26.505976],[80.242684,26.506387],[80.242786,26.506497],[80.242939,26.506665],[80.243397,26.507128],[80.243926,26.50762],[80.243982,26.507648],[80.244025,26.507644],[80.244076,26.507605],[80.244291,26.507372],[80.244316,26.507349],[80.244354,26.507323],[80.244379,26.507304],[80.244591,26.507478],[80.244938,26.506972]]}},{"type":"Feature","properties":{"osmId":"way/672781040","kind":"road","highway":"residential","name":null,"level":"0","floor":0,"bridge":false,"wheelchair":null},"geometry":{"type":"LineString","coordinates":[[80.235778,26.502948],[80.236005,26.503227],[80.23615,26.503399],[80.236286,26.503608],[80.236384,26.503773],[80.2365,26.504001],[80.236655,26.504221],[80.23674,26.504341],[80.236858,26.504427],[80.236988,26.504488],[80.237124,26.50459],[80.237369,26.50477],[80.237425,26.504816],[80.237564,26.504911],[80.237693,26.505037],[80.237853,26.505175],[80.238058,26.505348],[80.23817,26.505467],[80.238285,26.505583],[80.238467,26.505768],[80.238681,26.506001],[80.23881,26.506129],[80.23898,26.506313],[80.239136,26.506451],[80.239201,26.506514],[80.239364,26.506674],[80.239471,26.506717],[80.239546,26.506724],[80.239659,26.506674],[80.239907,26.506479],[80.240129,26.506302],[80.240266,26.506202],[80.24041,26.506096],[80.240656,26.505915],[80.240844,26.50579],[80.240989,26.505696],[80.241021,26.505672],[80.241122,26.505608],[80.241243,26.505532],[80.241369,26.505452],[80.241442,26.505399],[80.24161,26.505275],[80.241724,26.50519],[80.241996,26.504922],[80.24226,26.504687],[80.242358,26.50461],[80.242587,26.504429],[80.242825,26.504232],[80.242916,26.504167],[80.243197,26.503936],[80.243381,26.503786],[80.243771,26.503606],[80.243963,26.503468],[80.244141,26.50334],[80.244307,26.503205]]}},{"type":"Feature","properties":{"osmId":"way/682695183","kind":"road","highway":"residential","name":null,"level":"0","floor":0,"bridge":false,"wheelchair":null},"geometry":{"type":"LineString","coordinates":[[80.241106,26.502928],[80.241993,26.503824],[80.242281,26.504114],[80.242587,26.504429]]}},{"type":"Feature","properties":{"osmId":"way/682696316","kind":"road","highway":"residential","name":null,"level":"0","floor":0,"bridge":false,"wheelchair":null},"geometry":{"type":"LineString","coordinates":[[80.242306,26.500416],[80.241925,26.500104],[80.241742,26.499864],[80.241649,26.499762],[80.241236,26.499058]]}},{"type":"Feature","properties":{"osmId":"way/682696317","kind":"road","highway":"residential","name":null,"level":"0","floor":0,"bridge":false,"wheelchair":null},"geometry":{"type":"LineString","coordinates":[[80.241742,26.499864],[80.241127,26.500186],[80.241097,26.500183],[80.241083,26.500173],[80.240998,26.499994],[80.240909,26.499821],[80.240659,26.499454]]}},{"type":"Feature","properties":{"osmId":"way/682700075","kind":"road","highway":"residential","name":null,"level":"0","floor":0,"bridge":false,"wheelchair":null},"geometry":{"type":"LineString","coordinates":[[80.233768,26.498472],[80.234143,26.498236],[80.23439,26.498034],[80.234428,26.498007],[80.23447,26.498034],[80.23458,26.498147],[80.234634,26.498153],[80.234657,26.498145],[80.234868,26.497977],[80.235205,26.497782],[80.235621,26.497536],[80.235646,26.497572],[80.235786,26.497862],[80.23595,26.498189],[80.236246,26.498725],[80.236455,26.499098]]}},{"type":"Feature","properties":{"osmId":"way/682700084","kind":"road","highway":"residential","name":null,"level":"0","floor":0,"bridge":false,"wheelchair":null},"geometry":{"type":"LineString","coordinates":[[80.233567,26.498212],[80.233768,26.498472],[80.233787,26.4985],[80.234101,26.498895],[80.234388,26.499257],[80.234509,26.499415],[80.234545,26.499462],[80.234887,26.499921]]}},{"type":"Feature","properties":{"osmId":"way/682700096","kind":"road","highway":"residential","name":null,"level":"0","floor":0,"bridge":false,"wheelchair":null},"geometry":{"type":"LineString","coordinates":[[80.23288,26.498615],[80.233259,26.499365],[80.233356,26.499578]]}},{"type":"Feature","properties":{"osmId":"way/682700102","kind":"road","highway":"residential","name":null,"level":"0","floor":0,"bridge":false,"wheelchair":null},"geometry":{"type":"LineString","coordinates":[[80.231919,26.499626],[80.232229,26.499593],[80.232352,26.499576],[80.232545,26.499512],[80.232973,26.499446],[80.233259,26.499365],[80.234128,26.4994],[80.234509,26.499415]]}},{"type":"Feature","properties":{"osmId":"way/682702010","kind":"road","highway":"residential","name":null,"level":"0","floor":0,"bridge":false,"wheelchair":null},"geometry":{"type":"LineString","coordinates":[[80.231697,26.499476],[80.2315,26.499649],[80.231392,26.499765],[80.231202,26.499942],[80.231096,26.500059],[80.231089,26.50008],[80.231097,26.500118],[80.23122,26.500587],[80.231259,26.500683]]}},{"type":"Feature","properties":{"osmId":"way/682702013","kind":"road","highway":"residential","name":null,"level":"0","floor":0,"bridge":false,"wheelchair":null},"geometry":{"type":"LineString","coordinates":[[80.23595,26.498189],[80.235463,26.498374]]}},{"type":"Feature","properties":{"osmId":"way/682702014","kind":"road","highway":"residential","name":null,"level":"0","floor":0,"bridge":false,"wheelchair":null},"geometry":{"type":"LineString","coordinates":[[80.230972,26.498987],[80.231118,26.499158],[80.231165,26.499214],[80.231255,26.499273],[80.231384,26.499369],[80.231535,26.499374],[80.231588,26.499394],[80.231633,26.499419],[80.231697,26.499476],[80.231919,26.499626],[80.232189,26.499915]]}},{"type":"Feature","properties":{"osmId":"way/682702019","kind":"road","highway":"residential","name":null,"level":"0","floor":0,"bridge":false,"wheelchair":null},"geometry":{"type":"LineString","coordinates":[[80.235786,26.497862],[80.234979,26.498266],[80.234605,26.498453]]}},{"type":"Feature","properties":{"osmId":"way/682702026","kind":"path","highway":"living_street","name":null,"level":"0","floor":0,"bridge":false,"wheelchair":null},"geometry":{"type":"LineString","coordinates":[[80.230679,26.499728],[80.230791,26.499685],[80.231113,26.499526],[80.231384,26.499369]]}},{"type":"Feature","properties":{"osmId":"way/682702028","kind":"road","highway":"residential","name":null,"level":"0","floor":0,"bridge":false,"wheelchair":null},"geometry":{"type":"LineString","coordinates":[[80.240922,26.495328],[80.241559,26.495832],[80.242338,26.496532],[80.242704,26.496915]]}},{"type":"Feature","properties":{"osmId":"way/682702030","kind":"road","highway":"residential","name":null,"level":"0","floor":0,"bridge":false,"wheelchair":null},"geometry":{"type":"LineString","coordinates":[[80.230559,26.500383],[80.230677,26.500318],[80.230703,26.500276],[80.230715,26.50023],[80.230718,26.5002],[80.230703,26.499947],[80.230679,26.499728],[80.230483,26.499289],[80.230471,26.499251],[80.23044,26.499157],[80.230488,26.499102],[80.230598,26.499035],[80.230708,26.499011],[80.230769,26.499001],[80.230972,26.498987],[80.231125,26.498833],[80.231263,26.498714],[80.231405,26.498639],[80.231636,26.498548],[80.231714,26.498525],[80.231802,26.498509],[80.231895,26.498522],[80.231973,26.498515],[80.232009,26.4985],[80.232199,26.498441]]}},{"type":"Feature","properties":{"osmId":"way/682702033","kind":"road","highway":"residential","name":null,"level":"0","floor":0,"bridge":false,"wheelchair":null},"geometry":{"type":"LineString","coordinates":[[80.2407,26.494518],[80.240851,26.494446],[80.240886,26.494444],[80.240913,26.494455],[80.240949,26.494554],[80.241095,26.494844],[80.241206,26.494986],[80.241289,26.49504],[80.241898,26.495552],[80.241984,26.495625],[80.242676,26.49628],[80.242338,26.496532]]}},{"type":"Feature","properties":{"osmId":"way/952257754","kind":"road","highway":"residential","name":null,"level":"0","floor":0,"bridge":false,"wheelchair":null},"geometry":{"type":"LineString","coordinates":[[80.240844,26.50579],[80.241335,26.5064],[80.241485,26.506602]]}},{"type":"Feature","properties":{"osmId":"way/952257775","kind":"road","highway":"residential","name":null,"level":"0","floor":0,"bridge":false,"wheelchair":null},"geometry":{"type":"LineString","coordinates":[[80.239341,26.505381],[80.239765,26.505861],[80.239802,26.505876],[80.23982,26.505877],[80.239925,26.505864],[80.239954,26.505867],[80.239989,26.505879],[80.240024,26.505919],[80.240266,26.506202]]}},{"type":"Feature","properties":{"osmId":"way/952257776","kind":"road","highway":"residential","name":null,"level":"0","floor":0,"bridge":false,"wheelchair":null},"geometry":{"type":"LineString","coordinates":[[80.239135,26.505537],[80.239588,26.506166],[80.239588,26.506186],[80.239578,26.506216],[80.239363,26.506386],[80.239201,26.506514]]}},{"type":"Feature","properties":{"osmId":"way/952257793","kind":"road","highway":"residential","name":null,"level":"0","floor":0,"bridge":false,"wheelchair":null},"geometry":{"type":"LineString","coordinates":[[80.241243,26.505532],[80.2419,26.506247],[80.241926,26.506263],[80.241954,26.506266],[80.24198,26.506259],[80.242009,26.506238],[80.242288,26.505976]]}},{"type":"Feature","properties":{"osmId":"way/952266839","kind":"road","highway":"residential","name":null,"level":"0","floor":0,"bridge":false,"wheelchair":null},"geometry":{"type":"LineString","coordinates":[[80.241732,26.502527],[80.241859,26.502619],[80.242054,26.502761],[80.242083,26.502788],[80.242288,26.502974],[80.242481,26.50315],[80.242549,26.503211]]}},{"type":"Feature","properties":{"osmId":"way/952266840","kind":"road","highway":"residential","name":null,"level":"0","floor":0,"bridge":false,"wheelchair":null},"geometry":{"type":"LineString","coordinates":[[80.24145,26.502755],[80.242126,26.503347],[80.242325,26.503548],[80.242427,26.503651],[80.242627,26.503853],[80.242916,26.504167]]}},{"type":"Feature","properties":{"osmId":"way/952266845","kind":"road","highway":"residential","name":null,"level":"0","floor":0,"bridge":false,"wheelchair":null},"geometry":{"type":"LineString","coordinates":[[80.240989,26.505696],[80.241188,26.505931],[80.241272,26.506035],[80.241678,26.506614]]}},{"type":"Feature","properties":{"osmId":"way/952266853","kind":"road","highway":"residential","name":null,"level":"0","floor":0,"bridge":false,"wheelchair":null},"geometry":{"type":"LineString","coordinates":[[80.238909,26.50565],[80.2389,26.505746],[80.238912,26.50579],[80.239363,26.506386]]}},{"type":"Feature","properties":{"osmId":"way/952843354","kind":"road","highway":"residential","name":null,"level":"0","floor":0,"bridge":false,"wheelchair":null},"geometry":{"type":"LineString","coordinates":[[80.234945,26.499895],[80.235299,26.500209],[80.235494,26.500363],[80.23554,26.500408],[80.235594,26.500467],[80.235614,26.500504],[80.23566,26.500615],[80.235678,26.500651],[80.235829,26.500948],[80.235952,26.501158],[80.236059,26.501367]]}},{"type":"Feature","properties":{"osmId":"way/952843355","kind":"road","highway":"residential","name":null,"level":"0","floor":0,"bridge":false,"wheelchair":null},"geometry":{"type":"LineString","coordinates":[[80.235104,26.501936],[80.235654,26.501592],[80.23598,26.501403],[80.236059,26.501367],[80.236458,26.501837],[80.236523,26.501914],[80.236794,26.502238]]}},{"type":"Feature","properties":{"osmId":"way/952843361","kind":"road","highway":"residential","name":null,"level":"0","floor":0,"bridge":false,"wheelchair":null},"geometry":{"type":"LineString","coordinates":[[80.237679,26.501609],[80.23769,26.501447],[80.237698,26.501276],[80.23773,26.501064],[80.237798,26.500606],[80.23783,26.500199],[80.237842,26.49997],[80.237835,26.499823],[80.237833,26.499778],[80.237801,26.499528],[80.237738,26.49918],[80.23766,26.498747]]}},{"type":"Feature","properties":{"osmId":"way/952843367","kind":"road","highway":"residential","name":null,"level":"0","floor":0,"bridge":false,"wheelchair":null},"geometry":{"type":"LineString","coordinates":[[80.231955,26.495313],[80.232766,26.494996],[80.23278,26.494998],[80.232797,26.495007],[80.232961,26.495315],[80.232982,26.495331],[80.233004,26.495334],[80.233247,26.495237],[80.233776,26.495025],[80.234552,26.494714],[80.234627,26.494684],[80.234827,26.494586],[80.234859,26.49457],[80.235062,26.49447],[80.235141,26.494432],[80.235317,26.494345],[80.235697,26.494158],[80.23606,26.49403],[80.236223,26.493969],[80.236741,26.493788]]}},{"type":"Feature","properties":{"osmId":"way/952843378","kind":"road","highway":"residential","name":null,"level":"0","floor":0,"bridge":false,"wheelchair":null},"geometry":{"type":"LineString","coordinates":[[80.232321,26.498786],[80.232545,26.499512]]}},{"type":"Feature","properties":{"osmId":"way/952855470","kind":"road","highway":"residential","name":null,"level":"0","floor":0,"bridge":false,"wheelchair":null},"geometry":{"type":"LineString","coordinates":[[80.235441,26.496196],[80.236428,26.495929],[80.237103,26.495722]]}},{"type":"Feature","properties":{"osmId":"way/952855481","kind":"road","highway":"residential","name":null,"level":"0","floor":0,"bridge":false,"wheelchair":null},"geometry":{"type":"LineString","coordinates":[[80.235678,26.500651],[80.235775,26.500611],[80.235885,26.500579],[80.235936,26.500644],[80.236236,26.501031],[80.236516,26.501353],[80.236694,26.501558],[80.236725,26.501581],[80.23674,26.501586],[80.236773,26.501577],[80.236967,26.501426],[80.237006,26.50142],[80.237033,26.501436],[80.237072,26.501464],[80.237366,26.501843]]}},{"type":"Feature","properties":{"osmId":"way/952867536","kind":"road","highway":"residential","name":null,"level":"0","floor":0,"bridge":false,"wheelchair":null},"geometry":{"type":"LineString","coordinates":[[80.239134,26.498747],[80.239234,26.499249],[80.239331,26.49973]]}},{"type":"Feature","properties":{"osmId":"way/952867537","kind":"road","highway":"residential","name":null,"level":"0","floor":0,"bridge":false,"wheelchair":null},"geometry":{"type":"LineString","coordinates":[[80.238929,26.500344],[80.240351,26.499332],[80.240428,26.499277],[80.240437,26.499241],[80.240419,26.499191],[80.240288,26.498976],[80.240194,26.498788],[80.240093,26.498541]]}},{"type":"Feature","properties":{"osmId":"way/952867542","kind":"road","highway":"residential","name":null,"level":"0","floor":0,"bridge":false,"wheelchair":null},"geometry":{"type":"LineString","coordinates":[[80.236022,26.499264],[80.236299,26.499619],[80.236338,26.499649],[80.236407,26.499652],[80.23659,26.499589]]}},{"type":"Feature","properties":{"osmId":"way/952867552","kind":"road","highway":"residential","name":null,"level":"0","floor":0,"bridge":false,"wheelchair":null},"geometry":{"type":"LineString","coordinates":[[80.235317,26.494345],[80.23571,26.495018],[80.235917,26.495428],[80.236043,26.49575]]}},{"type":"Feature","properties":{"osmId":"way/952894181","kind":"road","highway":"residential","name":null,"level":"0","floor":0,"bridge":false,"wheelchair":null},"geometry":{"type":"LineString","coordinates":[[80.241205,26.493819],[80.240992,26.494059],[80.240989,26.49408],[80.240997,26.494095],[80.241426,26.494566],[80.241664,26.494796],[80.242338,26.495385],[80.243,26.496057]]}},{"type":"Feature","properties":{"osmId":"way/952894182","kind":"road","highway":"residential","name":null,"level":"0","floor":0,"bridge":false,"wheelchair":null},"geometry":{"type":"LineString","coordinates":[[80.240852,26.493496],[80.241205,26.493819],[80.241603,26.49411],[80.2427,26.495099]]}},{"type":"Feature","properties":{"osmId":"way/952916240","kind":"road","highway":"residential","name":null,"level":"0","floor":0,"bridge":false,"wheelchair":null},"geometry":{"type":"LineString","coordinates":[[80.235411,26.499637],[80.235705,26.499977],[80.235794,26.500061],[80.236035,26.500284],[80.236081,26.500337],[80.236114,26.500404],[80.236113,26.500438],[80.236093,26.50046],[80.235885,26.500579]]}},{"type":"Feature","properties":{"osmId":"way/952916274","kind":"road","highway":"residential","name":null,"level":"0","floor":0,"bridge":false,"wheelchair":null},"geometry":{"type":"LineString","coordinates":[[80.236596,26.497878],[80.237281,26.497718],[80.237306,26.497697],[80.237314,26.497667],[80.23717,26.496728],[80.237147,26.496708],[80.237129,26.496705],[80.236488,26.496811],[80.235805,26.496868],[80.235539,26.49689],[80.235408,26.496928],[80.235346,26.496964],[80.23533,26.496989],[80.235325,26.497027],[80.235354,26.497094]]}},{"type":"Feature","properties":{"osmId":"way/952916276","kind":"road","highway":"residential","name":null,"level":"0","floor":0,"bridge":false,"wheelchair":null},"geometry":{"type":"LineString","coordinates":[[80.235692,26.498489],[80.236137,26.499224]]}},{"type":"Feature","properties":{"osmId":"way/952916279","kind":"road","highway":"residential","name":null,"level":"0","floor":0,"bridge":false,"wheelchair":null},"geometry":{"type":"LineString","coordinates":[[80.231998,26.499067],[80.232138,26.499397],[80.232229,26.499593]]}},{"type":"Feature","properties":{"osmId":"way/952934279","kind":"road","highway":"residential","name":null,"level":"0","floor":0,"bridge":false,"wheelchair":null},"geometry":{"type":"LineString","coordinates":[[80.235214,26.498465],[80.235627,26.499065],[80.235799,26.499392]]}},{"type":"Feature","properties":{"osmId":"way/952934289","kind":"road","highway":"residential","name":null,"level":"0","floor":0,"bridge":false,"wheelchair":null},"geometry":{"type":"LineString","coordinates":[[80.234128,26.4994],[80.234219,26.499614]]}},{"type":"Feature","properties":{"osmId":"way/952934290","kind":"road","highway":"residential","name":null,"level":"0","floor":0,"bridge":false,"wheelchair":null},"geometry":{"type":"LineString","coordinates":[[80.23381,26.499784],[80.234219,26.499614],[80.234467,26.49951],[80.234545,26.499462]]}},{"type":"Feature","properties":{"osmId":"way/953333399","kind":"road","highway":"residential","name":null,"level":"0","floor":0,"bridge":false,"wheelchair":null},"geometry":{"type":"LineString","coordinates":[[80.241767,26.498249],[80.242355,26.497998]]}},{"type":"Feature","properties":{"osmId":"way/953340580","kind":"road","highway":"residential","name":null,"level":"0","floor":0,"bridge":false,"wheelchair":null},"geometry":{"type":"LineString","coordinates":[[80.242083,26.502788],[80.242491,26.502506],[80.24251,26.502497],[80.242528,26.502494],[80.242545,26.502494],[80.242557,26.502496],[80.242571,26.502503],[80.242584,26.502513],[80.242721,26.502636],[80.242927,26.502822],[80.243015,26.502902]]}},{"type":"Feature","properties":{"osmId":"way/953340581","kind":"road","highway":"residential","name":null,"level":"0","floor":0,"bridge":false,"wheelchair":null},"geometry":{"type":"LineString","coordinates":[[80.242169,26.503144],[80.242389,26.503304],[80.24248,26.503369],[80.242525,26.503396],[80.242565,26.503411],[80.242605,26.503413],[80.242631,26.503411],[80.242655,26.503405],[80.242684,26.503391]]}},{"type":"Feature","properties":{"osmId":"way/953340582","kind":"road","highway":"residential","name":null,"level":"0","floor":0,"bridge":false,"wheelchair":null},"geometry":{"type":"LineString","coordinates":[[80.241993,26.503824],[80.242325,26.503548]]}},{"type":"Feature","properties":{"osmId":"way/953358605","kind":"road","highway":"residential","name":null,"level":"0","floor":0,"bridge":false,"wheelchair":null},"geometry":{"type":"LineString","coordinates":[[80.242751,26.499202],[80.242259,26.498596]]}},{"type":"Feature","properties":{"osmId":"way/953358606","kind":"road","highway":"residential","name":null,"level":"0","floor":0,"bridge":false,"wheelchair":null},"geometry":{"type":"LineString","coordinates":[[80.242525,26.499345],[80.241934,26.498711]]}},{"type":"Feature","properties":{"osmId":"way/953358608","kind":"road","highway":"residential","name":null,"level":"0","floor":0,"bridge":false,"wheelchair":null},"geometry":{"type":"LineString","coordinates":[[80.242132,26.499926],[80.242743,26.499594]]}},{"type":"Feature","properties":{"osmId":"way/1190354005","kind":"road","highway":"residential","name":null,"level":"0","floor":0,"bridge":false,"wheelchair":null},"geometry":{"type":"LineString","coordinates":[[80.240024,26.505919],[80.239918,26.506006],[80.239671,26.506204],[80.239625,26.506215],[80.239578,26.506216]]}},{"type":"Feature","properties":{"osmId":"way/1488889191","kind":"path","highway":"footway","name":null,"level":"0","floor":0,"bridge":false,"wheelchair":null},"geometry":{"type":"LineString","coordinates":[[80.230688,26.506299],[80.230719,26.506283],[80.230732,26.506246],[80.230743,26.505413],[80.230725,26.505381],[80.230686,26.505365]]}},{"type":"Feature","properties":{"osmId":"way/268105805","kind":"road","highway":"residential","name":null,"level":"0","floor":0,"bridge":false,"wheelchair":null},"geometry":{"type":"LineString","coordinates":[[80.235257,26.503328],[80.234994,26.503042],[80.234593,26.502522],[80.2344,26.502272],[80.234342,26.502197],[80.233915,26.501686],[80.233846,26.501604],[80.233239,26.50085],[80.232945,26.500419]]}},{"type":"Feature","properties":{"osmId":"way/295572526","kind":"road","highway":"unclassified","name":null,"level":"0","floor":0,"bridge":false,"wheelchair":null},"geometry":{"type":"LineString","coordinates":[[80.233378,26.504593],[80.235219,26.503378]]}},{"type":"Feature","properties":{"osmId":"way/343515786","kind":"road","highway":"residential","name":null,"level":"0","floor":0,"bridge":false,"wheelchair":null},"geometry":{"type":"LineString","coordinates":[[80.233869,26.504973],[80.233548,26.504972],[80.23336,26.504971]]}},{"type":"Feature","properties":{"osmId":"way/343515787","kind":"road","highway":"residential","name":null,"level":"0","floor":0,"bridge":false,"wheelchair":null},"geometry":{"type":"LineString","coordinates":[[80.233869,26.504973],[80.233876,26.504591]]}},{"type":"Feature","properties":{"osmId":"way/376451987","kind":"road","highway":"service","name":null,"level":"0","floor":0,"bridge":false,"wheelchair":null},"geometry":{"type":"LineString","coordinates":[[80.23195,26.50436],[80.231948,26.50423],[80.231796,26.50408],[80.231801,26.503813],[80.231862,26.503758],[80.231947,26.503675],[80.231969,26.503514]]}},{"type":"Feature","properties":{"osmId":"way/376451989","kind":"road","highway":"service","name":null,"level":"0","floor":0,"bridge":false,"wheelchair":null},"geometry":{"type":"LineString","coordinates":[[80.233048,26.503929],[80.233054,26.504218]]}},{"type":"Feature","properties":{"osmId":"way/376451991","kind":"road","highway":"service","name":null,"level":"0","floor":0,"bridge":false,"wheelchair":null},"geometry":{"type":"LineString","coordinates":[[80.233336,26.503931],[80.233333,26.504223]]}},{"type":"Feature","properties":{"osmId":"way/376451993","kind":"road","highway":"service","name":null,"level":"0","floor":0,"bridge":false,"wheelchair":null},"geometry":{"type":"LineString","coordinates":[[80.232556,26.504363],[80.232381,26.50436],[80.23195,26.50436]]}},{"type":"Feature","properties":{"osmId":"way/376451998","kind":"road","highway":"service","name":null,"level":"0","floor":0,"bridge":false,"wheelchair":null},"geometry":{"type":"LineString","coordinates":[[80.23269,26.503923],[80.233048,26.503929],[80.233336,26.503931]]}},{"type":"Feature","properties":{"osmId":"way/376451999","kind":"road","highway":"service","name":null,"level":"0","floor":0,"bridge":false,"wheelchair":null},"geometry":{"type":"LineString","coordinates":[[80.232689,26.503523],[80.232383,26.503519],[80.231969,26.503514]]}},{"type":"Feature","properties":{"osmId":"way/376452001","kind":"road","highway":"service","name":null,"level":"0","floor":0,"bridge":false,"wheelchair":null},"geometry":{"type":"LineString","coordinates":[[80.232786,26.503521],[80.232786,26.503379],[80.232599,26.503251],[80.232608,26.503025],[80.232792,26.502852],[80.2328,26.50271],[80.233201,26.502712],[80.233214,26.50286],[80.233361,26.502999],[80.23337,26.503256],[80.233206,26.503403],[80.233206,26.503534]]}},{"type":"Feature","properties":{"osmId":"way/376452002","kind":"road","highway":"service","name":null,"level":"0","floor":0,"bridge":false,"wheelchair":null},"geometry":{"type":"LineString","coordinates":[[80.232525,26.504083],[80.232412,26.503985],[80.232411,26.50394],[80.232434,26.503896],[80.232524,26.503805]]}},{"type":"Feature","properties":{"osmId":"way/376452003","kind":"road","highway":"service","name":null,"level":"0","floor":0,"bridge":false,"wheelchair":null},"geometry":{"type":"LineString","coordinates":[[80.231796,26.50408],[80.231896,26.503978],[80.231918,26.503947],[80.231917,26.503903],[80.231903,26.503872],[80.231801,26.503813]]}},{"type":"Feature","properties":{"osmId":"way/376452005","kind":"road","highway":"service","name":null,"level":"0","floor":0,"bridge":false,"wheelchair":null},"geometry":{"type":"LineString","coordinates":[[80.232383,26.503519],[80.232379,26.50368],[80.232524,26.503805],[80.232525,26.504083],[80.232386,26.50423],[80.232381,26.50436]]}},{"type":"Feature","properties":{"osmId":"way/414455920","kind":"road","highway":"track","name":null,"level":"0","floor":0,"bridge":false,"wheelchair":null},"geometry":{"type":"LineString","coordinates":[[80.235219,26.503378],[80.235257,26.503328]]}},{"type":"Feature","properties":{"osmId":"way/432744686","kind":"path","highway":"footway","name":null,"level":"0","floor":0,"bridge":false,"wheelchair":null},"geometry":{"type":"LineString","coordinates":[[80.232688,26.504213],[80.233054,26.504218],[80.233333,26.504223],[80.23337,26.504245],[80.233525,26.504243]]}},{"type":"Feature","properties":{"osmId":"way/682702017","kind":"road","highway":"residential","name":null,"level":"0","floor":0,"bridge":false,"wheelchair":null},"geometry":{"type":"LineString","coordinates":[[80.23122,26.500587],[80.23115,26.500609],[80.230834,26.500707],[80.23057,26.500775],[80.230418,26.501002],[80.230272,26.501092],[80.230234,26.501102],[80.230201,26.501098],[80.23017,26.501069],[80.230064,26.500755]]}},{"type":"Feature","properties":{"osmId":"way/682702023","kind":"road","highway":"residential","name":null,"level":"0","floor":0,"bridge":false,"wheelchair":null},"geometry":{"type":"LineString","coordinates":[[80.232352,26.499576],[80.232305,26.499765],[80.232189,26.499915],[80.232155,26.499976],[80.232111,26.500013],[80.231915,26.500129]]}},{"type":"Feature","properties":{"osmId":"way/682702029","kind":"road","highway":"residential","name":null,"level":"0","floor":0,"bridge":false,"wheelchair":null},"geometry":{"type":"LineString","coordinates":[[80.230559,26.500383],[80.230434,26.500471],[80.230415,26.500494],[80.230388,26.500558],[80.230064,26.500755],[80.22985,26.500944],[80.229785,26.500984],[80.229688,26.501033],[80.229456,26.501157],[80.229333,26.501236],[80.229307,26.501252],[80.229427,26.501391],[80.229452,26.50146],[80.22946,26.501525],[80.229461,26.501624],[80.229486,26.501754]]}},{"type":"Feature","properties":{"osmId":"way/682702032","kind":"road","highway":"residential","name":null,"level":"0","floor":0,"bridge":false,"wheelchair":null},"geometry":{"type":"LineString","coordinates":[[80.231708,26.499847],[80.231855,26.500058],[80.231915,26.500129],[80.231942,26.500169],[80.231959,26.500239],[80.232047,26.500513]]}},{"type":"Feature","properties":{"osmId":"way/952257755","kind":"road","highway":"residential","name":"4th Avenue","level":"0","floor":0,"bridge":false,"wheelchair":null},"geometry":{"type":"LineString","coordinates":[[80.230789,26.504606],[80.231245,26.504584],[80.231477,26.504584],[80.232553,26.504591],[80.233378,26.504593]]}},{"type":"Feature","properties":{"osmId":"way/952257761","kind":"road","highway":"residential","name":null,"level":"0","floor":0,"bridge":false,"wheelchair":null},"geometry":{"type":"LineString","coordinates":[[80.229359,26.5018],[80.229568,26.502009],[80.229797,26.502296],[80.229855,26.502345],[80.229934,26.50242],[80.229972,26.502459],[80.230011,26.502436],[80.230069,26.502482],[80.23011,26.502496],[80.230133,26.502525]]}},{"type":"Feature","properties":{"osmId":"way/952257762","kind":"road","highway":"residential","name":null,"level":"0","floor":0,"bridge":false,"wheelchair":null},"geometry":{"type":"LineString","coordinates":[[80.229622,26.503295],[80.229983,26.503251],[80.230184,26.503246],[80.230574,26.503311],[80.230893,26.503338]]}},{"type":"Feature","properties":{"osmId":"way/952257763","kind":"road","highway":"residential","name":null,"level":"0","floor":0,"bridge":false,"wheelchair":null},"geometry":{"type":"LineString","coordinates":[[80.230708,26.502146],[80.230738,26.502198],[80.230801,26.502377],[80.230868,26.502517],[80.230905,26.502595],[80.230936,26.502727],[80.23094,26.502836],[80.230893,26.503338],[80.230832,26.503543],[80.230812,26.503726],[80.230801,26.503843],[80.230811,26.504179],[80.230789,26.504606]]}},{"type":"Feature","properties":{"osmId":"way/952266829","kind":"road","highway":"service","name":null,"level":"0","floor":0,"bridge":false,"wheelchair":null},"geometry":{"type":"LineString","coordinates":[[80.231477,26.504584],[80.231473,26.505013],[80.232355,26.505018],[80.232415,26.505097],[80.231706,26.505597],[80.231636,26.505519],[80.231572,26.505417],[80.23153,26.505294],[80.231491,26.505108],[80.231473,26.505013]]}},{"type":"Feature","properties":{"osmId":"way/952266830","kind":"road","highway":"service","name":null,"level":"0","floor":0,"bridge":false,"wheelchair":null},"geometry":{"type":"LineString","coordinates":[[80.232689,26.503523],[80.232786,26.503521],[80.233206,26.503534],[80.23325,26.503533],[80.233288,26.503541],[80.23335,26.503566],[80.233353,26.503897],[80.233336,26.503931]]}},{"type":"Feature","properties":{"osmId":"way/952266844","kind":"road","highway":"residential","name":null,"level":"0","floor":0,"bridge":false,"wheelchair":null},"geometry":{"type":"LineString","coordinates":[[80.229525,26.501738],[80.229619,26.501891],[80.229645,26.501907],[80.229678,26.501904],[80.229781,26.50187],[80.229804,26.50187],[80.22982,26.501878],[80.229917,26.502038],[80.22994,26.502049],[80.229972,26.502043],[80.230233,26.501943]]}},{"type":"Feature","properties":{"osmId":"way/952266850","kind":"road","highway":"residential","name":null,"level":"0","floor":0,"bridge":false,"wheelchair":null},"geometry":{"type":"LineString","coordinates":[[80.2344,26.502272],[80.234604,26.502131],[80.234719,26.502051],[80.234789,26.50199],[80.234811,26.501931],[80.234805,26.501886],[80.234718,26.501742],[80.234421,26.501344],[80.234356,26.501256],[80.233809,26.500289]]}},{"type":"Feature","properties":{"osmId":"way/952266851","kind":"road","highway":"residential","name":null,"level":"0","floor":0,"bridge":false,"wheelchair":null},"geometry":{"type":"LineString","coordinates":[[80.234593,26.502522],[80.23486,26.502341],[80.235088,26.502159]]}},{"type":"Feature","properties":{"osmId":"way/952840054","kind":"road","highway":"residential","name":null,"level":"0","floor":0,"bridge":false,"wheelchair":null},"geometry":{"type":"LineString","coordinates":[[80.232511,26.50047],[80.232763,26.501033],[80.232878,26.501289],[80.232918,26.501357],[80.23296,26.501382],[80.23317,26.501352]]}},{"type":"Feature","properties":{"osmId":"way/952840055","kind":"road","highway":"residential","name":null,"level":"0","floor":0,"bridge":false,"wheelchair":null},"geometry":{"type":"LineString","coordinates":[[80.230388,26.500558],[80.23057,26.500775]]}},{"type":"Feature","properties":{"osmId":"way/952843356","kind":"road","highway":"residential","name":null,"level":"0","floor":0,"bridge":false,"wheelchair":null},"geometry":{"type":"LineString","coordinates":[[80.234604,26.502131],[80.234375,26.501843],[80.234277,26.501688],[80.234194,26.501534],[80.234188,26.501502],[80.234204,26.501474],[80.234421,26.501344]]}},{"type":"Feature","properties":{"osmId":"way/952843357","kind":"road","highway":"residential","name":null,"level":"0","floor":0,"bridge":false,"wheelchair":null},"geometry":{"type":"LineString","coordinates":[[80.233468,26.500366],[80.233512,26.500461],[80.233903,26.501283]]}},{"type":"Feature","properties":{"osmId":"way/952843381","kind":"road","highway":"residential","name":null,"level":"0","floor":0,"bridge":false,"wheelchair":null},"geometry":{"type":"LineString","coordinates":[[80.232305,26.499765],[80.232385,26.499775],[80.232428,26.499796],[80.232473,26.499844],[80.232615,26.500092]]}},{"type":"Feature","properties":{"osmId":"way/952916280","kind":"road","highway":"residential","name":null,"level":"0","floor":0,"bridge":false,"wheelchair":null},"geometry":{"type":"LineString","coordinates":[[80.232155,26.499976],[80.232382,26.500249],[80.232454,26.500345],[80.232511,26.50047]]}},{"type":"Feature","properties":{"osmId":"way/952934280","kind":"road","highway":"residential","name":null,"level":"0","floor":0,"bridge":false,"wheelchair":null},"geometry":{"type":"LineString","coordinates":[[80.234428,26.500081],[80.234823,26.500899],[80.234872,26.500955],[80.234917,26.500967],[80.235375,26.500783]]}},{"type":"Feature","properties":{"osmId":"way/1136930284","kind":"road","highway":"service","name":null,"level":"0","floor":0,"bridge":false,"wheelchair":null},"geometry":{"type":"LineString","coordinates":[[80.230811,26.504179],[80.231404,26.504182]]}},{"type":"Feature","properties":{"osmId":"way/1137757108","kind":"road","highway":"service","name":null,"level":"0","floor":0,"bridge":false,"wheelchair":null},"geometry":{"type":"LineString","coordinates":[[80.233337,26.505537],[80.232843,26.505529]]}},{"type":"Feature","properties":{"osmId":"way/1137757109","kind":"path","highway":"footway","name":null,"level":"0","floor":0,"bridge":false,"wheelchair":null},"geometry":{"type":"LineString","coordinates":[[80.231245,26.504584],[80.231247,26.50439]]}},{"type":"Feature","properties":{"osmId":"way/1137984877","kind":"road","highway":"service","name":null,"level":"0","floor":0,"bridge":false,"wheelchair":null},"geometry":{"type":"LineString","coordinates":[[80.235428,26.504615],[80.235429,26.504058]]}},{"type":"Feature","properties":{"osmId":"way/1138958146","kind":"road","highway":"service","name":null,"level":"0","floor":0,"bridge":false,"wheelchair":null},"geometry":{"type":"LineString","coordinates":[[80.232553,26.504591],[80.232556,26.504363],[80.232647,26.504327],[80.232688,26.504213],[80.23269,26.503923],[80.232689,26.503523]]}},{"type":"Feature","properties":{"osmId":"way/1143822534","kind":"road","highway":"service","name":"4th Avenue","level":"0","floor":0,"bridge":false,"wheelchair":null},"geometry":{"type":"LineString","coordinates":[[80.233378,26.504593],[80.233876,26.504591],[80.235428,26.504615],[80.235418,26.505135]]}},{"type":"Feature","properties":{"osmId":"way/1160854064","kind":"road","highway":"service","name":null,"level":"0","floor":0,"bridge":false,"wheelchair":null},"geometry":{"type":"LineString","coordinates":[[80.230771,26.505658],[80.231086,26.505667],[80.231088,26.505552],[80.231236,26.505558],[80.231236,26.50567],[80.231086,26.505667]]}},{"type":"Feature","properties":{"osmId":"way/1188032244","kind":"road","highway":"residential","name":"6th Avenue","level":"0","floor":0,"bridge":false,"wheelchair":null},"geometry":{"type":"LineString","coordinates":[[80.230789,26.504606],[80.230778,26.505328]]}},{"type":"Feature","properties":{"osmId":"way/1365803492","kind":"road","highway":"residential","name":null,"level":"0","floor":0,"bridge":false,"wheelchair":null},"geometry":{"type":"LineString","coordinates":[[80.229437,26.501947],[80.229359,26.5018]]}},{"type":"Feature","properties":{"osmId":"way/1488889186","kind":"path","highway":"footway","name":null,"level":"0","floor":0,"bridge":false,"wheelchair":null},"geometry":{"type":"LineString","coordinates":[[80.229892,26.505322],[80.229892,26.505265],[80.229893,26.505239]]}},{"type":"Feature","properties":{"osmId":"way/1488889187","kind":"road","highway":"service","name":null,"level":"0","floor":0,"bridge":false,"wheelchair":null},"geometry":{"type":"LineString","coordinates":[[80.229791,26.505322],[80.229793,26.505264],[80.229794,26.505229]]}},{"type":"Feature","properties":{"osmId":"way/1488889202","kind":"path","highway":"footway","name":null,"level":"0","floor":0,"bridge":false,"wheelchair":null},"geometry":{"type":"LineString","coordinates":[[80.230736,26.50528],[80.230736,26.504642],[80.23064,26.504608]]}},{"type":"Feature","properties":{"osmId":"way/1537940522","kind":"road","highway":"residential","name":null,"level":"0","floor":0,"bridge":false,"wheelchair":null},"geometry":{"type":"LineString","coordinates":[[80.230208,26.501445],[80.230577,26.502033],[80.230658,26.502116]]}},{"type":"Feature","properties":{"osmId":"way/295568847","kind":"road","highway":"residential","name":null,"level":"0","floor":0,"bridge":false,"wheelchair":null},"geometry":{"type":"LineString","coordinates":[[80.235767,26.504652],[80.235787,26.504612],[80.235779,26.504118]]}},{"type":"Feature","properties":{"osmId":"way/295568848","kind":"road","highway":"residential","name":null,"level":"0","floor":0,"bridge":false,"wheelchair":null},"geometry":{"type":"LineString","coordinates":[[80.236166,26.504653],[80.236161,26.504309]]}},{"type":"Feature","properties":{"osmId":"way/295568849","kind":"road","highway":"residential","name":null,"level":"0","floor":0,"bridge":false,"wheelchair":null},"geometry":{"type":"LineString","coordinates":[[80.235767,26.504652],[80.235769,26.505011]]}},{"type":"Feature","properties":{"osmId":"way/295568850","kind":"road","highway":"residential","name":null,"level":"0","floor":0,"bridge":false,"wheelchair":null},"geometry":{"type":"LineString","coordinates":[[80.236166,26.504653],[80.236166,26.505012]]}},{"type":"Feature","properties":{"osmId":"way/295570623","kind":"road","highway":"residential","name":null,"level":"0","floor":0,"bridge":false,"wheelchair":null},"geometry":{"type":"LineString","coordinates":[[80.236433,26.50465],[80.236686,26.504701],[80.236686,26.50497]]}},{"type":"Feature","properties":{"osmId":"way/667061503","kind":"road","highway":"residential","name":null,"level":"0","floor":0,"bridge":false,"wheelchair":null},"geometry":{"type":"LineString","coordinates":[[80.239954,26.501362],[80.239647,26.501579]]}},{"type":"Feature","properties":{"osmId":"way/667061504","kind":"road","highway":"residential","name":null,"level":"0","floor":0,"bridge":false,"wheelchair":null},"geometry":{"type":"LineString","coordinates":[[80.240885,26.501206],[80.240628,26.5009],[80.239868,26.500035]]}},{"type":"Feature","properties":{"osmId":"way/667061505","kind":"road","highway":"residential","name":null,"level":"0","floor":0,"bridge":false,"wheelchair":null},"geometry":{"type":"LineString","coordinates":[[80.240289,26.501123],[80.240628,26.5009],[80.240889,26.500735],[80.24106,26.500623],[80.241283,26.500922]]}},{"type":"Feature","properties":{"osmId":"way/667061506","kind":"road","highway":"residential","name":null,"level":"0","floor":0,"bridge":false,"wheelchair":null},"geometry":{"type":"LineString","coordinates":[[80.239954,26.501362],[80.239197,26.500509]]}},{"type":"Feature","properties":{"osmId":"way/667061507","kind":"road","highway":"residential","name":null,"level":"0","floor":0,"bridge":false,"wheelchair":null},"geometry":{"type":"LineString","coordinates":[[80.239568,26.500249],[80.240289,26.501123],[80.239954,26.501362]]}},{"type":"Feature","properties":{"osmId":"way/667061508","kind":"road","highway":"residential","name":null,"level":"0","floor":0,"bridge":false,"wheelchair":null},"geometry":{"type":"LineString","coordinates":[[80.241676,26.50178],[80.241393,26.501489],[80.24127,26.501359]]}},{"type":"Feature","properties":{"osmId":"way/667061511","kind":"road","highway":"residential","name":null,"level":"0","floor":0,"bridge":false,"wheelchair":null},"geometry":{"type":"LineString","coordinates":[[80.2417,26.500759],[80.241666,26.500747],[80.241593,26.50075],[80.241283,26.500922],[80.240885,26.501206],[80.24077,26.501288],[80.240209,26.501664],[80.239954,26.501362]]}},{"type":"Feature","properties":{"osmId":"way/682695127","kind":"road","highway":"residential","name":null,"level":"0","floor":0,"bridge":false,"wheelchair":null},"geometry":{"type":"LineString","coordinates":[[80.238927,26.50401],[80.239438,26.504561],[80.239858,26.504974],[80.239602,26.505176],[80.239341,26.505381],[80.239277,26.505431],[80.239135,26.505537],[80.238961,26.505655],[80.238909,26.50565],[80.238878,26.505642],[80.238487,26.505233]]}},{"type":"Feature","properties":{"osmId":"way/682695128","kind":"road","highway":"residential","name":null,"level":"0","floor":0,"bridge":false,"wheelchair":null},"geometry":{"type":"LineString","coordinates":[[80.240062,26.503768],[80.240277,26.503666],[80.240777,26.503387],[80.240827,26.503388],[80.240867,26.503408],[80.241049,26.503673],[80.241139,26.50382],[80.240911,26.503927],[80.240666,26.504058]]}},{"type":"Feature","properties":{"osmId":"way/682695133","kind":"road","highway":"residential","name":null,"level":"0","floor":0,"bridge":false,"wheelchair":null},"geometry":{"type":"LineString","coordinates":[[80.23817,26.505467],[80.238487,26.505233],[80.238818,26.504981],[80.238854,26.504954],[80.239139,26.504737],[80.239438,26.504561],[80.239562,26.504301],[80.239729,26.504165],[80.240023,26.504038],[80.240445,26.503841]]}},{"type":"Feature","properties":{"osmId":"way/682695155","kind":"road","highway":"residential","name":null,"level":"0","floor":0,"bridge":false,"wheelchair":null},"geometry":{"type":"LineString","coordinates":[[80.241194,26.502904],[80.240915,26.50232]]}},{"type":"Feature","properties":{"osmId":"way/682695171","kind":"road","highway":"residential","name":null,"level":"0","floor":0,"bridge":false,"wheelchair":null},"geometry":{"type":"LineString","coordinates":[[80.242163,26.502248],[80.24192,26.502014],[80.241676,26.50178],[80.241393,26.502011],[80.241201,26.502168]]}},{"type":"Feature","properties":{"osmId":"way/682695173","kind":"road","highway":"residential","name":null,"level":"0","floor":0,"bridge":false,"wheelchair":null},"geometry":{"type":"LineString","coordinates":[[80.240565,26.503087],[80.240191,26.502356],[80.239848,26.502551],[80.239565,26.502661],[80.239526,26.502667],[80.239404,26.502664],[80.239025,26.502868],[80.23867,26.503078],[80.238526,26.503178],[80.238305,26.503445],[80.238237,26.503498],[80.238017,26.503669],[80.237699,26.503907],[80.237579,26.504023],[80.236988,26.504488]]}},{"type":"Feature","properties":{"osmId":"way/682695181","kind":"road","highway":"residential","name":null,"level":"0","floor":0,"bridge":false,"wheelchair":null},"geometry":{"type":"LineString","coordinates":[[80.240941,26.504363],[80.240808,26.504215],[80.240666,26.504058],[80.240445,26.503841],[80.240277,26.503666]]}},{"type":"Feature","properties":{"osmId":"way/682696315","kind":"road","highway":"residential","name":null,"level":"0","floor":0,"bridge":false,"wheelchair":null},"geometry":{"type":"LineString","coordinates":[[80.241925,26.500104],[80.241294,26.500452]]}},{"type":"Feature","properties":{"osmId":"way/952257751","kind":"road","highway":"residential","name":null,"level":"0","floor":0,"bridge":false,"wheelchair":null},"geometry":{"type":"LineString","coordinates":[[80.23651,26.502434],[80.236951,26.502987]]}},{"type":"Feature","properties":{"osmId":"way/952257752","kind":"road","highway":"residential","name":null,"level":"0","floor":0,"bridge":false,"wheelchair":null},"geometry":{"type":"LineString","coordinates":[[80.236574,26.503664],[80.236708,26.503882],[80.236728,26.503894],[80.236801,26.503942],[80.23713,26.503683],[80.237168,26.503643],[80.23723,26.503679],[80.237579,26.504023]]}},{"type":"Feature","properties":{"osmId":"way/952257753","kind":"road","highway":"residential","name":null,"level":"0","floor":0,"bridge":false,"wheelchair":null},"geometry":{"type":"LineString","coordinates":[[80.237996,26.504355],[80.23837,26.504778]]}},{"type":"Feature","properties":{"osmId":"way/952257764","kind":"road","highway":"residential","name":null,"level":"0","floor":0,"bridge":false,"wheelchair":null},"geometry":{"type":"LineString","coordinates":[[80.238698,26.502389],[80.238873,26.502634],[80.239025,26.502868]]}},{"type":"Feature","properties":{"osmId":"way/952257765","kind":"road","highway":"residential","name":null,"level":"0","floor":0,"bridge":false,"wheelchair":null},"geometry":{"type":"LineString","coordinates":[[80.240711,26.503036],[80.240805,26.503155],[80.240875,26.503277],[80.240884,26.503304],[80.240887,26.503341],[80.240867,26.503408]]}},{"type":"Feature","properties":{"osmId":"way/952257766","kind":"road","highway":"residential","name":null,"level":"0","floor":0,"bridge":false,"wheelchair":null},"geometry":{"type":"LineString","coordinates":[[80.24047,26.502127],[80.240863,26.502984]]}},{"type":"Feature","properties":{"osmId":"way/952257767","kind":"road","highway":"residential","name":null,"level":"0","floor":0,"bridge":false,"wheelchair":null},"geometry":{"type":"LineString","coordinates":[[80.239404,26.502664],[80.239797,26.503303]]}},{"type":"Feature","properties":{"osmId":"way/952257768","kind":"road","highway":"residential","name":null,"level":"0","floor":0,"bridge":false,"wheelchair":null},"geometry":{"type":"LineString","coordinates":[[80.23867,26.503078],[80.239079,26.503541]]}},{"type":"Feature","properties":{"osmId":"way/952257769","kind":"road","highway":"residential","name":null,"level":"0","floor":0,"bridge":false,"wheelchair":null},"geometry":{"type":"LineString","coordinates":[[80.236384,26.503773],[80.236574,26.503664],[80.23693,26.5034],[80.237176,26.503224],[80.237478,26.503047]]}},{"type":"Feature","properties":{"osmId":"way/952257770","kind":"road","highway":"residential","name":null,"level":"0","floor":0,"bridge":false,"wheelchair":null},"geometry":{"type":"LineString","coordinates":[[80.237563,26.502753],[80.238237,26.503498]]}},{"type":"Feature","properties":{"osmId":"way/952257771","kind":"road","highway":"residential","name":null,"level":"0","floor":0,"bridge":false,"wheelchair":null},"geometry":{"type":"LineString","coordinates":[[80.236794,26.502238],[80.237361,26.502913]]}},{"type":"Feature","properties":{"osmId":"way/952257772","kind":"road","highway":"residential","name":null,"level":"0","floor":0,"bridge":false,"wheelchair":null},"geometry":{"type":"LineString","coordinates":[[80.237827,26.501522],[80.238209,26.501967],[80.238374,26.502132],[80.238377,26.502156],[80.238363,26.502181],[80.238216,26.502281],[80.237563,26.502753],[80.237361,26.502913],[80.237478,26.503047],[80.238017,26.503669]]}},{"type":"Feature","properties":{"osmId":"way/952257773","kind":"road","highway":"residential","name":null,"level":"0","floor":0,"bridge":false,"wheelchair":null},"geometry":{"type":"LineString","coordinates":[[80.238526,26.503178],[80.238193,26.502833],[80.238188,26.502789],[80.238222,26.502761],[80.238579,26.502568]]}},{"type":"Feature","properties":{"osmId":"way/952257774","kind":"road","highway":"residential","name":null,"level":"0","floor":0,"bridge":false,"wheelchair":null},"geometry":{"type":"LineString","coordinates":[[80.239602,26.505176],[80.239139,26.504737]]}},{"type":"Feature","properties":{"osmId":"way/952257781","kind":"road","highway":"residential","name":null,"level":"0","floor":0,"bridge":false,"wheelchair":null},"geometry":{"type":"LineString","coordinates":[[80.23992,26.505045],[80.240096,26.50494],[80.240117,26.504935],[80.240148,26.504953],[80.240619,26.505481]]}},{"type":"Feature","properties":{"osmId":"way/952257782","kind":"road","highway":"residential","name":null,"level":"0","floor":0,"bridge":false,"wheelchair":null},"geometry":{"type":"LineString","coordinates":[[80.240388,26.504778],[80.241122,26.505608]]}},{"type":"Feature","properties":{"osmId":"way/952257783","kind":"road","highway":"residential","name":null,"level":"0","floor":0,"bridge":false,"wheelchair":null},"geometry":{"type":"LineString","coordinates":[[80.240422,26.504459],[80.240116,26.504652]]}},{"type":"Feature","properties":{"osmId":"way/952257784","kind":"road","highway":"residential","name":null,"level":"0","floor":0,"bridge":false,"wheelchair":null},"geometry":{"type":"LineString","coordinates":[[80.239879,26.503868],[80.240023,26.504038],[80.240422,26.504459],[80.240481,26.504454],[80.240513,26.504437],[80.240538,26.504416],[80.24086,26.504739],[80.241169,26.505068],[80.241442,26.505399]]}},{"type":"Feature","properties":{"osmId":"way/952257785","kind":"road","highway":"residential","name":null,"level":"0","floor":0,"bridge":false,"wheelchair":null},"geometry":{"type":"LineString","coordinates":[[80.240941,26.504363],[80.241724,26.50519]]}},{"type":"Feature","properties":{"osmId":"way/952257786","kind":"road","highway":"residential","name":null,"level":"0","floor":0,"bridge":false,"wheelchair":null},"geometry":{"type":"LineString","coordinates":[[80.241236,26.504089],[80.241996,26.504922]]}},{"type":"Feature","properties":{"osmId":"way/952257787","kind":"road","highway":"residential","name":null,"level":"0","floor":0,"bridge":false,"wheelchair":null},"geometry":{"type":"LineString","coordinates":[[80.241139,26.50382],[80.241294,26.503729],[80.241328,26.503726],[80.241382,26.503742],[80.241928,26.504322]]}},{"type":"Feature","properties":{"osmId":"way/952257788","kind":"road","highway":"residential","name":null,"level":"0","floor":0,"bridge":false,"wheelchair":null},"geometry":{"type":"LineString","coordinates":[[80.238305,26.503445],[80.238672,26.503858]]}},{"type":"Feature","properties":{"osmId":"way/952257789","kind":"road","highway":"residential","name":null,"level":"0","floor":0,"bridge":false,"wheelchair":null},"geometry":{"type":"LineString","coordinates":[[80.238654,26.50424],[80.239139,26.504737]]}},{"type":"Feature","properties":{"osmId":"way/952257790","kind":"road","highway":"residential","name":null,"level":"0","floor":0,"bridge":false,"wheelchair":null},"geometry":{"type":"LineString","coordinates":[[80.237853,26.505175],[80.238045,26.505033],[80.23837,26.504778],[80.238546,26.504641]]}},{"type":"Feature","properties":{"osmId":"way/952257791","kind":"road","highway":"residential","name":null,"level":"0","floor":0,"bridge":false,"wheelchair":null},"geometry":{"type":"LineString","coordinates":[[80.238818,26.504981],[80.239277,26.505431]]}},{"type":"Feature","properties":{"osmId":"way/952257792","kind":"road","highway":"residential","name":null,"level":"0","floor":0,"bridge":false,"wheelchair":null},"geometry":{"type":"LineString","coordinates":[[80.239858,26.504974],[80.23992,26.505045],[80.240266,26.50544],[80.240391,26.505592],[80.240656,26.505915]]}},{"type":"Feature","properties":{"osmId":"way/952266827","kind":"road","highway":"residential","name":null,"level":"0","floor":0,"bridge":false,"wheelchair":null},"geometry":{"type":"LineString","coordinates":[[80.236258,26.502608],[80.236655,26.503105]]}},{"type":"Feature","properties":{"osmId":"way/952266828","kind":"road","highway":"residential","name":null,"level":"0","floor":0,"bridge":false,"wheelchair":null},"geometry":{"type":"LineString","coordinates":[[80.237168,26.503643],[80.23693,26.5034]]}},{"type":"Feature","properties":{"osmId":"way/952266838","kind":"road","highway":"residential","name":null,"level":"0","floor":0,"bridge":false,"wheelchair":null},"geometry":{"type":"LineString","coordinates":[[80.24128,26.502278],[80.241432,26.50246],[80.241586,26.502645]]}},{"type":"Feature","properties":{"osmId":"way/952266841","kind":"road","highway":"residential","name":null,"level":"0","floor":0,"bridge":false,"wheelchair":null},"geometry":{"type":"LineString","coordinates":[[80.239989,26.505879],[80.240391,26.505592]]}},{"type":"Feature","properties":{"osmId":"way/952266843","kind":"road","highway":"residential","name":null,"level":"0","floor":0,"bridge":false,"wheelchair":null},"geometry":{"type":"LineString","coordinates":[[80.237573,26.502399],[80.238209,26.501967]]}},{"type":"Feature","properties":{"osmId":"way/952266852","kind":"road","highway":"residential","name":null,"level":"0","floor":0,"bridge":false,"wheelchair":null},"geometry":{"type":"LineString","coordinates":[[80.238334,26.504401],[80.238546,26.504641],[80.238854,26.504954]]}},{"type":"Feature","properties":{"osmId":"way/952266855","kind":"road","highway":"residential","name":null,"level":"0","floor":0,"bridge":false,"wheelchair":null},"geometry":{"type":"LineString","coordinates":[[80.237425,26.504816],[80.237566,26.504684],[80.237601,26.504656],[80.237637,26.504656],[80.238045,26.505033]]}},{"type":"Feature","properties":{"osmId":"way/952266856","kind":"road","highway":"residential","name":null,"level":"0","floor":0,"bridge":false,"wheelchair":null},"geometry":{"type":"LineString","coordinates":[[80.237176,26.503224],[80.23727,26.503335],[80.237392,26.503479],[80.237699,26.503907]]}},{"type":"Feature","properties":{"osmId":"way/952867535","kind":"road","highway":"residential","name":null,"level":"0","floor":0,"bridge":false,"wheelchair":null},"geometry":{"type":"LineString","coordinates":[[80.24033,26.499701],[80.24106,26.500623]]}},{"type":"Feature","properties":{"osmId":"way/952867540","kind":"road","highway":"residential","name":null,"level":"0","floor":0,"bridge":false,"wheelchair":null},"geometry":{"type":"LineString","coordinates":[[80.237581,26.500501],[80.2375,26.500356],[80.237506,26.500341],[80.23753,26.500327],[80.23783,26.500199]]}},{"type":"Feature","properties":{"osmId":"way/952867541","kind":"road","highway":"residential","name":null,"level":"0","floor":0,"bridge":false,"wheelchair":null},"geometry":{"type":"LineString","coordinates":[[80.237132,26.499907],[80.237801,26.499528]]}},{"type":"Feature","properties":{"osmId":"way/952897324","kind":"road","highway":"residential","name":null,"level":"0","floor":0,"bridge":false,"wheelchair":null},"geometry":{"type":"LineString","coordinates":[[80.238921,26.501808],[80.239219,26.501613],[80.23951,26.501418]]}},{"type":"Feature","properties":{"osmId":"way/952897326","kind":"road","highway":"residential","name":null,"level":"0","floor":0,"bridge":false,"wheelchair":null},"geometry":{"type":"LineString","coordinates":[[80.241067,26.501703],[80.241393,26.502011]]}},{"type":"Feature","properties":{"osmId":"way/952897327","kind":"road","highway":"residential","name":null,"level":"0","floor":0,"bridge":false,"wheelchair":null},"geometry":{"type":"LineString","coordinates":[[80.240429,26.501903],[80.240729,26.50171]]}},{"type":"Feature","properties":{"osmId":"way/952897328","kind":"road","highway":"residential","name":null,"level":"0","floor":0,"bridge":false,"wheelchair":null},"geometry":{"type":"LineString","coordinates":[[80.240209,26.501664],[80.240429,26.501903],[80.240564,26.502055],[80.240659,26.502137]]}},{"type":"Feature","properties":{"osmId":"way/952897329","kind":"road","highway":"residential","name":null,"level":"0","floor":0,"bridge":false,"wheelchair":null},"geometry":{"type":"LineString","coordinates":[[80.238893,26.500737],[80.239236,26.501095],[80.23951,26.501418],[80.239647,26.501579],[80.240268,26.502288]]}},{"type":"Feature","properties":{"osmId":"way/952897330","kind":"road","highway":"residential","name":null,"level":"0","floor":0,"bridge":false,"wheelchair":null},"geometry":{"type":"LineString","coordinates":[[80.238601,26.500927],[80.238862,26.501292],[80.238895,26.501313],[80.239236,26.501095]]}},{"type":"Feature","properties":{"osmId":"way/952897331","kind":"road","highway":"residential","name":null,"level":"0","floor":0,"bridge":false,"wheelchair":null},"geometry":{"type":"LineString","coordinates":[[80.238659,26.501531],[80.238456,26.501712],[80.238426,26.501768],[80.238426,26.501848],[80.238437,26.501892],[80.238544,26.502057],[80.238566,26.502069],[80.238589,26.50206],[80.238951,26.501837]]}},{"type":"Feature","properties":{"osmId":"way/952897332","kind":"road","highway":"residential","name":null,"level":"0","floor":0,"bridge":false,"wheelchair":null},"geometry":{"type":"LineString","coordinates":[[80.238301,26.501166],[80.238659,26.501531],[80.238921,26.501808],[80.238951,26.501837],[80.239176,26.502132],[80.239264,26.502247],[80.239268,26.502272],[80.239259,26.502289],[80.239229,26.50235],[80.239231,26.502388],[80.239404,26.502664]]}},{"type":"Feature","properties":{"osmId":"way/952897333","kind":"road","highway":"residential","name":null,"level":"0","floor":0,"bridge":false,"wheelchair":null},"geometry":{"type":"LineString","coordinates":[[80.237798,26.500606],[80.238189,26.500468],[80.238222,26.500474],[80.238259,26.500497],[80.238322,26.500636],[80.238399,26.500758],[80.238551,26.500959]]}},{"type":"Feature","properties":{"osmId":"way/952897334","kind":"road","highway":"residential","name":null,"level":"0","floor":0,"bridge":false,"wheelchair":null},"geometry":{"type":"LineString","coordinates":[[80.23718,26.50021],[80.237835,26.499823]]}},{"type":"Feature","properties":{"osmId":"way/952897335","kind":"road","highway":"residential","name":null,"level":"0","floor":0,"bridge":false,"wheelchair":null},"geometry":{"type":"LineString","coordinates":[[80.236516,26.501353],[80.237005,26.501068]]}},{"type":"Feature","properties":{"osmId":"way/952916281","kind":"road","highway":"residential","name":null,"level":"0","floor":0,"bridge":false,"wheelchair":null},"geometry":{"type":"LineString","coordinates":[[80.24096,26.501535],[80.241117,26.501446],[80.24127,26.501359],[80.241564,26.501194]]}},{"type":"Feature","properties":{"osmId":"way/952916282","kind":"road","highway":"residential","name":null,"level":"0","floor":0,"bridge":false,"wheelchair":null},"geometry":{"type":"LineString","coordinates":[[80.240158,26.499813],[80.240889,26.500735]]}},{"type":"Feature","properties":{"osmId":"way/952934277","kind":"road","highway":"residential","name":null,"level":"0","floor":0,"bridge":false,"wheelchair":null},"geometry":{"type":"LineString","coordinates":[[80.239268,26.502272],[80.239382,26.502254],[80.239474,26.502223],[80.23975,26.502082]]}},{"type":"Feature","properties":{"osmId":"way/952934278","kind":"road","highway":"residential","name":null,"level":"0","floor":0,"bridge":false,"wheelchair":null},"geometry":{"type":"LineString","coordinates":[[80.238698,26.502389],[80.239176,26.502132]]}},{"type":"Feature","properties":{"osmId":"way/953340584","kind":"road","highway":"residential","name":null,"level":"0","floor":0,"bridge":false,"wheelchair":null},"geometry":{"type":"LineString","coordinates":[[80.241928,26.504322],[80.24226,26.504687]]}},{"type":"Feature","properties":{"osmId":"way/953340586","kind":"road","highway":"residential","name":null,"level":"0","floor":0,"bridge":false,"wheelchair":null},"geometry":{"type":"LineString","coordinates":[[80.242244,26.50523],[80.241996,26.504922]]}},{"type":"Feature","properties":{"osmId":"way/953341873","kind":"road","highway":"residential","name":null,"level":"0","floor":0,"bridge":false,"wheelchair":null},"geometry":{"type":"LineString","coordinates":[[80.241676,26.50178],[80.241937,26.501554],[80.242248,26.501265]]}},{"type":"Feature","properties":{"osmId":"way/953358609","kind":"road","highway":"residential","name":null,"level":"0","floor":0,"bridge":false,"wheelchair":null},"geometry":{"type":"LineString","coordinates":[[80.242251,26.500085],[80.242132,26.499926],[80.241965,26.499704]]}},{"type":"Feature","properties":{"osmId":"way/953405356","kind":"road","highway":"residential","name":null,"level":"0","floor":0,"bridge":false,"wheelchair":null},"geometry":{"type":"LineString","coordinates":[[80.24192,26.502014],[80.242188,26.501797]]}},{"type":"Feature","properties":{"osmId":"way/954114201","kind":"road","highway":"residential","name":null,"level":"0","floor":0,"bridge":false,"wheelchair":null},"geometry":{"type":"LineString","coordinates":[[80.241859,26.502619],[80.242055,26.502479]]}},{"type":"Feature","properties":{"osmId":"way/1083711849","kind":"road","highway":"residential","name":null,"level":"0","floor":0,"bridge":false,"wheelchair":null},"geometry":{"type":"LineString","coordinates":[[80.239797,26.503303],[80.239845,26.503385],[80.239891,26.503402],[80.240002,26.503358],[80.240237,26.503227]]}},{"type":"Feature","properties":{"osmId":"way/1090922536","kind":"road","highway":"residential","name":null,"level":"0","floor":0,"bridge":false,"wheelchair":null},"geometry":{"type":"LineString","coordinates":[[80.240191,26.502356],[80.240268,26.502288],[80.240438,26.502152],[80.24047,26.502127],[80.240564,26.502055]]}},{"type":"Feature","properties":{"osmId":"way/1090922537","kind":"road","highway":"residential","name":null,"level":"0","floor":0,"bridge":false,"wheelchair":null},"geometry":{"type":"LineString","coordinates":[[80.238377,26.502156],[80.238616,26.502425],[80.238698,26.502389]]}},{"type":"Feature","properties":{"osmId":"way/1190086039","kind":"road","highway":"residential","name":null,"level":"0","floor":0,"bridge":false,"wheelchair":null},"geometry":{"type":"LineString","coordinates":[[80.238869,26.504086],[80.238654,26.50424],[80.238434,26.504398]]}},{"type":"Feature","properties":{"osmId":"way/1190086435","kind":"road","highway":"residential","name":null,"level":"0","floor":0,"bridge":false,"wheelchair":null},"geometry":{"type":"LineString","coordinates":[[80.240538,26.504416],[80.240808,26.504215]]}},{"type":"Feature","properties":{"osmId":"way/1190086436","kind":"road","highway":"residential","name":null,"level":"0","floor":0,"bridge":false,"wheelchair":null},"geometry":{"type":"LineString","coordinates":[[80.240116,26.504652],[80.239862,26.504363]]}},{"type":"Feature","properties":{"osmId":"way/1190792133","kind":"road","highway":"residential","name":null,"level":"0","floor":0,"bridge":false,"wheelchair":null},"geometry":{"type":"LineString","coordinates":[[80.239431,26.501811],[80.239357,26.501717],[80.239219,26.501613],[80.2391,26.501475]]}},{"type":"Feature","properties":{"osmId":"way/1190805941","kind":"road","highway":"residential","name":null,"level":"0","floor":0,"bridge":false,"wheelchair":null},"geometry":{"type":"LineString","coordinates":[[80.241117,26.501446],[80.240931,26.501215],[80.240885,26.501206]]}},{"type":"Feature","properties":{"osmId":"way/952316281","kind":"road","highway":"residential","name":null,"level":"0","floor":0,"bridge":true,"wheelchair":null},"geometry":{"type":"LineString","coordinates":[[80.22093,26.512277],[80.220898,26.512232]]}},{"type":"Feature","properties":{"osmId":"way/152920312","kind":"road","highway":"residential","name":null,"level":"0","floor":0,"bridge":false,"wheelchair":null},"geometry":{"type":"LineString","coordinates":[[80.227241,26.508445],[80.2273,26.508496],[80.227352,26.508516]]}},{"type":"Feature","properties":{"osmId":"way/152920313","kind":"road","highway":"service","name":null,"level":"0","floor":0,"bridge":false,"wheelchair":null},"geometry":{"type":"LineString","coordinates":[[80.229014,26.507427],[80.228546,26.507753],[80.227352,26.508516],[80.227239,26.508591],[80.227241,26.508445],[80.227237,26.508153],[80.227228,26.507315],[80.227236,26.50619],[80.227237,26.506121]]}},{"type":"Feature","properties":{"osmId":"way/152930197","kind":"road","highway":"residential","name":null,"level":"0","floor":0,"bridge":false,"wheelchair":null},"geometry":{"type":"LineString","coordinates":[[80.228546,26.507753],[80.228643,26.507823],[80.228723,26.507887],[80.228775,26.508],[80.228783,26.508122],[80.228829,26.508433],[80.228883,26.508689],[80.22897,26.508761],[80.229009,26.509086],[80.229108,26.509243]]}},{"type":"Feature","properties":{"osmId":"way/203657901","kind":"road","highway":"residential","name":"Hall 5 Back Connector Road","level":"0","floor":0,"bridge":false,"wheelchair":null},"geometry":{"type":"LineString","coordinates":[[80.22894,26.51185],[80.228953,26.511015],[80.22894,26.510957],[80.228909,26.51091],[80.228859,26.510886],[80.227959,26.510441],[80.227611,26.510268],[80.227557,26.510192],[80.22753,26.510123],[80.22753,26.510037],[80.227528,26.50992]]}},{"type":"Feature","properties":{"osmId":"way/203657936","kind":"road","highway":"residential","name":null,"level":"0","floor":0,"bridge":false,"wheelchair":null},"geometry":{"type":"LineString","coordinates":[[80.226962,26.511834],[80.226967,26.512494]]}},{"type":"Feature","properties":{"osmId":"way/343976535","kind":"road","highway":"residential","name":null,"level":"0","floor":0,"bridge":false,"wheelchair":null},"geometry":{"type":"LineString","coordinates":[[80.227237,26.506121],[80.228167,26.506121],[80.228937,26.506122]]}},{"type":"Feature","properties":{"osmId":"way/376447050","kind":"road","highway":"service","name":null,"level":"0","floor":0,"bridge":false,"wheelchair":null},"geometry":{"type":"LineString","coordinates":[[80.227237,26.508153],[80.227118,26.508153],[80.227033,26.508149],[80.227001,26.508125],[80.226994,26.508087],[80.226998,26.508],[80.227029,26.507973],[80.227083,26.507962],[80.227118,26.507962]]}},{"type":"Feature","properties":{"osmId":"way/376451988","kind":"road","highway":"service","name":null,"level":"0","floor":0,"bridge":false,"wheelchair":null},"geometry":{"type":"LineString","coordinates":[[80.225565,26.507296],[80.227228,26.507315]]}},{"type":"Feature","properties":{"osmId":"way/618065251","kind":"road","highway":"service","name":"Hall 12 back connector","level":"0","floor":0,"bridge":false,"wheelchair":null},"geometry":{"type":"LineString","coordinates":[[80.227062,26.510275],[80.227044,26.51055],[80.226834,26.511046],[80.226806,26.511361],[80.2268,26.511597],[80.226807,26.511627],[80.226821,26.511642],[80.226871,26.511658],[80.228234,26.511649],[80.228239,26.510797],[80.228199,26.510706],[80.228061,26.51055],[80.227752,26.510446],[80.227587,26.510427],[80.227347,26.510409],[80.227243,26.510382],[80.227062,26.510275],[80.227099,26.509826],[80.226995,26.508741]]}},{"type":"Feature","properties":{"osmId":"way/618065252","kind":"road","highway":"residential","name":"Hall 13 back connector","level":"0","floor":0,"bridge":false,"wheelchair":null},"geometry":{"type":"LineString","coordinates":[[80.226806,26.511361],[80.226504,26.511322],[80.226443,26.511308],[80.226376,26.51126],[80.226274,26.511164],[80.226205,26.51113],[80.226116,26.511121],[80.225753,26.51112],[80.225678,26.511087],[80.225664,26.511043],[80.22567,26.509913],[80.2257,26.509864],[80.225796,26.509834],[80.227099,26.509826]]}},{"type":"Feature","properties":{"osmId":"way/952243651","kind":"road","highway":"residential","name":null,"level":"0","floor":0,"bridge":false,"wheelchair":null},"geometry":{"type":"LineString","coordinates":[[80.223048,26.512348],[80.223166,26.511711]]}},{"type":"Feature","properties":{"osmId":"way/1137756287","kind":"road","highway":"service","name":null,"level":"0","floor":0,"bridge":false,"wheelchair":null},"geometry":{"type":"LineString","coordinates":[[80.226204,26.511827],[80.226205,26.511657],[80.226207,26.51121],[80.226167,26.511182],[80.22486,26.511125],[80.224687,26.511115],[80.224377,26.511159],[80.22436,26.511714],[80.226205,26.511657]]}},{"type":"Feature","properties":{"osmId":"way/1150599820","kind":"road","highway":"service","name":null,"level":"0","floor":0,"bridge":false,"wheelchair":null},"geometry":{"type":"LineString","coordinates":[[80.229088,26.50968],[80.229023,26.509678],[80.228764,26.509664],[80.228727,26.509645],[80.22873,26.509445],[80.228989,26.509444]]}},{"type":"Feature","properties":{"osmId":"way/1154890625","kind":"path","highway":"corridor","name":null,"level":"0","floor":0,"bridge":false,"wheelchair":null},"geometry":{"type":"LineString","coordinates":[[80.228645,26.510295],[80.228645,26.509638],[80.228645,26.509477],[80.228646,26.50878]]}},{"type":"Feature","properties":{"osmId":"way/1154890626","kind":"path","highway":"corridor","name":null,"level":"0","floor":0,"bridge":false,"wheelchair":null},"geometry":{"type":"LineString","coordinates":[[80.228157,26.510205],[80.228159,26.509641],[80.22816,26.509477],[80.228163,26.508692]]}},{"type":"Feature","properties":{"osmId":"way/1154890627","kind":"path","highway":"corridor","name":null,"level":"0","floor":0,"bridge":false,"wheelchair":null},"geometry":{"type":"LineString","coordinates":[[80.22816,26.509477],[80.228645,26.509477]]}},{"type":"Feature","properties":{"osmId":"way/1154890628","kind":"path","highway":"corridor","name":null,"level":"0","floor":0,"bridge":false,"wheelchair":null},"geometry":{"type":"LineString","coordinates":[[80.228159,26.509641],[80.228645,26.509638]]}},{"type":"Feature","properties":{"osmId":"way/1154890630","kind":"path","highway":"footway","name":null,"level":"0","floor":0,"bridge":false,"wheelchair":null},"geometry":{"type":"LineString","coordinates":[[80.228645,26.509638],[80.228727,26.509645]]}},{"type":"Feature","properties":{"osmId":"way/1158746038","kind":"road","highway":"service","name":null,"level":"0","floor":0,"bridge":false,"wheelchair":null},"geometry":{"type":"LineString","coordinates":[[80.228287,26.511845],[80.228289,26.511739],[80.228234,26.511649]]}},{"type":"Feature","properties":{"osmId":"way/1161618410","kind":"road","highway":"service","name":null,"level":"0","floor":0,"bridge":false,"wheelchair":null},"geometry":{"type":"LineString","coordinates":[[80.228941,26.50647],[80.228848,26.506471],[80.228676,26.506487],[80.228682,26.506574],[80.22865,26.506649],[80.228596,26.506686],[80.228521,26.506703],[80.228467,26.506674],[80.228441,26.506637],[80.228433,26.506603],[80.228454,26.506543],[80.228486,26.506501],[80.228534,26.506474],[80.228587,26.50647],[80.228676,26.506487]]}},{"type":"Feature","properties":{"osmId":"way/54185570","kind":"road","highway":"residential","name":"62nd Street","level":"0","floor":0,"bridge":false,"wheelchair":null},"geometry":{"type":"LineString","coordinates":[[80.230713,26.511864],[80.230612,26.511867],[80.22898,26.51185],[80.22894,26.51185],[80.228287,26.511845],[80.226962,26.511834],[80.226204,26.511827],[80.22607,26.511826],[80.224305,26.511826],[80.224058,26.511809]]}},{"type":"Feature","properties":{"osmId":"way/54185595","kind":"road","highway":"residential","name":null,"level":"0","floor":0,"bridge":false,"wheelchair":null},"geometry":{"type":"LineString","coordinates":[[80.230722,26.509933],[80.229177,26.509908],[80.229112,26.509879],[80.229089,26.509812],[80.229088,26.50968],[80.229108,26.509243],[80.230737,26.509239]]}},{"type":"Feature","properties":{"osmId":"way/152795523","kind":"road","highway":"unclassified","name":"Hall 4 - Hall 7 Cross","level":"0","floor":0,"bridge":false,"wheelchair":null},"geometry":{"type":"LineString","coordinates":[[80.229014,26.507427],[80.229102,26.507464],[80.22915,26.507491],[80.229192,26.507505],[80.229244,26.507509],[80.229301,26.507494],[80.229346,26.507467],[80.229384,26.507429],[80.229428,26.507389],[80.229498,26.507342],[80.229567,26.507316],[80.229657,26.507314],[80.229769,26.507318],[80.229887,26.50733],[80.229989,26.507329],[80.230049,26.50734],[80.230149,26.507385],[80.230253,26.507378],[80.230349,26.507374],[80.230481,26.507367],[80.230649,26.507355],[80.230761,26.507332]]}},{"type":"Feature","properties":{"osmId":"way/152918015","kind":"road","highway":"track","name":null,"level":"0","floor":0,"bridge":false,"wheelchair":null},"geometry":{"type":"LineString","coordinates":[[80.229014,26.507427],[80.230756,26.506294]]}},{"type":"Feature","properties":{"osmId":"way/203657939","kind":"road","highway":"residential","name":null,"level":"0","floor":0,"bridge":false,"wheelchair":null},"geometry":{"type":"LineString","coordinates":[[80.223618,26.514533],[80.223622,26.51451],[80.223622,26.514508],[80.223638,26.514421],[80.223729,26.514279],[80.223831,26.51417],[80.223917,26.514126],[80.223994,26.514052],[80.223999,26.513836],[80.224014,26.513145],[80.224058,26.511809],[80.223585,26.511744]]}},{"type":"Feature","properties":{"osmId":"way/268094871","kind":"road","highway":"residential","name":null,"level":"0","floor":0,"bridge":false,"wheelchair":null},"geometry":{"type":"LineString","coordinates":[[80.223618,26.514533],[80.22367,26.514623],[80.22381,26.514867],[80.223944,26.515086],[80.223984,26.515113],[80.224037,26.515118],[80.224892,26.515168],[80.224941,26.515188],[80.224949,26.515226],[80.224949,26.51538],[80.224823,26.515384],[80.224066,26.515402],[80.22367,26.515532],[80.223274,26.515695],[80.223016,26.51582],[80.222985,26.515782],[80.222649,26.515916],[80.222596,26.515942],[80.222124,26.516179],[80.22156,26.516499],[80.220925,26.51692],[80.220763,26.517026],[80.220711,26.516991],[80.220586,26.516862],[80.220539,26.516799],[80.220445,26.51685],[80.220061,26.517106],[80.219992,26.517136],[80.219926,26.517141],[80.219884,26.517128],[80.219846,26.517117],[80.219685,26.517028],[80.219577,26.517015],[80.219482,26.517028],[80.219422,26.517045],[80.218929,26.517183],[80.218822,26.517204],[80.218728,26.51718],[80.218154,26.516697],[80.218084,26.516653],[80.217981,26.516618],[80.217902,26.516661],[80.217473,26.517329],[80.217195,26.517761],[80.217091,26.517923],[80.216231,26.5193]]}},{"type":"Feature","properties":{"osmId":"way/950480138","kind":"road","highway":"residential","name":null,"level":"0","floor":0,"bridge":false,"wheelchair":null},"geometry":{"type":"LineString","coordinates":[[80.219123,26.520173],[80.219431,26.519688],[80.219476,26.519603],[80.219545,26.519501],[80.219578,26.519457],[80.219682,26.519321],[80.219684,26.519297],[80.219674,26.519269],[80.21954,26.519149],[80.21948,26.519091],[80.219422,26.518994],[80.219386,26.518869],[80.219356,26.51873],[80.219342,26.518624],[80.219328,26.518442],[80.219328,26.518366],[80.219328,26.518138],[80.219328,26.517986],[80.219342,26.517878],[80.219356,26.517794],[80.219406,26.517651]]}},{"type":"Feature","properties":{"osmId":"way/950480140","kind":"road","highway":"residential","name":null,"level":"0","floor":0,"bridge":false,"wheelchair":null},"geometry":{"type":"LineString","coordinates":[[80.219578,26.519457],[80.219321,26.519277],[80.219255,26.519248],[80.219198,26.519237],[80.219103,26.519255],[80.219013,26.519244],[80.218942,26.519208],[80.218885,26.519169],[80.218576,26.518957],[80.218491,26.518888],[80.218439,26.518808],[80.218359,26.51862],[80.218288,26.518519],[80.218221,26.518458],[80.21817,26.518382],[80.218176,26.518315],[80.218247,26.518219],[80.218316,26.518145],[80.218389,26.51804],[80.218585,26.517653]]}},{"type":"Feature","properties":{"osmId":"way/950480142","kind":"road","highway":"residential","name":null,"level":"0","floor":0,"bridge":false,"wheelchair":null},"geometry":{"type":"LineString","coordinates":[[80.216675,26.519563],[80.21684,26.519357],[80.216882,26.519303],[80.216928,26.519252],[80.216985,26.519205],[80.217041,26.519183],[80.217095,26.519148],[80.217123,26.51911],[80.217144,26.519053],[80.217183,26.518951],[80.217208,26.518913],[80.217254,26.518875],[80.217303,26.518847],[80.217686,26.518682]]}},{"type":"Feature","properties":{"osmId":"way/950480143","kind":"road","highway":"residential","name":null,"level":"0","floor":0,"bridge":false,"wheelchair":null},"geometry":{"type":"LineString","coordinates":[[80.216897,26.519809],[80.217197,26.519521],[80.217264,26.519471],[80.217356,26.519417],[80.21762,26.51932],[80.217657,26.519287],[80.217679,26.519252],[80.217675,26.519221],[80.217583,26.519027]]}},{"type":"Feature","properties":{"osmId":"way/950480144","kind":"road","highway":"residential","name":null,"level":"0","floor":0,"bridge":false,"wheelchair":null},"geometry":{"type":"LineString","coordinates":[[80.217195,26.517761],[80.217362,26.517904],[80.217411,26.517926],[80.217459,26.51793],[80.21751,26.517904],[80.217649,26.517817],[80.217909,26.517658],[80.218071,26.517564],[80.218135,26.517534],[80.218209,26.517526],[80.218291,26.517552],[80.218372,26.517596],[80.218457,26.517631],[80.218585,26.517653],[80.218694,26.517652],[80.219092,26.517648],[80.219406,26.517651],[80.219551,26.517676],[80.219601,26.51771],[80.219633,26.517748],[80.219659,26.517837],[80.219678,26.517872],[80.219843,26.518039],[80.219995,26.518164],[80.22004,26.518112],[80.220203,26.517953],[80.220229,26.517946],[80.220259,26.517952],[80.220282,26.517966],[80.220474,26.518191],[80.220537,26.518257],[80.220827,26.518563],[80.220923,26.518665],[80.220941,26.518715],[80.220939,26.518772],[80.220929,26.518804],[80.22078,26.518927],[80.220919,26.519112],[80.220919,26.519137],[80.220915,26.519151],[80.220869,26.519185],[80.220415,26.519524],[80.22032,26.519579],[80.22014,26.519621],[80.220018,26.519639],[80.219813,26.519603],[80.219545,26.519501]]}},{"type":"Feature","properties":{"osmId":"way/950595497","kind":"road","highway":"residential","name":null,"level":"0","floor":0,"bridge":false,"wheelchair":null},"geometry":{"type":"LineString","coordinates":[[80.230659,26.517992],[80.229327,26.517988],[80.229131,26.517964],[80.228957,26.517904],[80.228561,26.517703],[80.228403,26.517572],[80.228365,26.517523],[80.228342,26.51746],[80.228343,26.51741],[80.228356,26.517349],[80.22843,26.517269],[80.229444,26.516571],[80.229496,26.516523],[80.229519,26.516481],[80.229522,26.516435],[80.229493,26.516349],[80.229183,26.515849],[80.22912,26.515674],[80.229175,26.515607],[80.229224,26.515538],[80.229281,26.515468],[80.229374,26.515388],[80.229946,26.515043],[80.229981,26.515],[80.229981,26.514969],[80.229901,26.514806],[80.229752,26.51456],[80.229623,26.514362],[80.229372,26.514134],[80.229016,26.513815],[80.228912,26.513721],[80.228859,26.513659],[80.228794,26.513523],[80.228521,26.513229],[80.228423,26.513139],[80.228194,26.513014],[80.227998,26.512937],[80.227543,26.512832],[80.227394,26.512815],[80.227248,26.512822],[80.226874,26.512968],[80.226756,26.513022],[80.226608,26.513146],[80.226551,26.513204],[80.226471,26.513252],[80.226323,26.513312],[80.226167,26.513374],[80.226107,26.513412],[80.226095,26.51346],[80.22615,26.51382],[80.226131,26.513854],[80.226106,26.513891],[80.225702,26.514093],[80.224956,26.514474],[80.224921,26.514489],[80.224891,26.514497],[80.223638,26.514421],[80.223407,26.514375],[80.223177,26.51428],[80.222411,26.51395],[80.222307,26.513902],[80.222228,26.513848],[80.222134,26.513746],[80.221705,26.513309],[80.221631,26.513216],[80.221597,26.513165],[80.221568,26.513086],[80.221554,26.513043],[80.22152,26.512971],[80.221383,26.512819],[80.221206,26.512612],[80.221092,26.512481],[80.22093,26.512277]]}},{"type":"Feature","properties":{"osmId":"way/950595498","kind":"road","highway":"residential","name":null,"level":"0","floor":0,"bridge":false,"wheelchair":null},"geometry":{"type":"LineString","coordinates":[[80.216099,26.519239],[80.216543,26.518543],[80.216561,26.518482],[80.216558,26.518441],[80.216543,26.518361],[80.216422,26.517743],[80.216425,26.517691],[80.216459,26.51765],[80.216509,26.517603],[80.216968,26.517341],[80.217005,26.5173],[80.217017,26.517258],[80.217002,26.517214],[80.216968,26.517164],[80.216866,26.517029],[80.216838,26.516966],[80.216826,26.516892],[80.216855,26.516484]]}},{"type":"Feature","properties":{"osmId":"way/950706713","kind":"road","highway":"residential","name":null,"level":"0","floor":0,"bridge":false,"wheelchair":null},"geometry":{"type":"LineString","coordinates":[[80.216101,26.512232],[80.217667,26.511049],[80.217713,26.5111],[80.21777,26.511144],[80.217837,26.511176],[80.218552,26.511486],[80.21875,26.511565],[80.218885,26.511629],[80.219016,26.511695],[80.219143,26.511778],[80.219325,26.511884],[80.219437,26.511958],[80.219539,26.511999],[80.219636,26.512021],[80.219782,26.512056],[80.21984,26.512075],[80.219886,26.51211],[80.219936,26.512159],[80.220023,26.512265],[80.220082,26.512321],[80.220163,26.512376],[80.220404,26.512528],[80.220435,26.512578],[80.220433,26.512623],[80.220417,26.512673],[80.220043,26.513063],[80.219909,26.513192],[80.219814,26.513374],[80.219686,26.51357],[80.219645,26.513632],[80.219309,26.514189],[80.219108,26.514519],[80.219068,26.514574]]}},{"type":"Feature","properties":{"osmId":"way/950706717","kind":"road","highway":"residential","name":null,"level":"0","floor":0,"bridge":false,"wheelchair":null},"geometry":{"type":"LineString","coordinates":[[80.216631,26.512948],[80.216889,26.512626],[80.216983,26.512506],[80.217152,26.512309]]}},{"type":"Feature","properties":{"osmId":"way/952192397","kind":"road","highway":"residential","name":null,"level":"0","floor":0,"bridge":false,"wheelchair":null},"geometry":{"type":"LineString","coordinates":[[80.226824,26.513915],[80.227003,26.514077],[80.227074,26.514186],[80.227152,26.514352],[80.227179,26.51439],[80.227189,26.514395],[80.227222,26.514398],[80.227366,26.514348],[80.227457,26.514333],[80.227538,26.514342],[80.227615,26.514376],[80.227805,26.514583],[80.227826,26.514597],[80.227862,26.514593],[80.227907,26.514574],[80.228287,26.514358],[80.228342,26.514332],[80.22838,26.514335],[80.228463,26.5144],[80.228521,26.514463],[80.22862,26.514571],[80.228818,26.514788],[80.228954,26.514934],[80.22919,26.515188],[80.229292,26.515319]]}},{"type":"Feature","properties":{"osmId":"way/952192406","kind":"road","highway":"residential","name":null,"level":"0","floor":0,"bridge":false,"wheelchair":null},"geometry":{"type":"LineString","coordinates":[[80.222134,26.513746],[80.222332,26.513661],[80.222395,26.513648],[80.222623,26.513651],[80.222979,26.513661],[80.223093,26.513697],[80.223763,26.513962],[80.223994,26.514052]]}},{"type":"Feature","properties":{"osmId":"way/952192408","kind":"road","highway":"residential","name":null,"level":"0","floor":0,"bridge":false,"wheelchair":null},"geometry":{"type":"LineString","coordinates":[[80.222475,26.514075],[80.222469,26.514161],[80.22256,26.514329],[80.222869,26.514908],[80.222936,26.515065],[80.222989,26.51516],[80.223103,26.515368],[80.223274,26.515695]]}},{"type":"Feature","properties":{"osmId":"way/952192409","kind":"road","highway":"residential","name":null,"level":"0","floor":0,"bridge":false,"wheelchair":null},"geometry":{"type":"LineString","coordinates":[[80.22208,26.516865],[80.222337,26.51673],[80.222568,26.516613],[80.222601,26.516602],[80.222636,26.516611],[80.222664,26.516638],[80.222934,26.517099]]}},{"type":"Feature","properties":{"osmId":"way/952192414","kind":"road","highway":"residential","name":null,"level":"0","floor":0,"bridge":false,"wheelchair":null},"geometry":{"type":"LineString","coordinates":[[80.222589,26.51764],[80.223138,26.518293]]}},{"type":"Feature","properties":{"osmId":"way/952192415","kind":"road","highway":"residential","name":null,"level":"0","floor":0,"bridge":false,"wheelchair":null},"geometry":{"type":"LineString","coordinates":[[80.222325,26.517745],[80.222605,26.518171],[80.222773,26.518403],[80.222825,26.518477]]}},{"type":"Feature","properties":{"osmId":"way/952192416","kind":"road","highway":"residential","name":null,"level":"0","floor":0,"bridge":false,"wheelchair":null},"geometry":{"type":"LineString","coordinates":[[80.221634,26.517146],[80.221877,26.517781],[80.22191,26.517816],[80.221968,26.517836],[80.222007,26.517876],[80.222503,26.518577],[80.22254,26.518618],[80.222573,26.518633],[80.222615,26.518618],[80.222825,26.518477],[80.222892,26.518426],[80.222955,26.518367],[80.222991,26.518352],[80.223033,26.518346],[80.223068,26.518335],[80.223138,26.518293],[80.223293,26.518167],[80.223529,26.517974],[80.223659,26.517872],[80.223781,26.517746],[80.223899,26.517573],[80.223981,26.517325],[80.224051,26.517211],[80.22409,26.517147],[80.224196,26.517007]]}},{"type":"Feature","properties":{"osmId":"way/952192419","kind":"road","highway":"residential","name":null,"level":"0","floor":0,"bridge":false,"wheelchair":null},"geometry":{"type":"LineString","coordinates":[[80.223016,26.51582],[80.223299,26.516285],[80.223356,26.516356],[80.223423,26.51642],[80.223627,26.516551],[80.22407,26.516901],[80.224196,26.517007],[80.22431,26.516898],[80.224374,26.516937],[80.224451,26.516984],[80.224849,26.517182],[80.225,26.517266],[80.225101,26.517341],[80.225287,26.517519],[80.225414,26.517673],[80.225421,26.517712],[80.225401,26.517746],[80.225108,26.517998],[80.224865,26.518211],[80.224768,26.518296],[80.22464,26.518409],[80.224531,26.518511],[80.224387,26.518619],[80.224244,26.51873],[80.224101,26.518832],[80.223815,26.519035],[80.223764,26.519082],[80.22371,26.519173],[80.223654,26.519303]]}},{"type":"Feature","properties":{"osmId":"way/952192420","kind":"road","highway":"residential","name":null,"level":"0","floor":0,"bridge":false,"wheelchair":null},"geometry":{"type":"LineString","coordinates":[[80.220717,26.517532],[80.221184,26.517212],[80.221331,26.517105],[80.221939,26.516725],[80.221974,26.516722],[80.221995,26.516729],[80.222008,26.516744],[80.22208,26.516865],[80.2221,26.516909],[80.222341,26.517356],[80.222355,26.517368],[80.222375,26.517373],[80.222401,26.517369],[80.222615,26.517262],[80.22279,26.517175],[80.222934,26.517099],[80.223324,26.516852],[80.223434,26.516737],[80.223627,26.516551]]}},{"type":"Feature","properties":{"osmId":"way/952192433","kind":"road","highway":"residential","name":null,"level":"0","floor":0,"bridge":false,"wheelchair":null},"geometry":{"type":"LineString","coordinates":[[80.221187,26.516336],[80.221911,26.51566],[80.222015,26.515547],[80.222172,26.515404],[80.222244,26.515367],[80.222361,26.515317],[80.222518,26.515267],[80.222625,26.515263],[80.222714,26.515324],[80.222985,26.515782]]}},{"type":"Feature","properties":{"osmId":"way/952192434","kind":"road","highway":"residential","name":null,"level":"0","floor":0,"bridge":false,"wheelchair":null},"geometry":{"type":"LineString","coordinates":[[80.220763,26.517026],[80.220459,26.517227],[80.220439,26.517261],[80.220439,26.51728],[80.220502,26.517373],[80.220531,26.517385],[80.220572,26.517377],[80.221528,26.516773],[80.222569,26.516175],[80.222658,26.516127],[80.222664,26.516113],[80.222665,26.516096],[80.222662,26.516084],[80.222596,26.515942]]}},{"type":"Feature","properties":{"osmId":"way/952236058","kind":"road","highway":"residential","name":null,"level":"0","floor":0,"bridge":false,"wheelchair":null},"geometry":{"type":"LineString","coordinates":[[80.22464,26.518409],[80.225553,26.519267],[80.225625,26.519339],[80.226031,26.519738]]}},{"type":"Feature","properties":{"osmId":"way/952236059","kind":"road","highway":"residential","name":null,"level":"0","floor":0,"bridge":false,"wheelchair":null},"geometry":{"type":"LineString","coordinates":[[80.224387,26.518619],[80.225027,26.519277],[80.225285,26.519522],[80.225523,26.519702],[80.225822,26.519944]]}},{"type":"Feature","properties":{"osmId":"way/952236063","kind":"road","highway":"residential","name":null,"level":"0","floor":0,"bridge":false,"wheelchair":null},"geometry":{"type":"LineString","coordinates":[[80.226961,26.518876],[80.227413,26.518627],[80.22746,26.518629],[80.227516,26.518649],[80.227559,26.518679],[80.227785,26.51915],[80.227789,26.519209],[80.227777,26.519299]]}},{"type":"Feature","properties":{"osmId":"way/952236064","kind":"road","highway":"residential","name":null,"level":"0","floor":0,"bridge":false,"wheelchair":null},"geometry":{"type":"LineString","coordinates":[[80.226979,26.519036],[80.227154,26.519342],[80.227412,26.519807],[80.227412,26.519825],[80.227409,26.51984],[80.2274,26.519855],[80.227169,26.519981]]}},{"type":"Feature","properties":{"osmId":"way/952236070","kind":"road","highway":"residential","name":null,"level":"0","floor":0,"bridge":false,"wheelchair":null},"geometry":{"type":"LineString","coordinates":[[80.224787,26.52392],[80.2243,26.523543],[80.224013,26.523317],[80.223987,26.523283],[80.223976,26.523245],[80.22398,26.523208],[80.224002,26.523175],[80.224038,26.523144],[80.224138,26.523061],[80.22425,26.522967],[80.22432,26.522913],[80.224735,26.522591],[80.224776,26.522544],[80.224996,26.522302],[80.225067,26.522228],[80.225257,26.522016],[80.225365,26.521884],[80.225395,26.521839],[80.225511,26.521587],[80.225454,26.52137],[80.225381,26.521243],[80.224964,26.520774],[80.224943,26.520703],[80.22503,26.520595],[80.225315,26.520361],[80.225822,26.519944],[80.226031,26.519738],[80.226265,26.519523],[80.226465,26.519393],[80.226979,26.519036],[80.227002,26.518969],[80.226961,26.518876],[80.226814,26.518627]]}},{"type":"Feature","properties":{"osmId":"way/952236083","kind":"road","highway":"residential","name":null,"level":"0","floor":0,"bridge":false,"wheelchair":null},"geometry":{"type":"LineString","coordinates":[[80.219705,26.518704],[80.219817,26.518765],[80.220117,26.518958],[80.220132,26.518967],[80.220202,26.519017],[80.22036,26.519192]]}},{"type":"Feature","properties":{"osmId":"way/952243641","kind":"road","highway":"residential","name":null,"level":"0","floor":0,"bridge":false,"wheelchair":null},"geometry":{"type":"LineString","coordinates":[[80.228655,26.515673],[80.228923,26.51543],[80.22919,26.515188]]}},{"type":"Feature","properties":{"osmId":"way/952243642","kind":"road","highway":"residential","name":null,"level":"0","floor":0,"bridge":false,"wheelchair":null},"geometry":{"type":"LineString","coordinates":[[80.228954,26.514934],[80.229437,26.51459]]}},{"type":"Feature","properties":{"osmId":"way/952243644","kind":"road","highway":"residential","name":null,"level":"0","floor":0,"bridge":false,"wheelchair":null},"geometry":{"type":"LineString","coordinates":[[80.228818,26.514788],[80.229399,26.514376]]}},{"type":"Feature","properties":{"osmId":"way/952243652","kind":"road","highway":"residential","name":null,"level":"0","floor":0,"bridge":false,"wheelchair":null},"geometry":{"type":"LineString","coordinates":[[80.221092,26.512481],[80.222664,26.511518],[80.222762,26.511568],[80.222886,26.511615],[80.223013,26.511667],[80.223166,26.511711],[80.22334,26.511712],[80.223585,26.511744]]}},{"type":"Feature","properties":{"osmId":"way/952243653","kind":"road","highway":"residential","name":null,"level":"0","floor":0,"bridge":false,"wheelchair":null},"geometry":{"type":"LineString","coordinates":[[80.224014,26.513145],[80.225341,26.513173],[80.226213,26.513192],[80.22638,26.51318],[80.226465,26.51318],[80.226541,26.513136],[80.226559,26.513088],[80.226443,26.512473]]}},{"type":"Feature","properties":{"osmId":"way/952243660","kind":"road","highway":"residential","name":null,"level":"0","floor":0,"bridge":false,"wheelchair":null},"geometry":{"type":"LineString","coordinates":[[80.224101,26.518832],[80.224845,26.519589],[80.224952,26.519692],[80.225006,26.519815],[80.225022,26.519949],[80.225143,26.520136],[80.225315,26.520361]]}},{"type":"Feature","properties":{"osmId":"way/952243665","kind":"road","highway":"residential","name":null,"level":"0","floor":0,"bridge":false,"wheelchair":null},"geometry":{"type":"LineString","coordinates":[[80.219813,26.519603],[80.22036,26.519192],[80.220751,26.518897]]}},{"type":"Feature","properties":{"osmId":"way/952243668","kind":"road","highway":"residential","name":null,"level":"0","floor":0,"bridge":false,"wheelchair":null},"geometry":{"type":"LineString","coordinates":[[80.222318,26.51951],[80.222291,26.519486],[80.222106,26.519315],[80.221742,26.518917],[80.221615,26.518747]]}},{"type":"Feature","properties":{"osmId":"way/952243669","kind":"road","highway":"residential","name":null,"level":"0","floor":0,"bridge":false,"wheelchair":null},"geometry":{"type":"LineString","coordinates":[[80.223249,26.518834],[80.222822,26.519145],[80.222318,26.51951],[80.222828,26.519997]]}},{"type":"Feature","properties":{"osmId":"way/952257759","kind":"road","highway":"residential","name":null,"level":"0","floor":0,"bridge":false,"wheelchair":null},"geometry":{"type":"LineString","coordinates":[[80.228794,26.513523],[80.228946,26.513463],[80.22902,26.513421],[80.229462,26.512967],[80.229488,26.512918],[80.229508,26.51287],[80.229539,26.512614],[80.229578,26.512582],[80.22963,26.512559],[80.230239,26.512529],[80.230707,26.512401]]}},{"type":"Feature","properties":{"osmId":"way/952266832","kind":"road","highway":"residential","name":null,"level":"0","floor":0,"bridge":false,"wheelchair":null},"geometry":{"type":"LineString","coordinates":[[80.222106,26.519315],[80.222531,26.518983],[80.222559,26.518972],[80.222578,26.51897],[80.222646,26.519006],[80.222663,26.519008],[80.22269,26.519004],[80.222697,26.519002],[80.223145,26.518708]]}},{"type":"Feature","properties":{"osmId":"way/952266834","kind":"road","highway":"residential","name":null,"level":"0","floor":0,"bridge":false,"wheelchair":null},"geometry":{"type":"LineString","coordinates":[[80.222892,26.518426],[80.223145,26.518708],[80.223249,26.518834],[80.223431,26.519055],[80.223641,26.519314]]}},{"type":"Feature","properties":{"osmId":"way/1190775146","kind":"road","highway":"residential","name":null,"level":"0","floor":0,"bridge":false,"wheelchair":null},"geometry":{"type":"LineString","coordinates":[[80.225625,26.519339],[80.225892,26.51912],[80.225908,26.519105]]}},{"type":"Feature","properties":{"osmId":"way/950480141","kind":"road","highway":"residential","name":null,"level":"0","floor":0,"bridge":false,"wheelchair":null},"geometry":{"type":"LineString","coordinates":[[80.219328,26.518138],[80.218946,26.518274]]}},{"type":"Feature","properties":{"osmId":"way/950595501","kind":"road","highway":"residential","name":null,"level":"0","floor":0,"bridge":false,"wheelchair":null},"geometry":{"type":"LineString","coordinates":[[80.216625,26.516619],[80.216321,26.516204]]}},{"type":"Feature","properties":{"osmId":"way/950595502","kind":"road","highway":"residential","name":null,"level":"0","floor":0,"bridge":false,"wheelchair":null},"geometry":{"type":"LineString","coordinates":[[80.216855,26.516484],[80.216743,26.516267],[80.216636,26.516058]]}},{"type":"Feature","properties":{"osmId":"way/950595503","kind":"road","highway":"residential","name":null,"level":"0","floor":0,"bridge":false,"wheelchair":null},"geometry":{"type":"LineString","coordinates":[[80.216743,26.516267],[80.217133,26.516106]]}},{"type":"Feature","properties":{"osmId":"way/950706714","kind":"road","highway":"track","name":null,"level":"0","floor":0,"bridge":false,"wheelchair":null},"geometry":{"type":"LineString","coordinates":[[80.219309,26.514189],[80.219217,26.514157],[80.219168,26.514124],[80.219108,26.514067],[80.218987,26.513953],[80.218941,26.513922],[80.218881,26.513899],[80.218656,26.513845],[80.218595,26.51383],[80.218552,26.513792],[80.218545,26.513744],[80.218566,26.513621],[80.218563,26.513567],[80.218541,26.513516],[80.218499,26.513481],[80.21812,26.513215]]}},{"type":"Feature","properties":{"osmId":"way/950706715","kind":"road","highway":"track","name":null,"level":"0","floor":0,"bridge":false,"wheelchair":null},"geometry":{"type":"LineString","coordinates":[[80.219068,26.514574],[80.218987,26.514593],[80.218917,26.514583],[80.218726,26.514558],[80.218662,26.514574],[80.218612,26.514609],[80.218481,26.514808]]}},{"type":"Feature","properties":{"osmId":"way/950949072","kind":"road","highway":"residential","name":null,"level":"0","floor":0,"bridge":false,"wheelchair":null},"geometry":{"type":"LineString","coordinates":[[80.217909,26.517658],[80.217683,26.517476],[80.217473,26.517329]]}},{"type":"Feature","properties":{"osmId":"way/950949073","kind":"road","highway":"residential","name":null,"level":"0","floor":0,"bridge":false,"wheelchair":null},"geometry":{"type":"LineString","coordinates":[[80.218135,26.517059],[80.21803,26.517154],[80.217927,26.517251],[80.217683,26.517476]]}},{"type":"Feature","properties":{"osmId":"way/950949074","kind":"road","highway":"residential","name":null,"level":"0","floor":0,"bridge":false,"wheelchair":null},"geometry":{"type":"LineString","coordinates":[[80.217411,26.517926],[80.217615,26.51814]]}},{"type":"Feature","properties":{"osmId":"way/950949075","kind":"road","highway":"residential","name":null,"level":"0","floor":0,"bridge":false,"wheelchair":null},"geometry":{"type":"LineString","coordinates":[[80.217902,26.516661],[80.218245,26.516107],[80.218539,26.515644],[80.218782,26.515261],[80.218805,26.515225],[80.218948,26.515009],[80.219067,26.514827],[80.219117,26.514747],[80.219195,26.514622],[80.219342,26.514388],[80.219543,26.514058],[80.220062,26.514612],[80.220096,26.514626],[80.220134,26.514623],[80.220552,26.514449]]}},{"type":"Feature","properties":{"osmId":"way/950949076","kind":"road","highway":"residential","name":null,"level":"0","floor":0,"bridge":false,"wheelchair":null},"geometry":{"type":"LineString","coordinates":[[80.218948,26.515009],[80.219464,26.515469],[80.219729,26.515856],[80.219754,26.515912],[80.219958,26.516284],[80.220018,26.516353],[80.220139,26.516427],[80.220207,26.51647],[80.220317,26.516559],[80.220438,26.516666],[80.220539,26.516799]]}},{"type":"Feature","properties":{"osmId":"way/950949077","kind":"road","highway":"residential","name":null,"level":"0","floor":0,"bridge":false,"wheelchair":null},"geometry":{"type":"LineString","coordinates":[[80.219117,26.514747],[80.219708,26.515254],[80.219822,26.515311],[80.219877,26.515335],[80.219926,26.515355],[80.220009,26.515392],[80.220085,26.515451],[80.220183,26.515561],[80.220264,26.515653]]}},{"type":"Feature","properties":{"osmId":"way/950949078","kind":"road","highway":"residential","name":null,"level":"0","floor":0,"bridge":false,"wheelchair":null},"geometry":{"type":"LineString","coordinates":[[80.219195,26.514622],[80.219914,26.51509]]}},{"type":"Feature","properties":{"osmId":"way/950949079","kind":"road","highway":"residential","name":null,"level":"0","floor":0,"bridge":false,"wheelchair":null},"geometry":{"type":"LineString","coordinates":[[80.218805,26.515225],[80.219447,26.515769]]}},{"type":"Feature","properties":{"osmId":"way/950949080","kind":"road","highway":"residential","name":null,"level":"0","floor":0,"bridge":false,"wheelchair":null},"geometry":{"type":"LineString","coordinates":[[80.219422,26.517045],[80.219231,26.516856],[80.218714,26.516346]]}},{"type":"Feature","properties":{"osmId":"way/950949081","kind":"road","highway":"residential","name":null,"level":"0","floor":0,"bridge":false,"wheelchair":null},"geometry":{"type":"LineString","coordinates":[[80.219231,26.516856],[80.219627,26.516652],[80.219662,26.516598],[80.219666,26.516538],[80.219623,26.516456],[80.219361,26.515993]]}},{"type":"Feature","properties":{"osmId":"way/952192410","kind":"road","highway":"residential","name":null,"level":"0","floor":0,"bridge":false,"wheelchair":null},"geometry":{"type":"LineString","coordinates":[[80.222337,26.51673],[80.222615,26.517262]]}},{"type":"Feature","properties":{"osmId":"way/952192417","kind":"road","highway":"residential","name":null,"level":"0","floor":0,"bridge":false,"wheelchair":null},"geometry":{"type":"LineString","coordinates":[[80.221257,26.517308],[80.221634,26.517146],[80.221817,26.517051],[80.2221,26.516909]]}},{"type":"Feature","properties":{"osmId":"way/952192418","kind":"road","highway":"residential","name":null,"level":"0","floor":0,"bridge":false,"wheelchair":null},"geometry":{"type":"LineString","coordinates":[[80.221184,26.517212],[80.221257,26.517308],[80.221294,26.517332],[80.221312,26.517344],[80.221328,26.517359],[80.22157,26.517742],[80.221739,26.518071],[80.221841,26.518201],[80.221873,26.518257],[80.221929,26.518336],[80.221963,26.518396],[80.221968,26.518474],[80.221953,26.518517],[80.221917,26.518556],[80.221615,26.518747]]}},{"type":"Feature","properties":{"osmId":"way/952192422","kind":"road","highway":"residential","name":null,"level":"0","floor":0,"bridge":false,"wheelchair":null},"geometry":{"type":"LineString","coordinates":[[80.220552,26.513519],[80.220622,26.513404],[80.220658,26.513355],[80.220702,26.51331],[80.221166,26.51299],[80.221174,26.51297],[80.221169,26.512948],[80.221028,26.512785],[80.221007,26.512766],[80.220976,26.51277],[80.22076,26.512913]]}},{"type":"Feature","properties":{"osmId":"way/952192423","kind":"road","highway":"residential","name":null,"level":"0","floor":0,"bridge":false,"wheelchair":null},"geometry":{"type":"LineString","coordinates":[[80.221251,26.514861],[80.221419,26.515147],[80.221696,26.515449],[80.221911,26.51566]]}},{"type":"Feature","properties":{"osmId":"way/952192424","kind":"road","highway":"residential","name":null,"level":"0","floor":0,"bridge":false,"wheelchair":null},"geometry":{"type":"LineString","coordinates":[[80.220995,26.51639],[80.22084,26.516228],[80.22055,26.51594],[80.220542,26.515908],[80.220552,26.515886],[80.220581,26.515861],[80.220882,26.515663],[80.220891,26.515643],[80.220889,26.515623],[80.220828,26.515544],[80.220521,26.515202],[80.220484,26.515152],[80.22049,26.515115],[80.220496,26.515076],[80.220606,26.514952],[80.220659,26.514928],[80.220685,26.514929],[80.220714,26.514942],[80.221071,26.515372]]}},{"type":"Feature","properties":{"osmId":"way/952192425","kind":"road","highway":"residential","name":null,"level":"0","floor":0,"bridge":false,"wheelchair":null},"geometry":{"type":"LineString","coordinates":[[80.221531,26.516305],[80.222191,26.515931],[80.22232,26.515865],[80.222455,26.515805],[80.222488,26.515803],[80.222513,26.515811],[80.222596,26.515942]]}},{"type":"Feature","properties":{"osmId":"way/952192426","kind":"road","highway":"residential","name":null,"level":"0","floor":0,"bridge":false,"wheelchair":null},"geometry":{"type":"LineString","coordinates":[[80.220828,26.515544],[80.221071,26.515372],[80.221419,26.515147],[80.221752,26.514932]]}},{"type":"Feature","properties":{"osmId":"way/952192427","kind":"road","highway":"residential","name":null,"level":"0","floor":0,"bridge":false,"wheelchair":null},"geometry":{"type":"LineString","coordinates":[[80.220807,26.513665],[80.220925,26.513555],[80.221035,26.513475],[80.221334,26.513267]]}},{"type":"Feature","properties":{"osmId":"way/952192429","kind":"road","highway":"residential","name":null,"level":"0","floor":0,"bridge":false,"wheelchair":null},"geometry":{"type":"LineString","coordinates":[[80.221489,26.514608],[80.222071,26.514196]]}},{"type":"Feature","properties":{"osmId":"way/952192430","kind":"road","highway":"residential","name":null,"level":"0","floor":0,"bridge":false,"wheelchair":null},"geometry":{"type":"LineString","coordinates":[[80.219909,26.513192],[80.219997,26.513282],[80.220048,26.513328],[80.220072,26.513344],[80.220552,26.513519],[80.220745,26.513625],[80.220807,26.513665],[80.220879,26.51371],[80.220955,26.513738],[80.221074,26.513759],[80.22129,26.513765],[80.221436,26.513795],[80.221591,26.513826],[80.22172,26.513876],[80.221779,26.513928],[80.222071,26.514196],[80.222094,26.514216],[80.22243,26.514682],[80.222435,26.51471],[80.222435,26.514729],[80.222419,26.514762],[80.22183,26.515028]]}},{"type":"Feature","properties":{"osmId":"way/952192431","kind":"road","highway":"residential","name":null,"level":"0","floor":0,"bridge":false,"wheelchair":null},"geometry":{"type":"LineString","coordinates":[[80.219543,26.514058],[80.219828,26.513609]]}},{"type":"Feature","properties":{"osmId":"way/952192432","kind":"road","highway":"residential","name":null,"level":"0","floor":0,"bridge":false,"wheelchair":null},"geometry":{"type":"LineString","coordinates":[[80.219686,26.51357],[80.219738,26.513587],[80.219828,26.513609],[80.219915,26.513633],[80.220325,26.51377],[80.220573,26.513853],[80.220697,26.513928],[80.220839,26.514026],[80.221043,26.514186],[80.221071,26.514211],[80.221204,26.514328],[80.221295,26.514417],[80.221489,26.514608],[80.221516,26.514641],[80.221752,26.514932],[80.22183,26.515028],[80.221872,26.515101],[80.221979,26.515254],[80.222015,26.515296],[80.222082,26.51534],[80.222172,26.515404]]}},{"type":"Feature","properties":{"osmId":"way/952243666","kind":"road","highway":"residential","name":null,"level":"0","floor":0,"bridge":false,"wheelchair":null},"geometry":{"type":"LineString","coordinates":[[80.22078,26.518927],[80.220751,26.518897],[80.22029,26.518425],[80.219995,26.518164],[80.219898,26.518222],[80.219816,26.518255],[80.219328,26.518366]]}},{"type":"Feature","properties":{"osmId":"way/952243667","kind":"road","highway":"residential","name":null,"level":"0","floor":0,"bridge":false,"wheelchair":null},"geometry":{"type":"LineString","coordinates":[[80.221615,26.518747],[80.221243,26.51896]]}},{"type":"Feature","properties":{"osmId":"way/952243670","kind":"road","highway":"residential","name":null,"level":"0","floor":0,"bridge":false,"wheelchair":null},"geometry":{"type":"LineString","coordinates":[[80.220795,26.517981],[80.221002,26.518227],[80.221141,26.518391],[80.221259,26.518528]]}},{"type":"Feature","properties":{"osmId":"way/952243671","kind":"road","highway":"residential","name":null,"level":"0","floor":0,"bridge":false,"wheelchair":null},"geometry":{"type":"LineString","coordinates":[[80.220827,26.518563],[80.221141,26.518391]]}},{"type":"Feature","properties":{"osmId":"way/952257797","kind":"road","highway":"residential","name":null,"level":"0","floor":0,"bridge":false,"wheelchair":null},"geometry":{"type":"LineString","coordinates":[[80.220325,26.51377],[80.220286,26.513939],[80.220289,26.513982],[80.220319,26.514018],[80.220508,26.514144],[80.220797,26.514394],[80.220828,26.514404],[80.220868,26.514392],[80.221071,26.514211]]}},{"type":"Feature","properties":{"osmId":"way/952257798","kind":"road","highway":"residential","name":null,"level":"0","floor":0,"bridge":false,"wheelchair":null},"geometry":{"type":"LineString","coordinates":[[80.221074,26.513759],[80.221538,26.513578],[80.221602,26.513556]]}},{"type":"Feature","properties":{"osmId":"way/952266825","kind":"road","highway":"residential","name":null,"level":"0","floor":0,"bridge":false,"wheelchair":null},"geometry":{"type":"LineString","coordinates":[[80.219551,26.517676],[80.219625,26.517532],[80.219643,26.517508],[80.219786,26.517375],[80.219818,26.517335],[80.219884,26.517128]]}},{"type":"Feature","properties":{"osmId":"way/952266836","kind":"road","highway":"residential","name":null,"level":"0","floor":0,"bridge":false,"wheelchair":null},"geometry":{"type":"LineString","coordinates":[[80.221817,26.517051],[80.222015,26.517623]]}},{"type":"Feature","properties":{"osmId":"way/952282737","kind":"road","highway":"residential","name":null,"level":"0","floor":0,"bridge":false,"wheelchair":null},"geometry":{"type":"LineString","coordinates":[[80.219666,26.516538],[80.219743,26.516518],[80.220139,26.516427]]}},{"type":"Feature","properties":{"osmId":"way/952282741","kind":"road","highway":"residential","name":null,"level":"0","floor":0,"bridge":false,"wheelchair":null},"geometry":{"type":"LineString","coordinates":[[80.221002,26.518227],[80.221245,26.518071],[80.221279,26.51807],[80.22131,26.51809],[80.221389,26.518178]]}},{"type":"Feature","properties":{"osmId":"way/952316284","kind":"road","highway":"residential","name":null,"level":"0","floor":0,"bridge":false,"wheelchair":null},"geometry":{"type":"LineString","coordinates":[[80.219422,26.518994],[80.219601,26.518774],[80.219631,26.518743],[80.219682,26.518712],[80.219705,26.518704],[80.219844,26.518657],[80.219911,26.51863],[80.219965,26.51861],[80.22029,26.518425],[80.220419,26.518287],[80.220451,26.518238],[80.220474,26.518191]]}},{"type":"Feature","properties":{"osmId":"way/1190347665","kind":"road","highway":"residential","name":null,"level":"0","floor":0,"bridge":false,"wheelchair":null},"geometry":{"type":"LineString","coordinates":[[80.220479,26.517757],[80.220259,26.517952]]}},{"type":"Feature","properties":{"osmId":"way/1190347666","kind":"road","highway":"residential","name":null,"level":"0","floor":0,"bridge":false,"wheelchair":null},"geometry":{"type":"LineString","coordinates":[[80.221096,26.517527],[80.220908,26.517637],[80.220753,26.517748],[80.220629,26.517834],[80.220565,26.517834],[80.220479,26.517757]]}},{"type":"Feature","properties":{"osmId":"way/1190758610","kind":"road","highway":"residential","name":null,"level":"0","floor":0,"bridge":false,"wheelchair":null},"geometry":{"type":"LineString","coordinates":[[80.222292,26.514017],[80.222099,26.51421],[80.222094,26.514216]]}},{"type":"Feature","properties":{"osmId":"way/1190760120","kind":"road","highway":"residential","name":null,"level":"0","floor":0,"bridge":false,"wheelchair":null},"geometry":{"type":"LineString","coordinates":[[80.221295,26.514417],[80.220747,26.514872],[80.220685,26.514929]]}},{"type":"Feature","properties":{"osmId":"way/1190760260","kind":"road","highway":"residential","name":null,"level":"0","floor":0,"bridge":false,"wheelchair":null},"geometry":{"type":"LineString","coordinates":[[80.220521,26.515202],[80.220227,26.515386],[80.220009,26.515392]]}},{"type":"Feature","properties":{"osmId":"way/1190774535","kind":"road","highway":"residential","name":null,"level":"0","floor":0,"bridge":false,"wheelchair":null},"geometry":{"type":"LineString","coordinates":[[80.221112,26.516413],[80.221187,26.516336]]}},{"type":"Feature","properties":{"osmId":"way/1190774954","kind":"road","highway":"residential","name":null,"level":"0","floor":0,"bridge":false,"wheelchair":null},"geometry":{"type":"LineString","coordinates":[[80.220531,26.517385],[80.220409,26.517498],[80.220329,26.517565]]}},{"type":"Feature","properties":{"osmId":"way/952192392","kind":"road","highway":"residential","name":null,"level":"0","floor":0,"bridge":false,"wheelchair":null},"geometry":{"type":"LineString","coordinates":[[80.224437,26.518012],[80.224768,26.518296]]}},{"type":"Feature","properties":{"osmId":"way/952192393","kind":"road","highway":"residential","name":null,"level":"0","floor":0,"bridge":false,"wheelchair":null},"geometry":{"type":"LineString","coordinates":[[80.224213,26.518205],[80.224531,26.518511]]}},{"type":"Feature","properties":{"osmId":"way/952192394","kind":"road","highway":"residential","name":null,"level":"0","floor":0,"bridge":false,"wheelchair":null},"geometry":{"type":"LineString","coordinates":[[80.224743,26.516308],[80.224422,26.516536],[80.224338,26.516608],[80.224219,26.51671],[80.224206,26.51673],[80.224209,26.51675],[80.22431,26.516898]]}},{"type":"Feature","properties":{"osmId":"way/952192395","kind":"road","highway":"residential","name":null,"level":"0","floor":0,"bridge":false,"wheelchair":null},"geometry":{"type":"LineString","coordinates":[[80.22367,26.515532],[80.223957,26.516047],[80.224017,26.516179],[80.224131,26.516303],[80.224358,26.516482],[80.224422,26.516536]]}},{"type":"Feature","properties":{"osmId":"way/952192396","kind":"road","highway":"residential","name":null,"level":"0","floor":0,"bridge":false,"wheelchair":null},"geometry":{"type":"LineString","coordinates":[[80.224066,26.515402],[80.224306,26.515723],[80.224483,26.515963],[80.224601,26.516115],[80.224673,26.516207],[80.224743,26.516308],[80.224759,26.516331],[80.224786,26.516371],[80.224924,26.516571],[80.225027,26.516721],[80.225251,26.516991],[80.225376,26.517123],[80.225557,26.517277],[80.225612,26.517323],[80.225987,26.517724],[80.22648,26.518228],[80.226714,26.518426]]}},{"type":"Feature","properties":{"osmId":"way/952192398","kind":"road","highway":"residential","name":null,"level":"0","floor":0,"bridge":false,"wheelchair":null},"geometry":{"type":"LineString","coordinates":[[80.226615,26.515675],[80.226921,26.516023],[80.226976,26.516126],[80.227815,26.517205]]}},{"type":"Feature","properties":{"osmId":"way/952192399","kind":"road","highway":"residential","name":null,"level":"0","floor":0,"bridge":false,"wheelchair":null},"geometry":{"type":"LineString","coordinates":[[80.226277,26.515771],[80.226697,26.516333],[80.227535,26.5174],[80.227742,26.517674]]}},{"type":"Feature","properties":{"osmId":"way/952192400","kind":"road","highway":"residential","name":null,"level":"0","floor":0,"bridge":false,"wheelchair":null},"geometry":{"type":"LineString","coordinates":[[80.225966,26.515701],[80.226524,26.516447],[80.227519,26.51776]]}},{"type":"Feature","properties":{"osmId":"way/952192401","kind":"road","highway":"residential","name":null,"level":"0","floor":0,"bridge":false,"wheelchair":null},"geometry":{"type":"LineString","coordinates":[[80.226257,26.516631],[80.226524,26.516447],[80.226697,26.516333],[80.226877,26.516198],[80.226976,26.516126]]}},{"type":"Feature","properties":{"osmId":"way/952192402","kind":"road","highway":"residential","name":null,"level":"0","floor":0,"bridge":false,"wheelchair":null},"geometry":{"type":"LineString","coordinates":[[80.225361,26.51537],[80.225494,26.515549],[80.225632,26.515736],[80.225674,26.515792],[80.226025,26.516313],[80.226257,26.516631],[80.226347,26.516755],[80.22698,26.517578],[80.227315,26.517983]]}},{"type":"Feature","properties":{"osmId":"way/952192403","kind":"road","highway":"residential","name":null,"level":"0","floor":0,"bridge":false,"wheelchair":null},"geometry":{"type":"LineString","coordinates":[[80.224949,26.51538],[80.225207,26.515413],[80.225293,26.515401],[80.225361,26.51537],[80.225695,26.515089],[80.225835,26.514959],[80.226043,26.514767],[80.226191,26.514629],[80.226209,26.514622],[80.226228,26.514626],[80.226259,26.514641],[80.226435,26.514827],[80.226767,26.515229],[80.226773,26.515242],[80.226767,26.515255],[80.226737,26.515292],[80.226745,26.515319],[80.226764,26.515344],[80.227144,26.515727],[80.227152,26.515759],[80.227143,26.515798],[80.226921,26.516023]]}},{"type":"Feature","properties":{"osmId":"way/952192404","kind":"road","highway":"residential","name":null,"level":"0","floor":0,"bridge":false,"wheelchair":null},"geometry":{"type":"LineString","coordinates":[[80.22381,26.514867],[80.224944,26.514938]]}},{"type":"Feature","properties":{"osmId":"way/952192405","kind":"road","highway":"residential","name":null,"level":"0","floor":0,"bridge":false,"wheelchair":null},"geometry":{"type":"LineString","coordinates":[[80.22367,26.514623],[80.224941,26.514698],[80.225046,26.5147],[80.225169,26.514671],[80.225438,26.514494],[80.225604,26.514458],[80.225701,26.514464],[80.225835,26.514476],[80.225971,26.514489],[80.226093,26.514463],[80.226228,26.514414],[80.226288,26.51438],[80.226329,26.514357],[80.226554,26.514157],[80.226727,26.514002],[80.226752,26.51398],[80.226824,26.513915],[80.22705,26.513714],[80.226739,26.513392]]}},{"type":"Feature","properties":{"osmId":"way/952192407","kind":"road","highway":"residential","name":null,"level":"0","floor":0,"bridge":false,"wheelchair":null},"geometry":{"type":"LineString","coordinates":[[80.222869,26.514908],[80.223179,26.514755]]}},{"type":"Feature","properties":{"osmId":"way/952192411","kind":"road","highway":"residential","name":null,"level":"0","floor":0,"bridge":false,"wheelchair":null},"geometry":{"type":"LineString","coordinates":[[80.223324,26.516852],[80.22367,26.517098],[80.223981,26.517325],[80.224636,26.517796],[80.224648,26.517821],[80.224625,26.51786],[80.224437,26.518012],[80.224213,26.518205],[80.224003,26.518387]]}},{"type":"Feature","properties":{"osmId":"way/952192412","kind":"road","highway":"residential","name":null,"level":"0","floor":0,"bridge":false,"wheelchair":null},"geometry":{"type":"LineString","coordinates":[[80.22279,26.517175],[80.222887,26.517303],[80.223021,26.517463],[80.223529,26.517974]]}},{"type":"Feature","properties":{"osmId":"way/952192413","kind":"road","highway":"residential","name":null,"level":"0","floor":0,"bridge":false,"wheelchair":null},"geometry":{"type":"LineString","coordinates":[[80.222715,26.517523],[80.223075,26.517916],[80.223293,26.518167]]}},{"type":"Feature","properties":{"osmId":"way/952236055","kind":"road","highway":"residential","name":null,"level":"0","floor":0,"bridge":false,"wheelchair":null},"geometry":{"type":"LineString","coordinates":[[80.224483,26.515963],[80.224972,26.515678],[80.225008,26.515684],[80.225066,26.515727],[80.225264,26.515994],[80.225593,26.516438],[80.225908,26.516818],[80.225923,26.516851],[80.225997,26.516842],[80.226029,26.516829],[80.226095,26.516759],[80.226257,26.516631]]}},{"type":"Feature","properties":{"osmId":"way/952236056","kind":"road","highway":"residential","name":null,"level":"0","floor":0,"bridge":false,"wheelchair":null},"geometry":{"type":"LineString","coordinates":[[80.225953,26.518775],[80.226159,26.518596],[80.226188,26.518568],[80.226195,26.518548],[80.226191,26.518475],[80.226196,26.518451],[80.226209,26.518433],[80.22648,26.518228]]}},{"type":"Feature","properties":{"osmId":"way/952236057","kind":"road","highway":"residential","name":null,"level":"0","floor":0,"bridge":false,"wheelchair":null},"geometry":{"type":"LineString","coordinates":[[80.22543,26.51589],[80.226095,26.516759],[80.226221,26.516932],[80.22684,26.517796],[80.227123,26.518109],[80.227126,26.518136],[80.227117,26.518166],[80.226714,26.518426],[80.226843,26.518606]]}},{"type":"Feature","properties":{"osmId":"way/952236060","kind":"road","highway":"residential","name":null,"level":"0","floor":0,"bridge":false,"wheelchair":null},"geometry":{"type":"LineString","coordinates":[[80.225108,26.517998],[80.225329,26.518201],[80.225953,26.518775],[80.226037,26.518852],[80.226045,26.518903],[80.226021,26.518946],[80.225868,26.519071],[80.225828,26.519079],[80.225794,26.519061],[80.224865,26.518211]]}},{"type":"Feature","properties":{"osmId":"way/952236062","kind":"road","highway":"residential","name":null,"level":"0","floor":0,"bridge":false,"wheelchair":null},"geometry":{"type":"LineString","coordinates":[[80.226304,26.518965],[80.226814,26.518627],[80.226843,26.518606],[80.227208,26.518343]]}},{"type":"Feature","properties":{"osmId":"way/952243639","kind":"road","highway":"residential","name":null,"level":"0","floor":0,"bridge":false,"wheelchair":null},"geometry":{"type":"LineString","coordinates":[[80.223999,26.513836],[80.225271,26.513838],[80.225318,26.513832],[80.225333,26.513816],[80.225341,26.513173]]}},{"type":"Feature","properties":{"osmId":"way/952243640","kind":"road","highway":"residential","name":null,"level":"0","floor":0,"bridge":false,"wheelchair":null},"geometry":{"type":"LineString","coordinates":[[80.22845,26.514957],[80.228923,26.51543]]}},{"type":"Feature","properties":{"osmId":"way/952243645","kind":"road","highway":"residential","name":null,"level":"0","floor":0,"bridge":false,"wheelchair":null},"geometry":{"type":"LineString","coordinates":[[80.227394,26.512815],[80.227672,26.513104],[80.227707,26.513114],[80.227735,26.513105],[80.227904,26.513002],[80.227943,26.512995],[80.227984,26.513003],[80.228007,26.513017],[80.228325,26.51334],[80.228485,26.513524],[80.228574,26.513652],[80.228626,26.51374]]}},{"type":"Feature","properties":{"osmId":"way/952243646","kind":"road","highway":"residential","name":null,"level":"0","floor":0,"bridge":false,"wheelchair":null},"geometry":{"type":"LineString","coordinates":[[80.22705,26.513714],[80.227377,26.513555],[80.227475,26.513534],[80.227532,26.513526],[80.227614,26.513551],[80.227721,26.513616],[80.227772,26.513629],[80.22782,26.513634],[80.227916,26.513631],[80.227944,26.513638],[80.227968,26.513646],[80.2281,26.513754],[80.228153,26.5138],[80.228219,26.513823],[80.228285,26.513826],[80.228379,26.513818],[80.228626,26.51374],[80.228859,26.513659]]}},{"type":"Feature","properties":{"osmId":"way/952243647","kind":"road","highway":"residential","name":null,"level":"0","floor":0,"bridge":false,"wheelchair":null},"geometry":{"type":"LineString","coordinates":[[80.226752,26.51398],[80.226867,26.514146],[80.227068,26.514539],[80.227125,26.514657]]}},{"type":"Feature","properties":{"osmId":"way/952243648","kind":"road","highway":"residential","name":null,"level":"0","floor":0,"bridge":false,"wheelchair":null},"geometry":{"type":"LineString","coordinates":[[80.227152,26.515759],[80.227276,26.515936],[80.22735,26.51605],[80.227436,26.51618]]}},{"type":"Feature","properties":{"osmId":"way/952243649","kind":"road","highway":"residential","name":null,"level":"0","floor":0,"bridge":false,"wheelchair":null},"geometry":{"type":"LineString","coordinates":[[80.225835,26.514959],[80.225974,26.515106],[80.226095,26.515233],[80.226221,26.515372],[80.22635,26.51554],[80.226642,26.515903],[80.226877,26.516198]]}},{"type":"Feature","properties":{"osmId":"way/952243650","kind":"road","highway":"residential","name":null,"level":"0","floor":0,"bridge":false,"wheelchair":null},"geometry":{"type":"LineString","coordinates":[[80.226043,26.514767],[80.226325,26.515082],[80.22657,26.515396]]}},{"type":"Feature","properties":{"osmId":"way/952243654","kind":"road","highway":"residential","name":null,"level":"0","floor":0,"bridge":false,"wheelchair":null},"geometry":{"type":"LineString","coordinates":[[80.228521,26.514463],[80.228871,26.514126]]}},{"type":"Feature","properties":{"osmId":"way/952243655","kind":"road","highway":"residential","name":null,"level":"0","floor":0,"bridge":false,"wheelchair":null},"geometry":{"type":"LineString","coordinates":[[80.227867,26.515311],[80.228156,26.515677],[80.2282,26.515714]]}},{"type":"Feature","properties":{"osmId":"way/952243656","kind":"road","highway":"residential","name":null,"level":"0","floor":0,"bridge":false,"wheelchair":null},"geometry":{"type":"LineString","coordinates":[[80.227833,26.516001],[80.227594,26.515581],[80.227591,26.515547],[80.227601,26.515521],[80.227867,26.515311],[80.228134,26.515099]]}},{"type":"Feature","properties":{"osmId":"way/952243657","kind":"road","highway":"residential","name":null,"level":"0","floor":0,"bridge":false,"wheelchair":null},"geometry":{"type":"LineString","coordinates":[[80.228392,26.515985],[80.228811,26.516482],[80.228851,26.516518],[80.228896,26.516521],[80.229123,26.516398]]}},{"type":"Feature","properties":{"osmId":"way/952243658","kind":"road","highway":"residential","name":null,"level":"0","floor":0,"bridge":false,"wheelchair":null},"geometry":{"type":"LineString","coordinates":[[80.226798,26.514842],[80.227146,26.515216],[80.227211,26.515347],[80.227235,26.515359],[80.227257,26.515361],[80.227321,26.515329],[80.227904,26.514921],[80.227951,26.514926],[80.22799,26.51494],[80.228115,26.515078],[80.228134,26.515099],[80.228655,26.515673],[80.228737,26.515751],[80.228747,26.515758],[80.228772,26.515775],[80.228823,26.515807],[80.228855,26.515833],[80.22906,26.51609]]}},{"type":"Feature","properties":{"osmId":"way/952243659","kind":"road","highway":"residential","name":null,"level":"0","floor":0,"bridge":false,"wheelchair":null},"geometry":{"type":"LineString","coordinates":[[80.227535,26.5174],[80.227764,26.517259],[80.227815,26.517205],[80.228055,26.516954],[80.228313,26.516759],[80.228369,26.51671],[80.228369,26.516677],[80.228346,26.51663],[80.227956,26.516245]]}},{"type":"Feature","properties":{"osmId":"way/952243661","kind":"road","highway":"residential","name":null,"level":"0","floor":0,"bridge":false,"wheelchair":null},"geometry":{"type":"LineString","coordinates":[[80.225557,26.517277],[80.225907,26.517002]]}},{"type":"Feature","properties":{"osmId":"way/952243662","kind":"road","highway":"residential","name":null,"level":"0","floor":0,"bridge":false,"wheelchair":null},"geometry":{"type":"LineString","coordinates":[[80.224759,26.516331],[80.224987,26.516178],[80.225264,26.515994]]}},{"type":"Feature","properties":{"osmId":"way/952243663","kind":"road","highway":"residential","name":null,"level":"0","floor":0,"bridge":false,"wheelchair":null},"geometry":{"type":"LineString","coordinates":[[80.223957,26.516047],[80.224217,26.516186],[80.224303,26.516213],[80.224381,26.516215],[80.224601,26.516115]]}},{"type":"Feature","properties":{"osmId":"way/952243664","kind":"road","highway":"residential","name":null,"level":"0","floor":0,"bridge":false,"wheelchair":null},"geometry":{"type":"LineString","coordinates":[[80.224306,26.515723],[80.224823,26.515384]]}},{"type":"Feature","properties":{"osmId":"way/952243672","kind":"road","highway":"residential","name":null,"level":"0","floor":0,"bridge":false,"wheelchair":null},"geometry":{"type":"LineString","coordinates":[[80.223899,26.517573],[80.224437,26.518012]]}},{"type":"Feature","properties":{"osmId":"way/952243673","kind":"road","highway":"residential","name":null,"level":"0","floor":0,"bridge":false,"wheelchair":null},"geometry":{"type":"LineString","coordinates":[[80.224051,26.517211],[80.224217,26.51729],[80.224477,26.517398],[80.224662,26.517491]]}},{"type":"Feature","properties":{"osmId":"way/952243674","kind":"road","highway":"residential","name":null,"level":"0","floor":0,"bridge":false,"wheelchair":null},"geometry":{"type":"LineString","coordinates":[[80.223434,26.516737],[80.22409,26.517147]]}},{"type":"Feature","properties":{"osmId":"way/952257757","kind":"road","highway":"residential","name":null,"level":"0","floor":0,"bridge":false,"wheelchair":null},"geometry":{"type":"LineString","coordinates":[[80.227787,26.513861],[80.227976,26.514012],[80.22812,26.514162],[80.228287,26.514358]]}},{"type":"Feature","properties":{"osmId":"way/952257758","kind":"road","highway":"residential","name":null,"level":"0","floor":0,"bridge":false,"wheelchair":null},"geometry":{"type":"LineString","coordinates":[[80.226323,26.513312],[80.226482,26.513652],[80.226568,26.513795],[80.22661,26.51386],[80.226727,26.514002]]}},{"type":"Feature","properties":{"osmId":"way/952266821","kind":"road","highway":"residential","name":null,"level":"0","floor":0,"bridge":false,"wheelchair":null},"geometry":{"type":"LineString","coordinates":[[80.228115,26.515078],[80.22862,26.514571]]}},{"type":"Feature","properties":{"osmId":"way/952266822","kind":"road","highway":"residential","name":null,"level":"0","floor":0,"bridge":false,"wheelchair":null},"geometry":{"type":"LineString","coordinates":[[80.226554,26.514157],[80.22665,26.514274],[80.226785,26.514498],[80.226823,26.514585]]}},{"type":"Feature","properties":{"osmId":"way/952266823","kind":"road","highway":"residential","name":null,"level":"0","floor":0,"bridge":false,"wheelchair":null},"geometry":{"type":"LineString","coordinates":[[80.224987,26.516178],[80.225293,26.516608],[80.225389,26.516737],[80.225434,26.516761],[80.225481,26.51677],[80.225608,26.51673],[80.225637,26.516731],[80.225668,26.516737],[80.225848,26.516835],[80.225876,26.516842],[80.225923,26.516851]]}},{"type":"Feature","properties":{"osmId":"way/952282739","kind":"road","highway":"residential","name":null,"level":"0","floor":0,"bridge":false,"wheelchair":null},"geometry":{"type":"LineString","coordinates":[[80.223826,26.516227],[80.224338,26.516608]]}},{"type":"Feature","properties":{"osmId":"way/952282740","kind":"road","highway":"residential","name":null,"level":"0","floor":0,"bridge":false,"wheelchair":null},"geometry":{"type":"LineString","coordinates":[[80.223454,26.517231],[80.223689,26.517443],[80.223899,26.517573]]}},{"type":"Feature","properties":{"osmId":"way/952282742","kind":"road","highway":"residential","name":null,"level":"0","floor":0,"bridge":false,"wheelchair":null},"geometry":{"type":"LineString","coordinates":[[80.225329,26.518201],[80.225496,26.518037],[80.22552,26.518029],[80.225587,26.518065],[80.225615,26.518067],[80.22563,26.518062],[80.225765,26.517904]]}},{"type":"Feature","properties":{"osmId":"way/952282743","kind":"road","highway":"residential","name":null,"level":"0","floor":0,"bridge":false,"wheelchair":null},"geometry":{"type":"LineString","coordinates":[[80.225494,26.515549],[80.225974,26.515106]]}},{"type":"Feature","properties":{"osmId":"way/952316280","kind":"road","highway":"residential","name":null,"level":"0","floor":0,"bridge":false,"wheelchair":null},"geometry":{"type":"LineString","coordinates":[[80.228747,26.515758],[80.228392,26.515985],[80.227956,26.516245],[80.227665,26.516369],[80.227641,26.51638],[80.227628,26.5164],[80.227639,26.516426],[80.228055,26.516954]]}},{"type":"Feature","properties":{"osmId":"way/952316283","kind":"road","highway":"residential","name":null,"level":"0","floor":0,"bridge":false,"wheelchair":null},"geometry":{"type":"LineString","coordinates":[[80.224374,26.516937],[80.224924,26.516571]]}},{"type":"Feature","properties":{"osmId":"way/1083757472","kind":"road","highway":"residential","name":null,"level":"0","floor":0,"bridge":false,"wheelchair":null},"geometry":{"type":"LineString","coordinates":[[80.22912,26.515674],[80.229039,26.515741],[80.228945,26.515782],[80.228823,26.515807]]}},{"type":"Feature","properties":{"osmId":"way/1128185553","kind":"road","highway":"residential","name":null,"level":"0","floor":0,"bridge":false,"wheelchair":null},"geometry":{"type":"LineString","coordinates":[[80.227591,26.515547],[80.227404,26.515656],[80.227152,26.515759]]}},{"type":"Feature","properties":{"osmId":"way/1190347417","kind":"road","highway":"residential","name":null,"level":"0","floor":0,"bridge":false,"wheelchair":null},"geometry":{"type":"LineString","coordinates":[[80.223356,26.516356],[80.223017,26.516509],[80.222684,26.516619],[80.222664,26.516638]]}},{"type":"Feature","properties":{"osmId":"way/1190750498","kind":"road","highway":"residential","name":null,"level":"0","floor":0,"bridge":false,"wheelchair":null},"geometry":{"type":"LineString","coordinates":[[80.228325,26.51334],[80.228521,26.513229]]}},{"type":"Feature","properties":{"osmId":"way/1190753624","kind":"road","highway":"residential","name":null,"level":"0","floor":0,"bridge":false,"wheelchair":null},"geometry":{"type":"LineString","coordinates":[[80.226259,26.514641],[80.226272,26.514631],[80.226299,26.514487],[80.226288,26.51438]]}},{"type":"Feature","properties":{"osmId":"way/1190754841","kind":"road","highway":"residential","name":null,"level":"0","floor":0,"bridge":false,"wheelchair":null},"geometry":{"type":"LineString","coordinates":[[80.225446,26.514987],[80.225141,26.515194],[80.224949,26.515226]]}},{"type":"Feature","properties":{"osmId":"way/1190755029","kind":"road","highway":"residential","name":null,"level":"0","floor":0,"bridge":false,"wheelchair":null},"geometry":{"type":"LineString","coordinates":[[80.225264,26.515994],[80.22543,26.51589],[80.225632,26.515736]]}},{"type":"Feature","properties":{"osmId":"way/1190755365","kind":"road","highway":"residential","name":null,"level":"0","floor":0,"bridge":false,"wheelchair":null},"geometry":{"type":"LineString","coordinates":[[80.22271,26.51524],[80.222813,26.515227],[80.222989,26.51516]]}},{"type":"Feature","properties":{"osmId":"way/1190758609","kind":"road","highway":"residential","name":null,"level":"0","floor":0,"bridge":false,"wheelchair":null},"geometry":{"type":"LineString","coordinates":[[80.223618,26.514533],[80.223612,26.514531]]}},{"type":"Feature","properties":{"osmId":"way/54185704","kind":"road","highway":"residential","name":null,"level":"0","floor":0,"bridge":false,"wheelchair":null},"geometry":{"type":"LineString","coordinates":[[80.235383,26.508083],[80.234684,26.508097],[80.232989,26.508084],[80.232789,26.508083],[80.232739,26.508097],[80.231259,26.508079],[80.230752,26.508073]]}},{"type":"Feature","properties":{"osmId":"way/100636334","kind":"road","highway":"residential","name":"5th Avenue","level":"0","floor":0,"bridge":false,"wheelchair":null},"geometry":{"type":"LineString","coordinates":[[80.232748,26.510494],[80.232746,26.510001],[80.232739,26.508097]]}},{"type":"Feature","properties":{"osmId":"way/152930184","kind":"path","highway":"footway","name":"IITK Academic Area Corridors","level":"0","floor":0,"bridge":false,"wheelchair":null},"geometry":{"type":"LineString","coordinates":[[80.232603,26.512382],[80.232367,26.512376],[80.231344,26.51237]]}},{"type":"Feature","properties":{"osmId":"way/152930189","kind":"path","highway":"footway","name":"IITK Academic Area Corridors","level":"0","floor":0,"bridge":false,"wheelchair":null},"geometry":{"type":"LineString","coordinates":[[80.233534,26.511214],[80.233341,26.511031],[80.233282,26.510979],[80.233227,26.51093],[80.233202,26.510899]]}},{"type":"Feature","properties":{"osmId":"way/152930190","kind":"path","highway":"footway","name":"IITK Academic Area Corridors","level":"0","floor":0,"bridge":false,"wheelchair":"yes"},"geometry":{"type":"LineString","coordinates":[[80.233102,26.511253],[80.23311,26.511244],[80.233243,26.511122],[80.233341,26.511031],[80.233528,26.510877],[80.233546,26.510869],[80.233577,26.51083],[80.233583,26.510786],[80.233599,26.510713]]}},{"type":"Feature","properties":{"osmId":"way/152930191","kind":"path","highway":"footway","name":"IITK Academic Area Corridors","level":"1","floor":1,"bridge":true,"wheelchair":"yes"},"geometry":{"type":"LineString","coordinates":[[80.234792,26.511032],[80.234778,26.511655],[80.234747,26.512034],[80.234766,26.512034],[80.234729,26.512385],[80.234176,26.51238],[80.233999,26.512386],[80.233449,26.512375],[80.233022,26.512373],[80.232823,26.512375],[80.232648,26.512377],[80.232655,26.511734]]}},{"type":"Feature","properties":{"osmId":"way/952266848","kind":"road","highway":"residential","name":null,"level":"0","floor":0,"bridge":false,"wheelchair":null},"geometry":{"type":"LineString","coordinates":[[80.231958,26.511113],[80.231958,26.510951],[80.231956,26.510637],[80.231956,26.510543],[80.231955,26.510487]]}},{"type":"Feature","properties":{"osmId":"way/952266849","kind":"road","highway":"residential","name":null,"level":"0","floor":0,"bridge":false,"wheelchair":null},"geometry":{"type":"LineString","coordinates":[[80.230719,26.511117],[80.230899,26.511117],[80.231811,26.511117],[80.231958,26.511113],[80.232225,26.511283],[80.232291,26.511325],[80.232432,26.511449],[80.232519,26.511526]]}},{"type":"Feature","properties":{"osmId":"way/978024820","kind":"road","highway":"service","name":null,"level":"0","floor":0,"bridge":false,"wheelchair":null},"geometry":{"type":"LineString","coordinates":[[80.234796,26.510471],[80.234797,26.510527],[80.234792,26.511032],[80.234473,26.511034]]}},{"type":"Feature","properties":{"osmId":"way/1132835028","kind":"road","highway":"residential","name":null,"level":"0","floor":0,"bridge":false,"wheelchair":null},"geometry":{"type":"LineString","coordinates":[[80.235647,26.510478],[80.235351,26.510237]]}},{"type":"Feature","properties":{"osmId":"way/1132835029","kind":"road","highway":"residential","name":null,"level":"0","floor":0,"bridge":false,"wheelchair":null},"geometry":{"type":"LineString","coordinates":[[80.235037,26.510469],[80.235332,26.510705]]}},{"type":"Feature","properties":{"osmId":"way/1132835030","kind":"road","highway":"residential","name":null,"level":"0","floor":0,"bridge":false,"wheelchair":null},"geometry":{"type":"LineString","coordinates":[[80.235332,26.510705],[80.235647,26.510478]]}},{"type":"Feature","properties":{"osmId":"way/1132835031","kind":"road","highway":"residential","name":null,"level":"0","floor":0,"bridge":false,"wheelchair":null},"geometry":{"type":"LineString","coordinates":[[80.235351,26.510237],[80.235037,26.510469]]}},{"type":"Feature","properties":{"osmId":"way/1135362015","kind":"road","highway":"cycleway","name":null,"level":"0","floor":0,"bridge":false,"wheelchair":null},"geometry":{"type":"LineString","coordinates":[[80.233361,26.511778],[80.233531,26.511783],[80.233563,26.511769],[80.233585,26.511737],[80.233614,26.511664],[80.234008,26.511666],[80.234191,26.511668],[80.234778,26.511655]]}},{"type":"Feature","properties":{"osmId":"way/1135362016","kind":"road","highway":"cycleway","name":null,"level":"0","floor":0,"bridge":false,"wheelchair":null},"geometry":{"type":"LineString","coordinates":[[80.233361,26.511778],[80.233366,26.511472],[80.233366,26.511449],[80.233366,26.511386],[80.233491,26.511346],[80.233573,26.511289],[80.233671,26.51122],[80.2337,26.511124],[80.233723,26.511108],[80.233761,26.511081],[80.233884,26.511031],[80.234068,26.511052],[80.234236,26.5111],[80.234378,26.511127]]}},{"type":"Feature","properties":{"osmId":"way/1135373744","kind":"road","highway":"service","name":null,"level":"0","floor":0,"bridge":false,"wheelchair":null},"geometry":{"type":"LineString","coordinates":[[80.234773,26.509076],[80.234843,26.508951],[80.234826,26.508792],[80.23473,26.50873],[80.234668,26.508572],[80.234684,26.508097]]}},{"type":"Feature","properties":{"osmId":"way/1136100080","kind":"road","highway":"residential","name":null,"level":"0","floor":0,"bridge":false,"wheelchair":null},"geometry":{"type":"LineString","coordinates":[[80.231958,26.510951],[80.232323,26.511209],[80.232525,26.511352],[80.232515,26.511385],[80.232501,26.511425],[80.232474,26.511451]]}},{"type":"Feature","properties":{"osmId":"way/1136100081","kind":"road","highway":"cycleway","name":null,"level":"0","floor":0,"bridge":false,"wheelchair":null},"geometry":{"type":"LineString","coordinates":[[80.232519,26.511526],[80.232565,26.511576],[80.232609,26.511629],[80.232605,26.511796],[80.232603,26.512382]]}},{"type":"Feature","properties":{"osmId":"way/1136100082","kind":"road","highway":"cycleway","name":null,"level":"0","floor":0,"bridge":false,"wheelchair":null},"geometry":{"type":"LineString","coordinates":[[80.23258,26.512556],[80.232725,26.512532],[80.232826,26.512436],[80.233015,26.512435],[80.233448,26.512433],[80.233526,26.512506]]}},{"type":"Feature","properties":{"osmId":"way/1136100087","kind":"road","highway":"cycleway","name":null,"level":"0","floor":0,"bridge":false,"wheelchair":null},"geometry":{"type":"LineString","coordinates":[[80.234008,26.511666],[80.234204,26.511519]]}},{"type":"Feature","properties":{"osmId":"way/1136100088","kind":"road","highway":"cycleway","name":null,"level":"0","floor":0,"bridge":false,"wheelchair":null},"geometry":{"type":"LineString","coordinates":[[80.233366,26.511472],[80.233614,26.511664]]}},{"type":"Feature","properties":{"osmId":"way/1137757107","kind":"road","highway":"service","name":null,"level":"0","floor":0,"bridge":false,"wheelchair":null},"geometry":{"type":"LineString","coordinates":[[80.232989,26.508084],[80.232992,26.507942],[80.233376,26.507469],[80.233586,26.507463]]}},{"type":"Feature","properties":{"osmId":"way/1137757110","kind":"road","highway":"service","name":null,"level":"0","floor":0,"bridge":false,"wheelchair":null},"geometry":{"type":"LineString","coordinates":[[80.235349,26.51014],[80.234872,26.51014],[80.234867,26.509729]]}},{"type":"Feature","properties":{"osmId":"way/1137757111","kind":"road","highway":"service","name":null,"level":"0","floor":0,"bridge":false,"wheelchair":null},"geometry":{"type":"LineString","coordinates":[[80.234589,26.510473],[80.234584,26.510089]]}},{"type":"Feature","properties":{"osmId":"way/1143822529","kind":"road","highway":"unclassified","name":"IIT Kanpur Main Road","level":"0","floor":0,"bridge":false,"wheelchair":null},"geometry":{"type":"LineString","coordinates":[[80.230724,26.510476],[80.231955,26.510487],[80.232748,26.510494],[80.234453,26.510474],[80.234589,26.510473],[80.234796,26.510471],[80.235037,26.510469]]}},{"type":"Feature","properties":{"osmId":"way/1143822531","kind":"road","highway":"unclassified","name":"IIT Kanpur Main Road","level":"0","floor":0,"bridge":false,"wheelchair":null},"geometry":{"type":"LineString","coordinates":[[80.235037,26.510469],[80.23512,26.510468],[80.235343,26.510464],[80.235522,26.510472],[80.235647,26.510478]]}},{"type":"Feature","properties":{"osmId":"way/1143822535","kind":"road","highway":"cycleway","name":null,"level":"0","floor":0,"bridge":false,"wheelchair":null},"geometry":{"type":"LineString","coordinates":[[80.231022,26.510606],[80.231956,26.510637],[80.233183,26.510663],[80.233258,26.510723],[80.23331,26.510764],[80.233495,26.510843],[80.233528,26.510877],[80.233597,26.510961],[80.233723,26.511108]]}},{"type":"Feature","properties":{"osmId":"way/1160854065","kind":"path","highway":"footway","name":null,"level":"0","floor":0,"bridge":false,"wheelchair":null},"geometry":{"type":"LineString","coordinates":[[80.231259,26.508079],[80.231258,26.508105],[80.231255,26.50834],[80.231067,26.50834]]}},{"type":"Feature","properties":{"osmId":"way/1160854066","kind":"path","highway":"footway","name":null,"level":"0","floor":0,"bridge":false,"wheelchair":null},"geometry":{"type":"LineString","coordinates":[[80.231255,26.50834],[80.231597,26.508337]]}},{"type":"Feature","properties":{"osmId":"way/1161063837","kind":"road","highway":"service","name":null,"level":"0","floor":0,"bridge":false,"wheelchair":null},"geometry":{"type":"LineString","coordinates":[[80.235385,26.50756],[80.235075,26.507555]]}},{"type":"Feature","properties":{"osmId":"way/1161610730","kind":"road","highway":"service","name":null,"level":"0","floor":0,"bridge":false,"wheelchair":null},"geometry":{"type":"LineString","coordinates":[[80.232746,26.510001],[80.232864,26.509998]]}},{"type":"Feature","properties":{"osmId":"way/1188032240","kind":"road","highway":"residential","name":"6th Avenue","level":"0","floor":0,"bridge":false,"wheelchair":null},"geometry":{"type":"LineString","coordinates":[[80.230724,26.510476],[80.230719,26.511117],[80.230713,26.511864]]}},{"type":"Feature","properties":{"osmId":"way/1188032241","kind":"road","highway":"service","name":"6th Avenue","level":"0","floor":0,"bridge":false,"wheelchair":null},"geometry":{"type":"LineString","coordinates":[[80.230713,26.511864],[80.23071,26.512248],[80.230707,26.512401]]}},{"type":"Feature","properties":{"osmId":"way/1188032242","kind":"road","highway":"residential","name":"6th Avenue","level":"0","floor":0,"bridge":false,"wheelchair":null},"geometry":{"type":"LineString","coordinates":[[80.230722,26.509933],[80.230724,26.510476]]}},{"type":"Feature","properties":{"osmId":"way/1188032243","kind":"road","highway":"residential","name":"6th Avenue","level":"0","floor":0,"bridge":false,"wheelchair":null},"geometry":{"type":"LineString","coordinates":[[80.230737,26.509239],[80.230722,26.509933]]}},{"type":"Feature","properties":{"osmId":"way/1188032245","kind":"road","highway":"residential","name":"4th Avenue","level":"0","floor":0,"bridge":false,"wheelchair":null},"geometry":{"type":"LineString","coordinates":[[80.235332,26.510705],[80.235337,26.511838]]}},{"type":"Feature","properties":{"osmId":"way/1188032246","kind":"road","highway":"residential","name":"4th Avenue","level":"0","floor":0,"bridge":false,"wheelchair":null},"geometry":{"type":"LineString","coordinates":[[80.235349,26.51014],[80.235351,26.510237],[80.235349,26.510316],[80.235343,26.510464],[80.235336,26.51062],[80.235332,26.510705]]}},{"type":"Feature","properties":{"osmId":"way/1488772204","kind":"road","highway":"service","name":null,"level":"0","floor":0,"bridge":false,"wheelchair":null},"geometry":{"type":"LineString","coordinates":[[80.235336,26.512043],[80.234766,26.512034]]}},{"type":"Feature","properties":{"osmId":"way/1488889184","kind":"path","highway":"footway","name":null,"level":"0","floor":0,"bridge":false,"wheelchair":null},"geometry":{"type":"LineString","coordinates":[[80.230838,26.507092],[80.230807,26.507109],[80.230795,26.507145],[80.230793,26.507995],[80.230812,26.508027],[80.230851,26.508042]]}},{"type":"Feature","properties":{"osmId":"way/1488889188","kind":"stairs","highway":"steps","name":null,"level":"0;1","floor":1,"bridge":false,"wheelchair":"no"},"geometry":{"type":"LineString","coordinates":[[80.23327,26.511035],[80.233202,26.511097]]}},{"type":"Feature","properties":{"osmId":"way/1488889189","kind":"path","highway":"footway","name":null,"level":"0","floor":0,"bridge":false,"wheelchair":null},"geometry":{"type":"LineString","coordinates":[[80.231921,26.510599],[80.23191,26.510552],[80.231862,26.510533],[80.230889,26.510526],[80.230853,26.510528],[80.230817,26.510547],[80.230794,26.51057],[80.230782,26.510609],[80.230783,26.510906]]}},{"type":"Feature","properties":{"osmId":"way/1488889190","kind":"path","highway":"footway","name":null,"level":"0","floor":0,"bridge":false,"wheelchair":null},"geometry":{"type":"LineString","coordinates":[[80.230664,26.509207],[80.230695,26.50919],[80.230707,26.509154],[80.230722,26.508437],[80.230704,26.508405],[80.230664,26.50839]]}},{"type":"Feature","properties":{"osmId":"way/1488889192","kind":"path","highway":"footway","name":null,"level":"0","floor":0,"bridge":false,"wheelchair":null},"geometry":{"type":"LineString","coordinates":[[80.230653,26.509889],[80.230684,26.509872],[80.230696,26.509836],[80.230705,26.509311],[80.230687,26.509279],[80.230648,26.509264]]}},{"type":"Feature","properties":{"osmId":"way/1488889193","kind":"path","highway":"footway","name":null,"level":"0","floor":0,"bridge":false,"wheelchair":null},"geometry":{"type":"LineString","coordinates":[[80.230689,26.507311],[80.230719,26.507294],[80.230731,26.507258],[80.230729,26.506418],[80.230736,26.506396],[80.230757,26.506377]]}},{"type":"Feature","properties":{"osmId":"way/1488889196","kind":"road","highway":"service","name":null,"level":"0","floor":0,"bridge":false,"wheelchair":null},"geometry":{"type":"LineString","coordinates":[[80.230748,26.508375],[80.230682,26.508375],[80.230489,26.50837]]}},{"type":"Feature","properties":{"osmId":"way/1488889197","kind":"path","highway":"footway","name":null,"level":"0","floor":0,"bridge":false,"wheelchair":null},"geometry":{"type":"LineString","coordinates":[[80.230834,26.5081],[80.230806,26.508118],[80.230797,26.508149],[80.230774,26.510322],[80.230774,26.510354],[80.230795,26.510388],[80.230821,26.510408],[80.230865,26.510418],[80.2326,26.510426]]}},{"type":"Feature","properties":{"osmId":"way/1488889199","kind":"path","highway":"footway","name":null,"level":"0","floor":0,"bridge":false,"wheelchair":null},"geometry":{"type":"LineString","coordinates":[[80.230682,26.508349],[80.230712,26.508332],[80.230724,26.508296],[80.230726,26.50743],[80.230708,26.507398],[80.230669,26.507382]]}},{"type":"Feature","properties":{"osmId":"way/1488889200","kind":"path","highway":"footway","name":null,"level":"1","floor":1,"bridge":true,"wheelchair":"yes"},"geometry":{"type":"LineString","coordinates":[[80.23326,26.511005],[80.233279,26.511028],[80.233303,26.51106],[80.233347,26.51109],[80.233352,26.511094],[80.233446,26.511183],[80.233465,26.511201],[80.233519,26.511252]]}},{"type":"Feature","properties":{"osmId":"way/1488889204","kind":"path","highway":"corridor","name":null,"level":"1","floor":1,"bridge":false,"wheelchair":null},"geometry":{"type":"LineString","coordinates":[[80.23327,26.511035],[80.233279,26.511028]]}},{"type":"Feature","properties":{"osmId":"way/1489027369","kind":"path","highway":"footway","name":null,"level":"1","floor":1,"bridge":true,"wheelchair":"yes"},"geometry":{"type":"LineString","coordinates":[[80.233557,26.510778],[80.233555,26.510867],[80.23347,26.51092],[80.233303,26.51106],[80.233269,26.511077],[80.233139,26.5112],[80.233074,26.511332],[80.233039,26.511356],[80.233039,26.511426],[80.23288,26.511421],[80.232716,26.511423],[80.232674,26.511436],[80.232612,26.511448],[80.232546,26.511455]]}},{"type":"Feature","properties":{"osmId":"way/1489040305","kind":"stairs","highway":"steps","name":null,"level":"0","floor":0,"bridge":false,"wheelchair":"no"},"geometry":{"type":"LineString","coordinates":[[80.232498,26.510923],[80.232493,26.5109],[80.232554,26.510887],[80.23256,26.510925]]}},{"type":"Feature","properties":{"osmId":"way/1489089285","kind":"path","highway":"footway","name":null,"level":"0","floor":0,"bridge":false,"wheelchair":"yes"},"geometry":{"type":"LineString","coordinates":[[80.233365,26.511958],[80.233613,26.511969]]}},{"type":"Feature","properties":{"osmId":"way/1489089287","kind":"stairs","highway":"steps","name":null,"level":"0;1","floor":1,"bridge":false,"wheelchair":"no"},"geometry":{"type":"LineString","coordinates":[[80.233519,26.511252],[80.233558,26.511286]]}},{"type":"Feature","properties":{"osmId":"way/1490081568","kind":"path","highway":"corridor","name":null,"level":"1","floor":1,"bridge":false,"wheelchair":null},"geometry":{"type":"LineString","coordinates":[[80.232472,26.510938],[80.232489,26.510935],[80.232498,26.510935],[80.232499,26.510935]]}},{"type":"Feature","properties":{"osmId":"way/1490081569","kind":"path","highway":"corridor","name":null,"level":"1","floor":1,"bridge":false,"wheelchair":null},"geometry":{"type":"LineString","coordinates":[[80.232265,26.511056],[80.232245,26.511043],[80.23223,26.51103]]}},{"type":"Feature","properties":{"osmId":"way/1490081570","kind":"path","highway":"corridor","name":null,"level":"1","floor":1,"bridge":false,"wheelchair":null},"geometry":{"type":"LineString","coordinates":[[80.232264,26.511028],[80.232245,26.511043]]}},{"type":"Feature","properties":{"osmId":"way/1490081571","kind":"path","highway":"corridor","name":null,"level":"1","floor":1,"bridge":false,"wheelchair":null},"geometry":{"type":"LineString","coordinates":[[80.232192,26.51096],[80.23219,26.510938],[80.232191,26.510916]]}},{"type":"Feature","properties":{"osmId":"way/1490081572","kind":"path","highway":"corridor","name":null,"level":"1","floor":1,"bridge":false,"wheelchair":null},"geometry":{"type":"LineString","coordinates":[[80.232214,26.510939],[80.23219,26.510938]]}},{"type":"Feature","properties":{"osmId":"way/1490081573","kind":"path","highway":"corridor","name":null,"level":"1","floor":1,"bridge":false,"wheelchair":null},"geometry":{"type":"LineString","coordinates":[[80.232261,26.510847],[80.232243,26.510831]]}},{"type":"Feature","properties":{"osmId":"way/1490081574","kind":"path","highway":"corridor","name":null,"level":"1","floor":1,"bridge":false,"wheelchair":null},"geometry":{"type":"LineString","coordinates":[[80.232226,26.510844],[80.232243,26.510831],[80.232262,26.510819]]}},{"type":"Feature","properties":{"osmId":"way/1490081575","kind":"path","highway":"corridor","name":null,"level":"1","floor":1,"bridge":false,"wheelchair":null},"geometry":{"type":"LineString","coordinates":[[80.232238,26.511003],[80.232221,26.510973],[80.232214,26.510939],[80.232219,26.510905],[80.232235,26.510873],[80.232261,26.510847],[80.232295,26.510829],[80.232333,26.510821],[80.232371,26.510824],[80.232407,26.510837],[80.232437,26.510858],[80.232458,26.510886],[80.232468,26.510911],[80.232472,26.510938],[80.23247,26.510951],[80.232468,26.510965],[80.232458,26.51099],[80.232436,26.511017],[80.232406,26.511038],[80.232371,26.51105],[80.232333,26.511052],[80.232297,26.511044],[80.232264,26.511028],[80.232238,26.511003]]}},{"type":"Feature","properties":{"osmId":"way/1490081576","kind":"path","highway":"corridor","name":null,"level":"1","floor":1,"bridge":false,"wheelchair":null},"geometry":{"type":"LineString","coordinates":[[80.232371,26.510824],[80.232377,26.510798]]}},{"type":"Feature","properties":{"osmId":"way/1490081577","kind":"path","highway":"corridor","name":null,"level":"1","floor":1,"bridge":false,"wheelchair":null},"geometry":{"type":"LineString","coordinates":[[80.232355,26.510794],[80.232377,26.510798],[80.232397,26.510804]]}},{"type":"Feature","properties":{"osmId":"way/1490081579","kind":"path","highway":"corridor","name":null,"level":"0","floor":0,"bridge":false,"wheelchair":null},"geometry":{"type":"LineString","coordinates":[[80.232499,26.510935],[80.232498,26.510923]]}},{"type":"Feature","properties":{"osmId":"way/1490081580","kind":"path","highway":"corridor","name":null,"level":"0","floor":0,"bridge":false,"wheelchair":null},"geometry":{"type":"LineString","coordinates":[[80.232261,26.510847],[80.232243,26.510831]]}},{"type":"Feature","properties":{"osmId":"way/1490081581","kind":"path","highway":"corridor","name":null,"level":"0","floor":0,"bridge":false,"wheelchair":null},"geometry":{"type":"LineString","coordinates":[[80.232226,26.510845],[80.232243,26.510831],[80.232262,26.510819]]}},{"type":"Feature","properties":{"osmId":"way/1490081583","kind":"path","highway":"corridor","name":null,"level":"0","floor":0,"bridge":false,"wheelchair":null},"geometry":{"type":"LineString","coordinates":[[80.232355,26.510794],[80.232377,26.510798],[80.232397,26.510804]]}},{"type":"Feature","properties":{"osmId":"way/1490081584","kind":"path","highway":"corridor","name":null,"level":"0","floor":0,"bridge":false,"wheelchair":null},"geometry":{"type":"LineString","coordinates":[[80.232372,26.510824],[80.232377,26.510798]]}},{"type":"Feature","properties":{"osmId":"way/1490081585","kind":"path","highway":"corridor","name":null,"level":"0","floor":0,"bridge":false,"wheelchair":null},"geometry":{"type":"LineString","coordinates":[[80.232472,26.510855],[80.232477,26.510873],[80.232459,26.510886]]}},{"type":"Feature","properties":{"osmId":"way/1490081586","kind":"path","highway":"corridor","name":null,"level":"0","floor":0,"bridge":false,"wheelchair":null},"geometry":{"type":"LineString","coordinates":[[80.232458,26.51099],[80.232475,26.510995],[80.232478,26.511017]]}},{"type":"Feature","properties":{"osmId":"way/1490081587","kind":"path","highway":"corridor","name":null,"level":"0","floor":0,"bridge":false,"wheelchair":null},"geometry":{"type":"LineString","coordinates":[[80.2324,26.511072],[80.232376,26.511077],[80.232354,26.511079]]}},{"type":"Feature","properties":{"osmId":"way/1490081588","kind":"path","highway":"corridor","name":null,"level":"0","floor":0,"bridge":false,"wheelchair":"yes"},"geometry":{"type":"LineString","coordinates":[[80.232472,26.510938],[80.232489,26.510935],[80.232499,26.510935],[80.232578,26.510935],[80.232618,26.510934],[80.232647,26.511167],[80.23267,26.511284]]}},{"type":"Feature","properties":{"osmId":"way/1490081589","kind":"path","highway":"corridor","name":null,"level":"0","floor":0,"bridge":false,"wheelchair":"yes"},"geometry":{"type":"LineString","coordinates":[[80.232371,26.51105],[80.232376,26.511077],[80.232387,26.511143]]}},{"type":"Feature","properties":{"osmId":"way/1490081590","kind":"path","highway":"corridor","name":null,"level":"0","floor":0,"bridge":false,"wheelchair":null},"geometry":{"type":"LineString","coordinates":[[80.232263,26.511028],[80.232245,26.511043]]}},{"type":"Feature","properties":{"osmId":"way/1490081591","kind":"path","highway":"corridor","name":null,"level":"0","floor":0,"bridge":false,"wheelchair":null},"geometry":{"type":"LineString","coordinates":[[80.232265,26.511056],[80.232245,26.511043],[80.23223,26.51103]]}},{"type":"Feature","properties":{"osmId":"way/1490081592","kind":"path","highway":"corridor","name":null,"level":"0","floor":0,"bridge":false,"wheelchair":null},"geometry":{"type":"LineString","coordinates":[[80.232192,26.51096],[80.23219,26.510938],[80.232191,26.510916]]}},{"type":"Feature","properties":{"osmId":"way/1490081593","kind":"path","highway":"corridor","name":null,"level":"0","floor":0,"bridge":false,"wheelchair":null},"geometry":{"type":"LineString","coordinates":[[80.232214,26.510938],[80.23219,26.510938]]}},{"type":"Feature","properties":{"osmId":"way/1490081594","kind":"path","highway":"corridor","name":null,"level":"0","floor":0,"bridge":false,"wheelchair":"yes"},"geometry":{"type":"LineString","coordinates":[[80.232237,26.511004],[80.23222,26.510974],[80.232214,26.510938],[80.232218,26.510906],[80.232235,26.510874],[80.232261,26.510847],[80.232295,26.510829],[80.232333,26.510821],[80.232372,26.510824],[80.232407,26.510836],[80.232437,26.510858],[80.232459,26.510886],[80.232469,26.510911],[80.232472,26.510938],[80.232469,26.510965],[80.232458,26.51099],[80.232436,26.511017],[80.232406,26.511038],[80.232371,26.51105],[80.232333,26.511052],[80.232296,26.511045],[80.232263,26.511028],[80.232237,26.511004]]}},{"type":"Feature","properties":{"osmId":"way/1555323734","kind":"path","highway":"corridor","name":null,"level":"1","floor":1,"bridge":false,"wheelchair":null},"geometry":{"type":"LineString","coordinates":[[80.23247,26.510951],[80.232576,26.510951]]}},{"type":"Feature","properties":{"osmId":"way/1555323736","kind":"stairs","highway":"steps","name":null,"level":"0","floor":0,"bridge":false,"wheelchair":"no"},"geometry":{"type":"LineString","coordinates":[[80.232394,26.511167],[80.232387,26.511143]]}},{"type":"Feature","properties":{"osmId":"way/1555327398","kind":"path","highway":"footway","name":null,"level":"0","floor":0,"bridge":false,"wheelchair":"yes"},"geometry":{"type":"LineString","coordinates":[[80.232635,26.511322],[80.23267,26.511284],[80.232681,26.511275],[80.232702,26.511254],[80.232721,26.511235],[80.232765,26.511227],[80.232924,26.511207],[80.233079,26.511227],[80.233102,26.511253],[80.233154,26.511309],[80.23316,26.511377],[80.233165,26.511458],[80.233167,26.511474],[80.233095,26.51163],[80.233041,26.51163],[80.232955,26.511637],[80.232908,26.511641],[80.232838,26.511644],[80.232728,26.511648],[80.232653,26.511592],[80.232601,26.511475],[80.232604,26.511437],[80.232635,26.511322]]}},{"type":"Feature","properties":{"osmId":"way/1555327402","kind":"path","highway":"footway","name":null,"level":"1","floor":1,"bridge":true,"wheelchair":"yes"},"geometry":{"type":"LineString","coordinates":[[80.232722,26.511492],[80.232674,26.511436],[80.232705,26.511374],[80.232798,26.511319],[80.232897,26.511309],[80.232997,26.511309],[80.233074,26.511332],[80.233092,26.511407],[80.233083,26.511448],[80.233068,26.511515],[80.233077,26.51161]]}},{"type":"Feature","properties":{"osmId":"way/1555327403","kind":"road","highway":"residential","name":null,"level":"0","floor":0,"bridge":false,"wheelchair":null},"geometry":{"type":"LineString","coordinates":[[80.232432,26.511449],[80.232467,26.511449],[80.232474,26.511451],[80.232518,26.511445]]}},{"type":"Feature","properties":{"osmId":"way/1555327405","kind":"path","highway":"footway","name":null,"level":"1","floor":1,"bridge":true,"wheelchair":"yes"},"geometry":{"type":"LineString","coordinates":[[80.23318,26.511429],[80.233183,26.511446],[80.233195,26.511477]]}},{"type":"Feature","properties":{"osmId":"way/1555327406","kind":"path","highway":"footway","name":null,"level":"1","floor":1,"bridge":true,"wheelchair":"yes"},"geometry":{"type":"LineString","coordinates":[[80.23263,26.511477],[80.232612,26.511448],[80.232613,26.511425]]}},{"type":"Feature","properties":{"osmId":"way/1555327408","kind":"path","highway":"footway","name":null,"level":"1","floor":1,"bridge":true,"wheelchair":"yes"},"geometry":{"type":"LineString","coordinates":[[80.233039,26.511426],[80.233083,26.511448],[80.233119,26.511449],[80.233183,26.511446],[80.233211,26.51145],[80.233241,26.511446]]}},{"type":"Feature","properties":{"osmId":"way/1555327410","kind":"path","highway":"footway","name":null,"level":"1","floor":1,"bridge":true,"wheelchair":"yes"},"geometry":{"type":"LineString","coordinates":[[80.232865,26.511548],[80.23289,26.511501],[80.23288,26.511421],[80.232897,26.511309],[80.232913,26.511167],[80.232905,26.511122]]}},{"type":"Feature","properties":{"osmId":"way/1555329037","kind":"path","highway":"footway","name":null,"level":"0","floor":0,"bridge":false,"wheelchair":"yes"},"geometry":{"type":"LineString","coordinates":[[80.233165,26.511458],[80.233226,26.511455],[80.233265,26.511452],[80.233366,26.511449]]}},{"type":"Feature","properties":{"osmId":"way/1555329038","kind":"path","highway":"footway","name":null,"level":"0","floor":0,"bridge":false,"wheelchair":"yes"},"geometry":{"type":"LineString","coordinates":[[80.232922,26.511365],[80.232604,26.511437],[80.232583,26.511439],[80.232518,26.511445]]}},{"type":"Feature","properties":{"osmId":"way/1555329052","kind":"path","highway":"footway","name":null,"level":"0","floor":0,"bridge":false,"wheelchair":"yes"},"geometry":{"type":"LineString","coordinates":[[80.232922,26.511365],[80.232924,26.511207],[80.232921,26.511176],[80.23291,26.511059]]}},{"type":"Feature","properties":{"osmId":"way/1555329814","kind":"path","highway":"footway","name":null,"level":"0","floor":0,"bridge":false,"wheelchair":"yes"},"geometry":{"type":"LineString","coordinates":[[80.232323,26.511209],[80.232398,26.511225],[80.232437,26.511233],[80.232681,26.511275]]}},{"type":"Feature","properties":{"osmId":"way/1555338792","kind":"path","highway":"footway","name":null,"level":"0","floor":0,"bridge":false,"wheelchair":"yes"},"geometry":{"type":"LineString","coordinates":[[80.232872,26.510934],[80.232602,26.510929]]}},{"type":"Feature","properties":{"osmId":"way/1555338793","kind":"path","highway":"footway","name":null,"level":"0","floor":0,"bridge":false,"wheelchair":"yes"},"geometry":{"type":"LineString","coordinates":[[80.23291,26.511059],[80.232917,26.510983]]}},{"type":"Feature","properties":{"osmId":"way/1555338794","kind":"path","highway":"footway","name":null,"level":"0","floor":0,"bridge":false,"wheelchair":"yes"},"geometry":{"type":"LineString","coordinates":[[80.232765,26.511227],[80.23272,26.511119]]}},{"type":"Feature","properties":{"osmId":"way/1555338795","kind":"path","highway":"corridor","name":null,"level":"1","floor":1,"bridge":false,"wheelchair":null},"geometry":{"type":"LineString","coordinates":[[80.232631,26.511183],[80.232602,26.510929]]}},{"type":"Feature","properties":{"osmId":"way/1555338796","kind":"stairs","highway":"steps","name":null,"level":"0;1","floor":1,"bridge":false,"wheelchair":null},"geometry":{"type":"LineString","coordinates":[[80.232602,26.510929],[80.232578,26.510935],[80.23256,26.510925]]}},{"type":"Feature","properties":{"osmId":"way/1555338797","kind":"ramp","highway":"footway","name":null,"level":"0;1","floor":1,"bridge":false,"wheelchair":"yes"},"geometry":{"type":"LineString","coordinates":[[80.23272,26.511119],[80.232696,26.511011],[80.232673,26.511018],[80.232701,26.511139],[80.232646,26.511183],[80.232631,26.511183],[80.232609,26.511183],[80.23259,26.510955]]}},{"type":"Feature","properties":{"osmId":"way/1555343350","kind":"ramp","highway":"footway","name":null,"level":"0;1","floor":1,"bridge":false,"wheelchair":"yes"},"geometry":{"type":"LineString","coordinates":[[80.233519,26.512321],[80.233497,26.512327],[80.233472,26.512326],[80.23327,26.512326],[80.233268,26.512343],[80.233452,26.512347],[80.233449,26.512375]]}},{"type":"Feature","properties":{"osmId":"way/1555343351","kind":"road","highway":"cycleway","name":null,"level":"0","floor":0,"bridge":false,"wheelchair":"yes"},"geometry":{"type":"LineString","coordinates":[[80.233517,26.512265],[80.234014,26.512269],[80.234178,26.512269]]}},{"type":"Feature","properties":{"osmId":"way/1555343353","kind":"road","highway":"cycleway","name":null,"level":"0","floor":0,"bridge":false,"wheelchair":null},"geometry":{"type":"LineString","coordinates":[[80.232589,26.512419],[80.232646,26.512421]]}},{"type":"Feature","properties":{"osmId":"way/1555343354","kind":"stairs","highway":"steps","name":null,"level":"0;1","floor":1,"bridge":false,"wheelchair":null},"geometry":{"type":"LineString","coordinates":[[80.232648,26.512377],[80.232647,26.512394],[80.232646,26.512414],[80.232646,26.512421]]}},{"type":"Feature","properties":{"osmId":"way/1555343355","kind":"stairs","highway":"steps","name":null,"level":"0;1","floor":1,"bridge":false,"wheelchair":"no"},"geometry":{"type":"LineString","coordinates":[[80.232957,26.511686],[80.232955,26.511637]]}},{"type":"Feature","properties":{"osmId":"way/1555343356","kind":"stairs","highway":"steps","name":null,"level":"0;1","floor":1,"bridge":false,"wheelchair":"no"},"geometry":{"type":"LineString","coordinates":[[80.232841,26.511689],[80.232838,26.511644]]}},{"type":"Feature","properties":{"osmId":"way/1555343357","kind":"path","highway":"footway","name":null,"level":"1","floor":1,"bridge":true,"wheelchair":"yes"},"geometry":{"type":"LineString","coordinates":[[80.233077,26.51161],[80.233039,26.511614]]}},{"type":"Feature","properties":{"osmId":"way/1555343358","kind":"stairs","highway":"steps","name":null,"level":"0;1","floor":1,"bridge":false,"wheelchair":"no"},"geometry":{"type":"LineString","coordinates":[[80.233008,26.51162],[80.233039,26.511614],[80.233041,26.51163]]}},{"type":"Feature","properties":{"osmId":"way/1555343359","kind":"path","highway":"footway","name":null,"level":"1","floor":1,"bridge":true,"wheelchair":"yes"},"geometry":{"type":"LineString","coordinates":[[80.232685,26.511207],[80.232704,26.511195]]}},{"type":"Feature","properties":{"osmId":"way/1555343360","kind":"stairs","highway":"steps","name":null,"level":"0;1","floor":1,"bridge":false,"wheelchair":"no"},"geometry":{"type":"LineString","coordinates":[[80.23273,26.511185],[80.232704,26.511195],[80.232721,26.511235]]}},{"type":"Feature","properties":{"osmId":"way/1555343361","kind":"path","highway":"footway","name":null,"level":"1","floor":1,"bridge":true,"wheelchair":"yes"},"geometry":{"type":"LineString","coordinates":[[80.232705,26.511374],[80.232689,26.511241],[80.232685,26.511207],[80.232631,26.511183]]}},{"type":"Feature","properties":{"osmId":"way/1555343364","kind":"path","highway":"footway","name":null,"level":"0","floor":0,"bridge":false,"wheelchair":"yes"},"geometry":{"type":"LineString","coordinates":[[80.23309,26.511783],[80.233095,26.51163]]}},{"type":"Feature","properties":{"osmId":"way/1555343365","kind":"path","highway":"footway","name":null,"level":"0","floor":0,"bridge":false,"wheelchair":"yes"},"geometry":{"type":"LineString","coordinates":[[80.232893,26.511786],[80.232908,26.511641]]}},{"type":"Feature","properties":{"osmId":"way/1555343366","kind":"path","highway":"footway","name":null,"level":"0","floor":0,"bridge":false,"wheelchair":"yes"},"geometry":{"type":"LineString","coordinates":[[80.232705,26.511789],[80.232728,26.511648]]}},{"type":"Feature","properties":{"osmId":"way/1555343367","kind":"path","highway":"footway","name":null,"level":"0","floor":0,"bridge":false,"wheelchair":"yes"},"geometry":{"type":"LineString","coordinates":[[80.232908,26.511641],[80.232922,26.511365]]}},{"type":"Feature","properties":{"osmId":"way/1555343368","kind":"path","highway":"footway","name":null,"level":"0","floor":0,"bridge":false,"wheelchair":"yes"},"geometry":{"type":"LineString","coordinates":[[80.23316,26.511377],[80.232922,26.511365]]}},{"type":"Feature","properties":{"osmId":"way/1555343369","kind":"path","highway":"footway","name":null,"level":"0","floor":0,"bridge":false,"wheelchair":"yes"},"geometry":{"type":"LineString","coordinates":[[80.232398,26.511225],[80.232396,26.511203],[80.232394,26.511167]]}},{"type":"Feature","properties":{"osmId":"way/1555345740","kind":"path","highway":"footway","name":null,"level":"1","floor":1,"bridge":true,"wheelchair":"yes"},"geometry":{"type":"LineString","coordinates":[[80.233151,26.510847],[80.233172,26.510881],[80.233231,26.510961],[80.233241,26.510977],[80.23326,26.511005]]}},{"type":"Feature","properties":{"osmId":"way/1555345741","kind":"stairs","highway":"steps","name":null,"level":"0;1","floor":1,"bridge":false,"wheelchair":"no"},"geometry":{"type":"LineString","coordinates":[[80.233279,26.510985],[80.233266,26.510997],[80.23326,26.511005]]}},{"type":"Feature","properties":{"osmId":"way/1555345743","kind":"path","highway":"footway","name":null,"level":"1","floor":1,"bridge":true,"wheelchair":"yes"},"geometry":{"type":"LineString","coordinates":[[80.233442,26.511233],[80.233465,26.511201],[80.233494,26.5112]]}},{"type":"Feature","properties":{"osmId":"way/1555346031","kind":"stairs","highway":"steps","name":null,"level":"0;1","floor":1,"bridge":false,"wheelchair":"no"},"geometry":{"type":"LineString","coordinates":[[80.233582,26.510561],[80.233581,26.51062]]}},{"type":"Feature","properties":{"osmId":"way/1555346032","kind":"path","highway":"footway","name":null,"level":"1","floor":1,"bridge":true,"wheelchair":"yes"},"geometry":{"type":"LineString","coordinates":[[80.233557,26.510778],[80.233583,26.510666],[80.233581,26.51062]]}},{"type":"Feature","properties":{"osmId":"way/1555346033","kind":"path","highway":"footway","name":null,"level":"1","floor":1,"bridge":true,"wheelchair":"yes"},"geometry":{"type":"LineString","coordinates":[[80.233544,26.510669],[80.233583,26.510666],[80.233612,26.510665]]}},{"type":"Feature","properties":{"osmId":"way/1555346034","kind":"path","highway":"footway","name":null,"level":"1","floor":1,"bridge":true,"wheelchair":"yes"},"geometry":{"type":"LineString","coordinates":[[80.233324,26.510731],[80.23338,26.510753],[80.233394,26.510756],[80.233446,26.510769],[80.233479,26.510772],[80.233522,26.510776],[80.233557,26.510778],[80.233621,26.510781],[80.233635,26.51078],[80.233649,26.51078],[80.233703,26.510776],[80.233755,26.510762],[80.233796,26.510751],[80.233832,26.510739]]}},{"type":"Feature","properties":{"osmId":"way/1555346035","kind":"road","highway":"cycleway","name":null,"level":"0","floor":0,"bridge":false,"wheelchair":null},"geometry":{"type":"LineString","coordinates":[[80.233183,26.510663],[80.233305,26.510563],[80.233394,26.510533],[80.233516,26.510561],[80.233582,26.510561],[80.233634,26.510561],[80.233741,26.510538],[80.233826,26.510534],[80.233857,26.510533],[80.234103,26.510529],[80.234344,26.510524],[80.234462,26.510613],[80.234486,26.510661],[80.234486,26.51086],[80.234473,26.511034]]}},{"type":"Feature","properties":{"osmId":"way/1555349350","kind":"stairs","highway":"steps","name":null,"level":"0;1","floor":1,"bridge":false,"wheelchair":"no"},"geometry":{"type":"LineString","coordinates":[[80.233796,26.510751],[80.233794,26.510689]]}},{"type":"Feature","properties":{"osmId":"way/1555349351","kind":"stairs","highway":"steps","name":null,"level":"0;1","floor":1,"bridge":false,"wheelchair":"no"},"geometry":{"type":"LineString","coordinates":[[80.233635,26.51078],[80.233637,26.510713]]}},{"type":"Feature","properties":{"osmId":"way/1555349352","kind":"stairs","highway":"steps","name":null,"level":"0;1","floor":1,"bridge":false,"wheelchair":"no"},"geometry":{"type":"LineString","coordinates":[[80.233522,26.510776],[80.233528,26.510714]]}},{"type":"Feature","properties":{"osmId":"way/1555349353","kind":"stairs","highway":"steps","name":null,"level":"0;1","floor":1,"bridge":false,"wheelchair":"no"},"geometry":{"type":"LineString","coordinates":[[80.233367,26.510686],[80.233324,26.510731]]}},{"type":"Feature","properties":{"osmId":"way/1555349355","kind":"path","highway":"footway","name":null,"level":"0","floor":0,"bridge":false,"wheelchair":"yes"},"geometry":{"type":"LineString","coordinates":[[80.232603,26.512382],[80.234176,26.51238],[80.234414,26.512383],[80.234726,26.512386],[80.234766,26.512036],[80.234778,26.511655],[80.234793,26.51104],[80.234473,26.511034]]}},{"type":"Feature","properties":{"osmId":"way/1555349356","kind":"path","highway":"footway","name":"IITK Academic Area Corridors","level":"1","floor":1,"bridge":true,"wheelchair":"yes"},"geometry":{"type":"LineString","coordinates":[[80.232648,26.512377],[80.231345,26.512371]]}},{"type":"Feature","properties":{"osmId":"way/1555349357","kind":"path","highway":"footway","name":null,"level":"0","floor":0,"bridge":false,"wheelchair":"yes"},"geometry":{"type":"LineString","coordinates":[[80.233367,26.510686],[80.23337,26.510683],[80.233424,26.510713],[80.233495,26.510714],[80.233528,26.510714],[80.233599,26.510713],[80.233637,26.510713],[80.233708,26.510706],[80.233794,26.510689]]}},{"type":"Feature","properties":{"osmId":"way/1555349504","kind":"path","highway":"footway","name":null,"level":"2","floor":2,"bridge":false,"wheelchair":"no"},"geometry":{"type":"LineString","coordinates":[[80.234198,26.510637],[80.234183,26.510638]]}},{"type":"Feature","properties":{"osmId":"way/1555349505","kind":"stairs","highway":"steps","name":null,"level":"2","floor":2,"bridge":false,"wheelchair":null},"geometry":{"type":"LineString","coordinates":[[80.234174,26.510643],[80.234183,26.510638]]}},{"type":"Feature","properties":{"osmId":"way/1555355640","kind":"road","highway":"cycleway","name":null,"level":"0","floor":0,"bridge":false,"wheelchair":null},"geometry":{"type":"LineString","coordinates":[[80.234181,26.51212],[80.234265,26.512108],[80.23427,26.512075]]}},{"type":"Feature","properties":{"osmId":"way/1555355641","kind":"road","highway":"cycleway","name":null,"level":"0","floor":0,"bridge":false,"wheelchair":null},"geometry":{"type":"LineString","coordinates":[[80.234236,26.5111],[80.234241,26.51106]]}},{"type":"Feature","properties":{"osmId":"way/1555355642","kind":"road","highway":"cycleway","name":null,"level":"0","floor":0,"bridge":false,"wheelchair":null},"geometry":{"type":"LineString","coordinates":[[80.233884,26.511031],[80.233974,26.510921]]}},{"type":"Feature","properties":{"osmId":"way/1555355643","kind":"path","highway":"footway","name":null,"level":"0","floor":0,"bridge":false,"wheelchair":"no"},"geometry":{"type":"LineString","coordinates":[[80.234256,26.511003],[80.234247,26.511045]]}},{"type":"Feature","properties":{"osmId":"way/1555355644","kind":"path","highway":"footway","name":null,"level":"0","floor":0,"bridge":false,"wheelchair":"no"},"geometry":{"type":"LineString","coordinates":[[80.234031,26.510881],[80.233999,26.510904]]}},{"type":"Feature","properties":{"osmId":"way/1555355645","kind":"stairs","highway":"steps","name":null,"level":"0","floor":0,"bridge":false,"wheelchair":"no"},"geometry":{"type":"LineString","coordinates":[[80.234241,26.51106],[80.234247,26.511045]]}},{"type":"Feature","properties":{"osmId":"way/1555355646","kind":"stairs","highway":"steps","name":null,"level":"0","floor":0,"bridge":false,"wheelchair":"no"},"geometry":{"type":"LineString","coordinates":[[80.233974,26.510921],[80.233999,26.510904]]}},{"type":"Feature","properties":{"osmId":"way/1555355647","kind":"ramp","highway":"footway","name":null,"level":"1;2","floor":2,"bridge":false,"wheelchair":"yes"},"geometry":{"type":"LineString","coordinates":[[80.233825,26.510724],[80.233902,26.510679],[80.233924,26.510701],[80.233906,26.510731]]}},{"type":"Feature","properties":{"osmId":"way/1555355648","kind":"path","highway":"footway","name":null,"level":"0","floor":0,"bridge":false,"wheelchair":"yes"},"geometry":{"type":"LineString","coordinates":[[80.233794,26.510689],[80.23382,26.510752]]}},{"type":"Feature","properties":{"osmId":"way/1555355649","kind":"ramp","highway":"footway","name":null,"level":"0;1","floor":1,"bridge":false,"wheelchair":"yes"},"geometry":{"type":"LineString","coordinates":[[80.233794,26.510689],[80.233833,26.510694],[80.233887,26.510661],[80.233893,26.510673],[80.233822,26.510719],[80.233825,26.510724],[80.233832,26.510739]]}},{"type":"Feature","properties":{"osmId":"way/1555355650","kind":"path","highway":"footway","name":null,"level":"0","floor":0,"bridge":false,"wheelchair":"yes"},"geometry":{"type":"LineString","coordinates":[[80.233583,26.510786],[80.233705,26.510787],[80.23382,26.510752],[80.233833,26.510748],[80.233826,26.51073]]}},{"type":"Feature","properties":{"osmId":"way/1555355652","kind":"stairs","highway":"steps","name":null,"level":"0;1","floor":1,"bridge":false,"wheelchair":"no"},"geometry":{"type":"LineString","coordinates":[[80.233999,26.512386],[80.234014,26.512269]]}},{"type":"Feature","properties":{"osmId":"way/1555355653","kind":"path","highway":"corridor","name":null,"level":"0","floor":0,"bridge":false,"wheelchair":"yes"},"geometry":{"type":"LineString","coordinates":[[80.233906,26.510731],[80.233927,26.510701],[80.233917,26.510691],[80.233826,26.51073]]}},{"type":"Feature","properties":{"osmId":"way/1555355654","kind":"path","highway":"footway","name":null,"level":"0","floor":0,"bridge":false,"wheelchair":"yes"},"geometry":{"type":"LineString","coordinates":[[80.234455,26.51102],[80.234467,26.510761],[80.234458,26.51076]]}},{"type":"Feature","properties":{"osmId":"way/1555355655","kind":"path","highway":"footway","name":null,"level":"0","floor":0,"bridge":false,"wheelchair":"no"},"geometry":{"type":"LineString","coordinates":[[80.234189,26.510645],[80.234074,26.510701],[80.233982,26.510658]]}},{"type":"Feature","properties":{"osmId":"way/1555355656","kind":"path","highway":"footway","name":null,"level":"0","floor":0,"bridge":false,"wheelchair":"yes"},"geometry":{"type":"LineString","coordinates":[[80.233906,26.510731],[80.233982,26.510658],[80.234012,26.510639]]}},{"type":"Feature","properties":{"osmId":"way/1555355657","kind":"path","highway":"footway","name":null,"level":"2","floor":2,"bridge":false,"wheelchair":"no"},"geometry":{"type":"LineString","coordinates":[[80.234455,26.510783],[80.234469,26.5108]]}},{"type":"Feature","properties":{"osmId":"way/1555355658","kind":"path","highway":"footway","name":null,"level":"2","floor":2,"bridge":false,"wheelchair":"yes"},"geometry":{"type":"LineString","coordinates":[[80.234464,26.510924],[80.234476,26.510816]]}},{"type":"Feature","properties":{"osmId":"way/1555355659","kind":"stairs","highway":"steps","name":null,"level":"2","floor":2,"bridge":false,"wheelchair":null},"geometry":{"type":"LineString","coordinates":[[80.234476,26.510816],[80.234469,26.5108]]}},{"type":"Feature","properties":{"osmId":"way/1555355660","kind":"path","highway":"footway","name":null,"level":"0","floor":0,"bridge":false,"wheelchair":"yes"},"geometry":{"type":"LineString","coordinates":[[80.234387,26.511006],[80.234318,26.511019],[80.234256,26.511003]]}},{"type":"Feature","properties":{"osmId":"way/1555355661","kind":"path","highway":"footway","name":null,"level":"0","floor":0,"bridge":false,"wheelchair":"yes"},"geometry":{"type":"LineString","coordinates":[[80.234217,26.510971],[80.234156,26.51096]]}},{"type":"Feature","properties":{"osmId":"way/1555355662","kind":"path","highway":"footway","name":null,"level":"0","floor":0,"bridge":false,"wheelchair":"yes"},"geometry":{"type":"LineString","coordinates":[[80.234115,26.510914],[80.234031,26.510881],[80.234007,26.510834],[80.234156,26.51096]]}},{"type":"Feature","properties":{"osmId":"way/1555355663","kind":"path","highway":"footway","name":null,"level":"0","floor":0,"bridge":false,"wheelchair":"yes"},"geometry":{"type":"LineString","coordinates":[[80.234025,26.510829],[80.234007,26.510834],[80.233906,26.510731]]}},{"type":"Feature","properties":{"osmId":"way/1555355664","kind":"path","highway":"footway","name":null,"level":"2","floor":2,"bridge":false,"wheelchair":"yes"},"geometry":{"type":"LineString","coordinates":[[80.233975,26.510781],[80.233935,26.510709],[80.233906,26.510731]]}},{"type":"Feature","properties":{"osmId":"way/1555355666","kind":"path","highway":"footway","name":null,"level":"2","floor":2,"bridge":false,"wheelchair":"yes"},"geometry":{"type":"LineString","coordinates":[[80.234294,26.511025],[80.234444,26.511025],[80.234464,26.510924],[80.234438,26.510929]]}},{"type":"Feature","properties":{"osmId":"way/1555355667","kind":"path","highway":"footway","name":null,"level":"2","floor":2,"bridge":false,"wheelchair":"yes"},"geometry":{"type":"LineString","coordinates":[[80.234063,26.510901],[80.233975,26.510781],[80.234074,26.510711],[80.234174,26.510643]]}},{"type":"Feature","properties":{"osmId":"way/1555355668","kind":"path","highway":"footway","name":null,"level":"2","floor":2,"bridge":false,"wheelchair":"yes"},"geometry":{"type":"LineString","coordinates":[[80.234073,26.510883],[80.234063,26.510901],[80.234161,26.510971],[80.234294,26.511025],[80.234308,26.511007]]}},{"type":"Feature","properties":{"osmId":"way/1555356940","kind":"stairs","highway":"steps","name":null,"level":"0;1","floor":1,"bridge":false,"wheelchair":"no"},"geometry":{"type":"LineString","coordinates":[[80.233213,26.510852],[80.233194,26.510863],[80.233185,26.510874],[80.233172,26.510881]]}},{"type":"Feature","properties":{"osmId":"way/1555356941","kind":"road","highway":"cycleway","name":null,"level":"0","floor":0,"bridge":false,"wheelchair":null},"geometry":{"type":"LineString","coordinates":[[80.233573,26.511289],[80.233558,26.511286]]}},{"type":"Feature","properties":{"osmId":"way/1555356942","kind":"path","highway":"footway","name":null,"level":"1","floor":1,"bridge":true,"wheelchair":"yes"},"geometry":{"type":"LineString","coordinates":[[80.233464,26.511166],[80.233446,26.511183]]}},{"type":"Feature","properties":{"osmId":"way/1555359529","kind":"path","highway":"footway","name":null,"level":"0","floor":0,"bridge":false,"wheelchair":"yes"},"geometry":{"type":"LineString","coordinates":[[80.234256,26.511003],[80.234156,26.51096]]}},{"type":"Feature","properties":{"osmId":"way/1555359530","kind":"path","highway":"footway","name":null,"level":"2","floor":2,"bridge":false,"wheelchair":"yes"},"geometry":{"type":"LineString","coordinates":[[80.234017,26.510649],[80.234074,26.510711]]}},{"type":"Feature","properties":{"osmId":"way/1555359531","kind":"path","highway":"footway","name":null,"level":"1","floor":1,"bridge":true,"wheelchair":"yes"},"geometry":{"type":"LineString","coordinates":[[80.233286,26.511128],[80.233347,26.51109]]}},{"type":"Feature","properties":{"osmId":"way/1555359532","kind":"path","highway":"footway","name":null,"level":"1","floor":1,"bridge":true,"wheelchair":"yes"},"geometry":{"type":"LineString","coordinates":[[80.233386,26.511061],[80.233347,26.51109]]}},{"type":"Feature","properties":{"osmId":"way/1555359533","kind":"path","highway":"footway","name":"IITK Academic Area Corridors","level":"0","floor":0,"bridge":false,"wheelchair":"yes"},"geometry":{"type":"LineString","coordinates":[[80.23316,26.510845],[80.233202,26.510899]]}},{"type":"Feature","properties":{"osmId":"way/1555359535","kind":"path","highway":"footway","name":null,"level":"0","floor":0,"bridge":false,"wheelchair":"yes"},"geometry":{"type":"LineString","coordinates":[[80.233282,26.510979],[80.233279,26.510985]]}},{"type":"Feature","properties":{"osmId":"way/1555359536","kind":"path","highway":"footway","name":null,"level":"0","floor":0,"bridge":false,"wheelchair":"yes"},"geometry":{"type":"LineString","coordinates":[[80.233243,26.511122],[80.233202,26.511097]]}},{"type":"Feature","properties":{"osmId":"way/1555359538","kind":"path","highway":"footway","name":null,"level":"1","floor":1,"bridge":true,"wheelchair":null},"geometry":{"type":"LineString","coordinates":[[80.232884,26.511171],[80.232913,26.511167],[80.232945,26.511171]]}},{"type":"Feature","properties":{"osmId":"way/1555359539","kind":"road","highway":"cycleway","name":null,"level":"0","floor":0,"bridge":false,"wheelchair":"yes"},"geometry":{"type":"LineString","coordinates":[[80.232705,26.511789],[80.232605,26.511796]]}},{"type":"Feature","properties":{"osmId":"way/1555359540","kind":"path","highway":"footway","name":null,"level":"1","floor":1,"bridge":true,"wheelchair":"yes"},"geometry":{"type":"LineString","coordinates":[[80.234,26.512463],[80.233999,26.512386]]}},{"type":"Feature","properties":{"osmId":"way/1556263611","kind":"path","highway":"footway","name":null,"level":"1","floor":1,"bridge":true,"wheelchair":"yes"},"geometry":{"type":"LineString","coordinates":[[80.233253,26.510909],[80.233231,26.510961],[80.233226,26.510939]]}},{"type":"Feature","properties":{"osmId":"way/1556263612","kind":"path","highway":"footway","name":null,"level":"1","floor":1,"bridge":true,"wheelchair":"yes"},"geometry":{"type":"LineString","coordinates":[[80.233755,26.510762],[80.233758,26.510717]]}},{"type":"Feature","properties":{"osmId":"way/1556263613","kind":"path","highway":"footway","name":null,"level":"1","floor":1,"bridge":true,"wheelchair":"yes"},"geometry":{"type":"LineString","coordinates":[[80.233649,26.51078],[80.233651,26.510736]]}},{"type":"Feature","properties":{"osmId":"way/1556263614","kind":"path","highway":"footway","name":null,"level":"1","floor":1,"bridge":true,"wheelchair":"yes"},"geometry":{"type":"LineString","coordinates":[[80.233479,26.510772],[80.233491,26.51073]]}},{"type":"Feature","properties":{"osmId":"way/1556263615","kind":"path","highway":"footway","name":null,"level":"1","floor":1,"bridge":true,"wheelchair":"yes"},"geometry":{"type":"LineString","coordinates":[[80.233394,26.510756],[80.233411,26.510721]]}},{"type":"Feature","properties":{"osmId":"way/1556265954","kind":"path","highway":"footway","name":null,"level":"1","floor":1,"bridge":true,"wheelchair":"yes"},"geometry":{"type":"LineString","coordinates":[[80.233077,26.51161],[80.233079,26.511704]]}},{"type":"Feature","properties":{"osmId":"way/1556271106","kind":"stairs","highway":"steps","name":null,"level":"0;1","floor":1,"bridge":false,"wheelchair":"no"},"geometry":{"type":"LineString","coordinates":[[80.23291,26.511059],[80.232905,26.511122]]}},{"type":"Feature","properties":{"osmId":"way/1556295245","kind":"path","highway":"footway","name":"IITK Academic Area Corridors","level":"0","floor":0,"bridge":false,"wheelchair":null},"geometry":{"type":"LineString","coordinates":[[80.233202,26.510899],[80.233213,26.510852]]}},{"type":"Feature","properties":{"osmId":"way/1556295246","kind":"path","highway":"footway","name":null,"level":"1","floor":1,"bridge":true,"wheelchair":"yes"},"geometry":{"type":"LineString","coordinates":[[80.23289,26.511501],[80.232939,26.511546]]}},{"type":"Feature","properties":{"osmId":"way/1556295247","kind":"stairs","highway":"steps","name":null,"level":"0;1","floor":1,"bridge":false,"wheelchair":null},"geometry":{"type":"LineString","coordinates":[[80.233265,26.511452],[80.233241,26.511446]]}},{"type":"Feature","properties":{"osmId":"way/1556295248","kind":"stairs","highway":"steps","name":null,"level":"0;1","floor":1,"bridge":false,"wheelchair":null},"geometry":{"type":"LineString","coordinates":[[80.232474,26.511451],[80.232546,26.511455]]}},{"type":"Feature","properties":{"osmId":"way/1556501310","kind":"path","highway":"footway","name":null,"level":"1","floor":1,"bridge":true,"wheelchair":"yes"},"geometry":{"type":"LineString","coordinates":[[80.232655,26.511734],[80.232695,26.511617],[80.232722,26.511492]]}},{"type":"Feature","properties":{"osmId":"way/54185548","kind":"road","highway":"residential","name":null,"level":"0","floor":0,"bridge":false,"wheelchair":null},"geometry":{"type":"LineString","coordinates":[[80.23734,26.510658],[80.237343,26.509923],[80.237344,26.509754],[80.237354,26.509125],[80.237349,26.508459],[80.23743,26.508347],[80.237509,26.50832]]}},{"type":"Feature","properties":{"osmId":"way/54185553","kind":"road","highway":"residential","name":"Lane 21","level":"0","floor":0,"bridge":false,"wheelchair":null},"geometry":{"type":"LineString","coordinates":[[80.237343,26.509923],[80.239498,26.509921]]}},{"type":"Feature","properties":{"osmId":"way/54185557","kind":"road","highway":"residential","name":"Lane 22","level":"0","floor":0,"bridge":false,"wheelchair":null},"geometry":{"type":"LineString","coordinates":[[80.237354,26.509125],[80.239506,26.509147]]}},{"type":"Feature","properties":{"osmId":"way/54185564","kind":"road","highway":"residential","name":"Lane 23","level":"0","floor":0,"bridge":false,"wheelchair":null},"geometry":{"type":"LineString","coordinates":[[80.237509,26.50832],[80.239509,26.508305]]}},{"type":"Feature","properties":{"osmId":"way/376453659","kind":"road","highway":"residential","name":null,"level":"0","floor":0,"bridge":false,"wheelchair":null},"geometry":{"type":"LineString","coordinates":[[80.240882,26.509927],[80.240889,26.509565],[80.240896,26.509207],[80.2409,26.508944],[80.240905,26.508665],[80.240911,26.508312],[80.240917,26.508011]]}},{"type":"Feature","properties":{"osmId":"way/432733443","kind":"path","highway":"footway","name":"Lane 30A","level":"0","floor":0,"bridge":false,"wheelchair":null},"geometry":{"type":"LineString","coordinates":[[80.236951,26.511976],[80.23695,26.51212],[80.23697,26.512135],[80.237007,26.512141],[80.237194,26.512139],[80.237629,26.512136],[80.237934,26.512134]]}},{"type":"Feature","properties":{"osmId":"way/432735144","kind":"path","highway":"path","name":null,"level":"0","floor":0,"bridge":false,"wheelchair":null},"geometry":{"type":"LineString","coordinates":[[80.237194,26.512139],[80.237197,26.512027]]}},{"type":"Feature","properties":{"osmId":"way/432735145","kind":"path","highway":"path","name":null,"level":"0","floor":0,"bridge":false,"wheelchair":null},"geometry":{"type":"LineString","coordinates":[[80.237194,26.512139],[80.237193,26.512239]]}},{"type":"Feature","properties":{"osmId":"way/432735146","kind":"path","highway":"path","name":null,"level":"0","floor":0,"bridge":false,"wheelchair":null},"geometry":{"type":"LineString","coordinates":[[80.23763,26.512024],[80.237629,26.512136]]}},{"type":"Feature","properties":{"osmId":"way/432735147","kind":"path","highway":"path","name":null,"level":"0","floor":0,"bridge":false,"wheelchair":null},"geometry":{"type":"LineString","coordinates":[[80.237629,26.512136],[80.237629,26.512236]]}},{"type":"Feature","properties":{"osmId":"way/432740601","kind":"path","highway":"footway","name":null,"level":"0","floor":0,"bridge":false,"wheelchair":null},"geometry":{"type":"LineString","coordinates":[[80.237344,26.509754],[80.237195,26.509751],[80.236876,26.509866],[80.236873,26.510036],[80.236591,26.510028],[80.236596,26.509713],[80.2366,26.509525],[80.236926,26.509526],[80.236973,26.509528],[80.237195,26.509751]]}},{"type":"Feature","properties":{"osmId":"way/432740602","kind":"path","highway":"footway","name":null,"level":"0","floor":0,"bridge":false,"wheelchair":null},"geometry":{"type":"LineString","coordinates":[[80.2366,26.509525],[80.236279,26.509524],[80.236282,26.509256]]}},{"type":"Feature","properties":{"osmId":"way/432740603","kind":"path","highway":"footway","name":null,"level":"0","floor":0,"bridge":false,"wheelchair":null},"geometry":{"type":"LineString","coordinates":[[80.236596,26.509713],[80.236692,26.509712]]}},{"type":"Feature","properties":{"osmId":"way/432741227","kind":"path","highway":"footway","name":null,"level":"0","floor":0,"bridge":false,"wheelchair":null},"geometry":{"type":"LineString","coordinates":[[80.23576,26.5097],[80.236085,26.509694]]}},{"type":"Feature","properties":{"osmId":"way/432741300","kind":"road","highway":"cycleway","name":null,"level":"0","floor":0,"bridge":false,"wheelchair":null},"geometry":{"type":"LineString","coordinates":[[80.237538,26.507493],[80.237509,26.50832]]}},{"type":"Feature","properties":{"osmId":"way/432741791","kind":"road","highway":"residential","name":null,"level":"0","floor":0,"bridge":false,"wheelchair":null},"geometry":{"type":"LineString","coordinates":[[80.240882,26.509927],[80.240872,26.510594],[80.240872,26.510677]]}},{"type":"Feature","properties":{"osmId":"way/952257777","kind":"road","highway":"residential","name":null,"level":"0","floor":0,"bridge":false,"wheelchair":null},"geometry":{"type":"LineString","coordinates":[[80.24041,26.506096],[80.240831,26.506657],[80.241134,26.507046],[80.241326,26.507242]]}},{"type":"Feature","properties":{"osmId":"way/952257779","kind":"road","highway":"residential","name":null,"level":"0","floor":0,"bridge":false,"wheelchair":null},"geometry":{"type":"LineString","coordinates":[[80.240095,26.506835],[80.240058,26.506832],[80.240017,26.506847],[80.239727,26.50706],[80.239651,26.507122],[80.239637,26.507152],[80.239639,26.507185],[80.240123,26.50771],[80.240194,26.50776],[80.240286,26.507784],[80.240369,26.507795],[80.2405,26.507777],[80.240571,26.507747],[80.240689,26.507647],[80.241015,26.507336]]}},{"type":"Feature","properties":{"osmId":"way/952257780","kind":"road","highway":"residential","name":null,"level":"0","floor":0,"bridge":false,"wheelchair":null},"geometry":{"type":"LineString","coordinates":[[80.23994,26.507284],[80.240223,26.507082],[80.24025,26.507049],[80.240249,26.507017],[80.240237,26.506996],[80.240114,26.506875],[80.240097,26.506853],[80.240095,26.506835],[80.240106,26.506817],[80.240149,26.506773],[80.240156,26.506754],[80.240153,26.506745],[80.240132,26.506718],[80.239907,26.506479]]}},{"type":"Feature","properties":{"osmId":"way/952266826","kind":"road","highway":"service","name":null,"level":"0","floor":0,"bridge":false,"wheelchair":null},"geometry":{"type":"LineString","coordinates":[[80.238662,26.507184],[80.239035,26.507191],[80.239385,26.507197]]}},{"type":"Feature","properties":{"osmId":"way/952266846","kind":"road","highway":"residential","name":null,"level":"0","floor":0,"bridge":false,"wheelchair":null},"geometry":{"type":"LineString","coordinates":[[80.240756,26.507073],[80.240468,26.507374],[80.240454,26.50741],[80.240454,26.507432],[80.240463,26.507475],[80.240689,26.507647]]}},{"type":"Feature","properties":{"osmId":"way/952266854","kind":"road","highway":"residential","name":null,"level":"0","floor":0,"bridge":false,"wheelchair":null},"geometry":{"type":"LineString","coordinates":[[80.236405,26.507476],[80.236415,26.506533]]}},{"type":"Feature","properties":{"osmId":"way/953379392","kind":"road","highway":"residential","name":null,"level":"0","floor":0,"bridge":false,"wheelchair":null},"geometry":{"type":"LineString","coordinates":[[80.241783,26.507315],[80.241935,26.507163]]}},{"type":"Feature","properties":{"osmId":"way/1144794393","kind":"road","highway":"residential","name":null,"level":"0","floor":0,"bridge":false,"wheelchair":null},"geometry":{"type":"LineString","coordinates":[[80.239529,26.507495],[80.239526,26.508],[80.239509,26.508305],[80.239513,26.508657],[80.239506,26.508988],[80.239506,26.509147],[80.239498,26.509921],[80.239491,26.510552],[80.239484,26.510664]]}},{"type":"Feature","properties":{"osmId":"way/1157122754","kind":"road","highway":"service","name":"Lane 14C","level":"0","floor":0,"bridge":false,"wheelchair":null},"geometry":{"type":"LineString","coordinates":[[80.240911,26.508312],[80.240278,26.508304]]}},{"type":"Feature","properties":{"osmId":"way/1157122755","kind":"road","highway":"service","name":"Lane 14B","level":"0","floor":0,"bridge":false,"wheelchair":null},"geometry":{"type":"LineString","coordinates":[[80.2409,26.508944],[80.240265,26.508934]]}},{"type":"Feature","properties":{"osmId":"way/1157122756","kind":"road","highway":"service","name":"Lane 14A","level":"0","floor":0,"bridge":false,"wheelchair":null},"geometry":{"type":"LineString","coordinates":[[80.240889,26.509565],[80.240265,26.509563]]}},{"type":"Feature","properties":{"osmId":"way/1157377784","kind":"road","highway":"service","name":"Lane 12A","level":"0","floor":0,"bridge":false,"wheelchair":null},"geometry":{"type":"LineString","coordinates":[[80.242077,26.508001],[80.242075,26.507804]]}},{"type":"Feature","properties":{"osmId":"way/1157377785","kind":"road","highway":"service","name":"Lane 12B","level":"0","floor":0,"bridge":false,"wheelchair":null},"geometry":{"type":"LineString","coordinates":[[80.241258,26.508008],[80.241256,26.507761]]}},{"type":"Feature","properties":{"osmId":"way/1157377786","kind":"road","highway":"service","name":"Lane 13A","level":"0","floor":0,"bridge":false,"wheelchair":null},"geometry":{"type":"LineString","coordinates":[[80.241508,26.508006],[80.241501,26.508668]]}},{"type":"Feature","properties":{"osmId":"way/1157377787","kind":"road","highway":"service","name":"Lane 13B","level":"0","floor":0,"bridge":false,"wheelchair":null},"geometry":{"type":"LineString","coordinates":[[80.240905,26.508665],[80.241501,26.508668]]}},{"type":"Feature","properties":{"osmId":"way/1157377788","kind":"road","highway":"service","name":"Lane 13C","level":"0","floor":0,"bridge":false,"wheelchair":null},"geometry":{"type":"LineString","coordinates":[[80.240896,26.509207],[80.241463,26.509217]]}},{"type":"Feature","properties":{"osmId":"way/1157377789","kind":"road","highway":"service","name":"Lane 20A","level":"0","floor":0,"bridge":false,"wheelchair":null},"geometry":{"type":"LineString","coordinates":[[80.239506,26.508988],[80.240195,26.508988]]}},{"type":"Feature","properties":{"osmId":"way/1157377790","kind":"road","highway":"service","name":null,"level":"0","floor":0,"bridge":false,"wheelchair":null},"geometry":{"type":"LineString","coordinates":[[80.240195,26.508988],[80.240265,26.508934]]}},{"type":"Feature","properties":{"osmId":"way/1160849396","kind":"road","highway":"service","name":"Lane 11A","level":"0","floor":0,"bridge":false,"wheelchair":null},"geometry":{"type":"LineString","coordinates":[[80.241447,26.509943],[80.241463,26.509217]]}},{"type":"Feature","properties":{"osmId":"way/1160849397","kind":"road","highway":"service","name":null,"level":"0","floor":0,"bridge":false,"wheelchair":null},"geometry":{"type":"LineString","coordinates":[[80.239308,26.510663],[80.23932,26.510937],[80.239356,26.510983],[80.239638,26.510982],[80.239795,26.510667]]}},{"type":"Feature","properties":{"osmId":"way/1161063540","kind":"path","highway":"footway","name":null,"level":"0","floor":0,"bridge":false,"wheelchair":null},"geometry":{"type":"LineString","coordinates":[[80.236457,26.511861],[80.236457,26.511525],[80.236965,26.511538]]}},{"type":"Feature","properties":{"osmId":"way/1161063541","kind":"path","highway":"footway","name":null,"level":"0","floor":0,"bridge":false,"wheelchair":null},"geometry":{"type":"LineString","coordinates":[[80.236457,26.511525],[80.236398,26.511523],[80.236403,26.511081],[80.236412,26.510656]]}},{"type":"Feature","properties":{"osmId":"way/1161063542","kind":"path","highway":"footway","name":null,"level":"0","floor":0,"bridge":false,"wheelchair":null},"geometry":{"type":"LineString","coordinates":[[80.23621,26.511855],[80.236213,26.51152],[80.236398,26.511523]]}},{"type":"Feature","properties":{"osmId":"way/1162107910","kind":"road","highway":"service","name":null,"level":"0","floor":0,"bridge":false,"wheelchair":null},"geometry":{"type":"LineString","coordinates":[[80.239035,26.507191],[80.239034,26.506845]]}},{"type":"Feature","properties":{"osmId":"way/1162995981","kind":"road","highway":"service","name":null,"level":"0","floor":0,"bridge":false,"wheelchair":null},"geometry":{"type":"LineString","coordinates":[[80.239513,26.508657],[80.239787,26.508657],[80.239843,26.508658],[80.239847,26.508475],[80.23993,26.508475]]}},{"type":"Feature","properties":{"osmId":"way/1162995982","kind":"road","highway":"service","name":null,"level":"0","floor":0,"bridge":false,"wheelchair":null},"geometry":{"type":"LineString","coordinates":[[80.239843,26.508658],[80.239994,26.508727],[80.239994,26.508773],[80.240062,26.508776]]}},{"type":"Feature","properties":{"osmId":"way/1162995984","kind":"road","highway":"service","name":null,"level":"0","floor":0,"bridge":false,"wheelchair":null},"geometry":{"type":"LineString","coordinates":[[80.239787,26.508657],[80.239784,26.508795]]}},{"type":"Feature","properties":{"osmId":"way/1169297485","kind":"path","highway":"footway","name":null,"level":"0","floor":0,"bridge":false,"wheelchair":null},"geometry":{"type":"LineString","coordinates":[[80.238246,26.510604],[80.238249,26.510492],[80.238505,26.510494],[80.238879,26.510488],[80.239177,26.510483],[80.239175,26.510389],[80.239277,26.51038],[80.239326,26.510349],[80.239331,26.5103],[80.239321,26.510242],[80.239316,26.5102],[80.239329,26.510129],[80.239316,26.510085],[80.239297,26.510055],[80.239245,26.510015],[80.239175,26.510008],[80.239122,26.510017],[80.239044,26.510048],[80.238971,26.510057],[80.238879,26.510094],[80.238798,26.510115],[80.238738,26.510115],[80.238688,26.51009],[80.238631,26.510052],[80.238592,26.510029],[80.238539,26.510008],[80.238474,26.510001],[80.238383,26.510005],[80.238304,26.51001],[80.238202,26.510024],[80.238124,26.510062],[80.238069,26.510076],[80.238045,26.510029],[80.238011,26.509996],[80.237938,26.509984],[80.237815,26.509982],[80.237465,26.509987],[80.237468,26.510052],[80.237507,26.510106],[80.237499,26.510169],[80.237473,26.510204],[80.23747,26.510225],[80.237465,26.510263],[80.237457,26.510349],[80.237468,26.510412],[80.237515,26.510448],[80.237635,26.510466],[80.237755,26.510478],[80.237862,26.51048],[80.238001,26.510483],[80.238249,26.510492]]}},{"type":"Feature","properties":{"osmId":"way/1169297486","kind":"path","highway":"footway","name":null,"level":"0","floor":0,"bridge":false,"wheelchair":null},"geometry":{"type":"LineString","coordinates":[[80.238069,26.510076],[80.237993,26.51008],[80.237896,26.51008],[80.237792,26.510104],[80.237729,26.510139],[80.237674,26.510179],[80.237604,26.510207],[80.237525,26.510223],[80.23747,26.510225]]}},{"type":"Feature","properties":{"osmId":"way/1169297487","kind":"path","highway":"footway","name":null,"level":"0","floor":0,"bridge":false,"wheelchair":null},"geometry":{"type":"LineString","coordinates":[[80.238879,26.510488],[80.238882,26.51038],[80.23906,26.510375],[80.239175,26.510389]]}},{"type":"Feature","properties":{"osmId":"way/1489035674","kind":"road","highway":"cycleway","name":null,"level":"0","floor":0,"bridge":false,"wheelchair":null},"geometry":{"type":"LineString","coordinates":[[80.241791,26.510618],[80.241792,26.510645],[80.241793,26.510676]]}},{"type":"Feature","properties":{"osmId":"way/1489035675","kind":"road","highway":"cycleway","name":null,"level":"0","floor":0,"bridge":false,"wheelchair":null},"geometry":{"type":"LineString","coordinates":[[80.239491,26.510552],[80.239561,26.510553],[80.239737,26.510554],[80.239792,26.510577],[80.240059,26.510577],[80.240687,26.510578],[80.240872,26.510594],[80.240922,26.510599],[80.24113,26.510599],[80.241215,26.51062],[80.241791,26.510618]]}},{"type":"Feature","properties":{"osmId":"way/1489035676","kind":"road","highway":"cycleway","name":null,"level":"0","floor":0,"bridge":false,"wheelchair":null},"geometry":{"type":"LineString","coordinates":[[80.240102,26.510669],[80.240077,26.510615],[80.240059,26.510577]]}},{"type":"Feature","properties":{"osmId":"way/1489035677","kind":"road","highway":"cycleway","name":null,"level":"0","floor":0,"bridge":false,"wheelchair":null},"geometry":{"type":"LineString","coordinates":[[80.239875,26.510667],[80.239827,26.510615],[80.239792,26.510577]]}},{"type":"Feature","properties":{"osmId":"way/1489035683","kind":"path","highway":"footway","name":null,"level":"0","floor":0,"bridge":false,"wheelchair":null},"geometry":{"type":"LineString","coordinates":[[80.240687,26.510578],[80.240684,26.510603],[80.240672,26.510613],[80.24065,26.510621],[80.240077,26.510615],[80.239827,26.510615],[80.239614,26.510615],[80.239582,26.510603],[80.239564,26.510581],[80.239561,26.510553]]}},{"type":"Feature","properties":{"osmId":"way/54184356","kind":"road","highway":"unclassified","name":"IIT Kanpur Main Road","level":"0","floor":0,"bridge":false,"wheelchair":null},"geometry":{"type":"LineString","coordinates":[[80.235647,26.510478],[80.235963,26.510491],[80.236412,26.510656],[80.23734,26.510658],[80.237944,26.510659],[80.239308,26.510663],[80.239484,26.510664],[80.239795,26.510667],[80.239875,26.510667],[80.240102,26.510669],[80.240872,26.510677],[80.241793,26.510676],[80.242293,26.510673],[80.242987,26.510682],[80.243345,26.510687],[80.243676,26.510692],[80.243838,26.510694],[80.244251,26.510699],[80.244393,26.510701]]}},{"type":"Feature","properties":{"osmId":"way/54185602","kind":"road","highway":"residential","name":"Lane 24","level":"0","floor":0,"bridge":false,"wheelchair":null},"geometry":{"type":"LineString","coordinates":[[80.235386,26.507455],[80.235795,26.507462],[80.236405,26.507476],[80.237538,26.507493],[80.238664,26.507491],[80.239529,26.507495]]}},{"type":"Feature","properties":{"osmId":"way/152930187","kind":"path","highway":"footway","name":"IITK Academic Area Corridors","level":"0","floor":0,"bridge":false,"wheelchair":null},"geometry":{"type":"LineString","coordinates":[[80.233022,26.512373],[80.233015,26.512435],[80.23301,26.513425],[80.23301,26.513701],[80.233003,26.514006],[80.23302,26.514485],[80.233174,26.51452]]}},{"type":"Feature","properties":{"osmId":"way/152930193","kind":"road","highway":"residential","name":"Shopping Centre Road","level":"0","floor":0,"bridge":false,"wheelchair":null},"geometry":{"type":"LineString","coordinates":[[80.235337,26.511838],[80.23621,26.511855],[80.236457,26.511861],[80.236772,26.511971],[80.236951,26.511976],[80.236949,26.511922],[80.236956,26.51172],[80.236965,26.511538],[80.237946,26.511593]]}},{"type":"Feature","properties":{"osmId":"way/157018924","kind":"road","highway":"residential","name":null,"level":"0","floor":0,"bridge":false,"wheelchair":null},"geometry":{"type":"LineString","coordinates":[[80.235313,26.51383],[80.236038,26.513868],[80.237919,26.513961]]}},{"type":"Feature","properties":{"osmId":"way/157018932","kind":"road","highway":"residential","name":"Lane 25","level":"0","floor":0,"bridge":false,"wheelchair":null},"geometry":{"type":"LineString","coordinates":[[80.235392,26.50651],[80.236415,26.506533],[80.237483,26.506544],[80.238483,26.506529],[80.238614,26.50658],[80.23865,26.506628],[80.238667,26.506753],[80.238662,26.507184],[80.238664,26.507491]]}},{"type":"Feature","properties":{"osmId":"way/157018935","kind":"road","highway":"residential","name":"Lane 31","level":"0","floor":0,"bridge":false,"wheelchair":null},"geometry":{"type":"LineString","coordinates":[[80.242609,26.513471],[80.241095,26.512655],[80.241015,26.51262],[80.240716,26.512508],[80.240399,26.512434],[80.237942,26.512418]]}},{"type":"Feature","properties":{"osmId":"way/157018937","kind":"road","highway":"residential","name":null,"level":"0","floor":0,"bridge":false,"wheelchair":null},"geometry":{"type":"LineString","coordinates":[[80.241095,26.512655],[80.241257,26.512417],[80.241426,26.512218],[80.241654,26.512083],[80.242073,26.511864],[80.242141,26.511807],[80.242231,26.511733],[80.24226,26.51153],[80.242293,26.510673],[80.242295,26.510604],[80.242295,26.510584],[80.24231,26.509966],[80.242318,26.509699],[80.242333,26.509304],[80.242339,26.509145],[80.242352,26.508484],[80.242359,26.508108],[80.242351,26.508024]]}},{"type":"Feature","properties":{"osmId":"way/343977965","kind":"road","highway":"service","name":"6th Avenue","level":"0","floor":0,"bridge":false,"wheelchair":null},"geometry":{"type":"LineString","coordinates":[[80.230659,26.517992],[80.233075,26.518072],[80.23317,26.518082],[80.234918,26.518144],[80.235995,26.518176],[80.237748,26.518229],[80.237807,26.518205],[80.237843,26.518162],[80.237867,26.51813],[80.2379,26.517733],[80.237903,26.517124],[80.237905,26.516863],[80.237905,26.516423],[80.237905,26.515933],[80.2379,26.515552],[80.237927,26.515094],[80.237928,26.514844],[80.237931,26.514205],[80.237919,26.513961],[80.23792,26.513539],[80.237931,26.513291],[80.237935,26.512847],[80.237942,26.512418],[80.237934,26.512134],[80.237946,26.511593],[80.237944,26.510659]]}},{"type":"Feature","properties":{"osmId":"way/376447048","kind":"road","highway":"residential","name":null,"level":"0","floor":0,"bridge":false,"wheelchair":null},"geometry":{"type":"LineString","coordinates":[[80.242141,26.511807],[80.242436,26.511906],[80.24285,26.512096],[80.244065,26.512675],[80.244367,26.512806]]}},{"type":"Feature","properties":{"osmId":"way/376452004","kind":"road","highway":"service","name":null,"level":"0","floor":0,"bridge":false,"wheelchair":null},"geometry":{"type":"LineString","coordinates":[[80.23317,26.518082],[80.233182,26.518427],[80.233164,26.518689],[80.233128,26.519227],[80.233081,26.519266],[80.232968,26.519276],[80.232712,26.519273]]}},{"type":"Feature","properties":{"osmId":"way/376453660","kind":"road","highway":"residential","name":"Lane 12","level":"0","floor":0,"bridge":false,"wheelchair":null},"geometry":{"type":"LineString","coordinates":[[80.242351,26.508024],[80.242296,26.507999],[80.242077,26.508001],[80.241508,26.508006],[80.241258,26.508008],[80.240917,26.508011],[80.239526,26.508]]}},{"type":"Feature","properties":{"osmId":"way/432741226","kind":"road","highway":"service","name":null,"level":"0","floor":0,"bridge":false,"wheelchair":null},"geometry":{"type":"LineString","coordinates":[[80.235354,26.509946],[80.235761,26.509946],[80.23576,26.5097],[80.235759,26.509501]]}},{"type":"Feature","properties":{"osmId":"way/682696040","kind":"road","highway":"residential","name":null,"level":"0","floor":0,"bridge":false,"wheelchair":null},"geometry":{"type":"LineString","coordinates":[[80.241504,26.507092],[80.241783,26.507315],[80.242128,26.50759],[80.242283,26.507714]]}},{"type":"Feature","properties":{"osmId":"way/682696043","kind":"road","highway":"residential","name":null,"level":"0","floor":0,"bridge":false,"wheelchair":null},"geometry":{"type":"LineString","coordinates":[[80.240129,26.506302],[80.240756,26.507073],[80.241015,26.507336],[80.241092,26.507408],[80.24111,26.507411],[80.241133,26.507405],[80.241326,26.507242],[80.241504,26.507092],[80.241742,26.506876],[80.241817,26.50682],[80.241858,26.506814],[80.241904,26.506836],[80.242057,26.506946],[80.242305,26.506747],[80.242684,26.506387],[80.243056,26.506085]]}},{"type":"Feature","properties":{"osmId":"way/952257794","kind":"road","highway":"residential","name":null,"level":"0","floor":0,"bridge":false,"wheelchair":null},"geometry":{"type":"LineString","coordinates":[[80.235995,26.518176],[80.235963,26.518784],[80.235976,26.518856],[80.236008,26.518894],[80.236148,26.518923],[80.238656,26.519042],[80.238901,26.519082],[80.239154,26.519123],[80.23942,26.519224],[80.240014,26.519608],[80.240088,26.519654]]}},{"type":"Feature","properties":{"osmId":"way/952266842","kind":"road","highway":"service","name":null,"level":"0","floor":0,"bridge":false,"wheelchair":null},"geometry":{"type":"LineString","coordinates":[[80.238901,26.519082],[80.238822,26.519338],[80.238757,26.519471],[80.238739,26.51953],[80.238744,26.519571],[80.238784,26.519624],[80.238881,26.519665],[80.239175,26.519817]]}},{"type":"Feature","properties":{"osmId":"way/953367205","kind":"road","highway":"residential","name":null,"level":"0","floor":0,"bridge":false,"wheelchair":null},"geometry":{"type":"LineString","coordinates":[[80.242128,26.50759],[80.242297,26.507431],[80.242411,26.507323],[80.242436,26.507312],[80.242464,26.507311],[80.242486,26.50732],[80.242511,26.507336],[80.242808,26.507611]]}},{"type":"Feature","properties":{"osmId":"way/953379388","kind":"road","highway":"residential","name":null,"level":"0","floor":0,"bridge":false,"wheelchair":null},"geometry":{"type":"LineString","coordinates":[[80.242295,26.518688],[80.242222,26.518762],[80.242196,26.518789],[80.242189,26.51882],[80.242199,26.518849],[80.242332,26.518949],[80.242547,26.519141],[80.242657,26.519271],[80.242742,26.519383],[80.242855,26.519549],[80.242891,26.519594],[80.242933,26.519638],[80.242981,26.519677],[80.243062,26.519736],[80.243296,26.519879],[80.243459,26.519986],[80.24386,26.520242],[80.243999,26.520337],[80.244068,26.520377],[80.244119,26.520398],[80.24417,26.520406],[80.244206,26.5204],[80.244251,26.520383],[80.244334,26.52034],[80.244369,26.520329],[80.244394,26.520325],[80.244421,26.520329],[80.24445,26.520341],[80.24484,26.520757]]}},{"type":"Feature","properties":{"osmId":"way/953379391","kind":"road","highway":"residential","name":null,"level":"0","floor":0,"bridge":false,"wheelchair":null},"geometry":{"type":"LineString","coordinates":[[80.241823,26.507063],[80.241935,26.507163],[80.242297,26.507431]]}},{"type":"Feature","properties":{"osmId":"way/978024821","kind":"road","highway":"cycleway","name":null,"level":"0","floor":0,"bridge":false,"wheelchair":"yes"},"geometry":{"type":"LineString","coordinates":[[80.2339,26.512996],[80.234175,26.512805],[80.234176,26.51238],[80.234178,26.512269],[80.234181,26.51212],[80.234191,26.511668],[80.234204,26.511519],[80.234377,26.511524],[80.234378,26.511127],[80.234473,26.511034]]}},{"type":"Feature","properties":{"osmId":"way/978024822","kind":"path","highway":"footway","name":null,"level":"0","floor":0,"bridge":false,"wheelchair":null},"geometry":{"type":"LineString","coordinates":[[80.234755,26.513083],[80.234763,26.512598],[80.234729,26.512385]]}},{"type":"Feature","properties":{"osmId":"way/1135362013","kind":"road","highway":"cycleway","name":null,"level":"0","floor":0,"bridge":false,"wheelchair":"yes"},"geometry":{"type":"LineString","coordinates":[[80.232705,26.511789],[80.232893,26.511786],[80.23309,26.511783],[80.233361,26.511778],[80.233365,26.511958],[80.233371,26.512108],[80.233398,26.512136],[80.2335,26.51219],[80.233516,26.512218],[80.233517,26.512265],[80.233519,26.512321],[80.233526,26.512506],[80.233523,26.512677]]}},{"type":"Feature","properties":{"osmId":"way/1135362018","kind":"road","highway":"cycleway","name":null,"level":"0","floor":0,"bridge":false,"wheelchair":null},"geometry":{"type":"LineString","coordinates":[[80.232603,26.512382],[80.23258,26.512556],[80.232501,26.51264],[80.232377,26.512673]]}},{"type":"Feature","properties":{"osmId":"way/1136100078","kind":"road","highway":"service","name":null,"level":"0","floor":0,"bridge":false,"wheelchair":null},"geometry":{"type":"LineString","coordinates":[[80.23533,26.512854],[80.23535,26.512857],[80.235897,26.512861]]}},{"type":"Feature","properties":{"osmId":"way/1136100089","kind":"road","highway":"residential","name":null,"level":"0","floor":0,"bridge":false,"wheelchair":null},"geometry":{"type":"LineString","coordinates":[[80.230886,26.512662],[80.230899,26.511117]]}},{"type":"Feature","properties":{"osmId":"way/1136930283","kind":"road","highway":"service","name":null,"level":"0","floor":0,"bridge":false,"wheelchair":null},"geometry":{"type":"LineString","coordinates":[[80.235374,26.508349],[80.235491,26.508352],[80.235901,26.508356],[80.235939,26.508418],[80.236078,26.508428]]}},{"type":"Feature","properties":{"osmId":"way/1143822533","kind":"road","highway":"service","name":"4th Avenue","level":"0","floor":0,"bridge":false,"wheelchair":null},"geometry":{"type":"LineString","coordinates":[[80.235337,26.511838],[80.235336,26.512043],[80.23533,26.512854],[80.235326,26.513095],[80.235313,26.51383],[80.235288,26.514985]]}},{"type":"Feature","properties":{"osmId":"way/1144794391","kind":"road","highway":"residential","name":"Lane 11","level":"0","floor":0,"bridge":false,"wheelchair":null},"geometry":{"type":"LineString","coordinates":[[80.24231,26.509966],[80.241447,26.509943],[80.240882,26.509927]]}},{"type":"Feature","properties":{"osmId":"way/1162995983","kind":"road","highway":"service","name":null,"level":"0","floor":0,"bridge":false,"wheelchair":null},"geometry":{"type":"LineString","coordinates":[[80.2409,26.508944],[80.242042,26.508965],[80.242042,26.509297],[80.242333,26.509304]]}},{"type":"Feature","properties":{"osmId":"way/1188032239","kind":"road","highway":"service","name":"6th Avenue","level":"0","floor":0,"bridge":false,"wheelchair":null},"geometry":{"type":"LineString","coordinates":[[80.230707,26.512401],[80.230706,26.512494],[80.230706,26.51266],[80.230697,26.513551],[80.230686,26.514443],[80.230678,26.515016],[80.23068,26.515083],[80.230677,26.51548],[80.230667,26.516894],[80.23066,26.517908],[80.230659,26.517992]]}},{"type":"Feature","properties":{"osmId":"way/1489035671","kind":"road","highway":"cycleway","name":null,"level":"0","floor":0,"bridge":false,"wheelchair":null},"geometry":{"type":"LineString","coordinates":[[80.244496,26.510608],[80.244445,26.510608],[80.243624,26.510595],[80.243541,26.510613],[80.242836,26.510603],[80.242295,26.510584],[80.241847,26.510591],[80.241791,26.510618]]}},{"type":"Feature","properties":{"osmId":"way/1489035673","kind":"path","highway":"footway","name":null,"level":"0","floor":0,"bridge":false,"wheelchair":null},"geometry":{"type":"LineString","coordinates":[[80.246158,26.510707],[80.2452,26.510687],[80.245026,26.510679],[80.244992,26.510672],[80.244964,26.510654],[80.244893,26.510595],[80.244865,26.510576],[80.244838,26.510569],[80.244533,26.510566],[80.244504,26.51057],[80.244484,26.510581],[80.244445,26.510608],[80.244403,26.510642],[80.24438,26.510646],[80.243585,26.510639],[80.242898,26.510635],[80.242375,26.510627],[80.242333,26.510606],[80.242295,26.510604],[80.242244,26.510601],[80.242209,26.510643],[80.241792,26.510645],[80.240946,26.51064],[80.240931,26.510638],[80.240923,26.510625],[80.240922,26.510599]]}},{"type":"Feature","properties":{"osmId":"way/54185586","kind":"road","highway":"service","name":null,"level":"0","floor":0,"bridge":false,"wheelchair":null},"geometry":{"type":"LineString","coordinates":[[80.235288,26.514985],[80.235246,26.515024],[80.235173,26.51504],[80.234668,26.515042],[80.234606,26.515042],[80.233535,26.515047],[80.232321,26.51504],[80.231979,26.515038],[80.231404,26.515028],[80.23088,26.515017],[80.230678,26.515016]]}},{"type":"Feature","properties":{"osmId":"way/152918025","kind":"road","highway":"service","name":null,"level":"0","floor":0,"bridge":false,"wheelchair":null},"geometry":{"type":"LineString","coordinates":[[80.234975,26.513086],[80.234854,26.513352],[80.234852,26.513844],[80.234808,26.513875],[80.234755,26.513875],[80.234724,26.51386],[80.234702,26.513823],[80.234697,26.513519],[80.234854,26.513352]]}},{"type":"Feature","properties":{"osmId":"way/152918026","kind":"road","highway":"service","name":null,"level":"0","floor":0,"bridge":false,"wheelchair":null},"geometry":{"type":"LineString","coordinates":[[80.235326,26.513095],[80.235258,26.513093],[80.234975,26.513086],[80.234755,26.513083],[80.234161,26.513079],[80.233897,26.513085],[80.233776,26.513085],[80.233654,26.513083],[80.233518,26.51308]]}},{"type":"Feature","properties":{"osmId":"way/152930186","kind":"path","highway":"footway","name":"IITK Academic Area Corridors","level":"0","floor":0,"bridge":false,"wheelchair":null},"geometry":{"type":"LineString","coordinates":[[80.232362,26.513684],[80.23301,26.513701],[80.233645,26.513695],[80.234136,26.513683]]}},{"type":"Feature","properties":{"osmId":"way/203657934","kind":"road","highway":"service","name":null,"level":"0","floor":0,"bridge":false,"wheelchair":null},"geometry":{"type":"LineString","coordinates":[[80.230697,26.513551],[80.230887,26.513548],[80.231402,26.513541],[80.231542,26.513545],[80.231735,26.513551],[80.231879,26.51352],[80.231907,26.513514],[80.231941,26.513513],[80.232199,26.513509],[80.23301,26.513425],[80.233354,26.513394],[80.23356,26.51344],[80.233593,26.513467],[80.23363,26.513496],[80.233645,26.513695]]}},{"type":"Feature","properties":{"osmId":"way/203657935","kind":"road","highway":"service","name":null,"level":"0","floor":0,"bridge":false,"wheelchair":null},"geometry":{"type":"LineString","coordinates":[[80.234161,26.513079],[80.23413,26.513151],[80.234136,26.513683]]}},{"type":"Feature","properties":{"osmId":"way/203657937","kind":"path","highway":"footway","name":null,"level":"0","floor":0,"bridge":false,"wheelchair":null},"geometry":{"type":"LineString","coordinates":[[80.233003,26.514006],[80.232397,26.514609]]}},{"type":"Feature","properties":{"osmId":"way/203657938","kind":"road","highway":"service","name":null,"level":"0","floor":0,"bridge":false,"wheelchair":null},"geometry":{"type":"LineString","coordinates":[[80.231979,26.515038],[80.231986,26.514579],[80.231999,26.513963],[80.232035,26.51387],[80.232134,26.513846],[80.232271,26.513846],[80.232629,26.513858],[80.232779,26.513916],[80.233003,26.514006]]}},{"type":"Feature","properties":{"osmId":"way/376447044","kind":"road","highway":"service","name":null,"level":"0","floor":0,"bridge":false,"wheelchair":null},"geometry":{"type":"LineString","coordinates":[[80.233518,26.51308],[80.233519,26.512865],[80.23378,26.512871],[80.233776,26.513085]]}},{"type":"Feature","properties":{"osmId":"way/376451997","kind":"road","highway":"service","name":null,"level":"0","floor":0,"bridge":false,"wheelchair":null},"geometry":{"type":"LineString","coordinates":[[80.233182,26.518427],[80.232536,26.518498],[80.23213,26.518538],[80.232075,26.518562],[80.232056,26.518603],[80.2321,26.519054]]}},{"type":"Feature","properties":{"osmId":"way/432736461","kind":"road","highway":"cycleway","name":null,"level":"0","floor":0,"bridge":false,"wheelchair":null},"geometry":{"type":"LineString","coordinates":[[80.23413,26.513151],[80.233973,26.513145],[80.233828,26.513151],[80.233788,26.513222],[80.233725,26.513291],[80.233655,26.513364],[80.233593,26.513467]]}},{"type":"Feature","properties":{"osmId":"way/432736462","kind":"road","highway":"cycleway","name":null,"level":"0","floor":0,"bridge":false,"wheelchair":null},"geometry":{"type":"LineString","coordinates":[[80.233655,26.513364],[80.233654,26.513152],[80.233654,26.513083]]}},{"type":"Feature","properties":{"osmId":"way/432736463","kind":"road","highway":"cycleway","name":null,"level":"0","floor":0,"bridge":false,"wheelchair":null},"geometry":{"type":"LineString","coordinates":[[80.233654,26.513152],[80.233828,26.513151]]}},{"type":"Feature","properties":{"osmId":"way/432738553","kind":"road","highway":"service","name":null,"level":"0","floor":0,"bridge":false,"wheelchair":null},"geometry":{"type":"LineString","coordinates":[[80.23378,26.512871],[80.233783,26.512687],[80.233908,26.512689],[80.2339,26.512996],[80.233897,26.513085]]}},{"type":"Feature","properties":{"osmId":"way/610553017","kind":"road","highway":"residential","name":null,"level":"0","floor":0,"bridge":false,"wheelchair":null},"geometry":{"type":"LineString","coordinates":[[80.231404,26.515028],[80.2314,26.51523],[80.231388,26.515538],[80.231374,26.515899],[80.231352,26.516415],[80.231379,26.516826],[80.23129,26.516855],[80.231191,26.516877],[80.230667,26.516894]]}},{"type":"Feature","properties":{"osmId":"way/610553018","kind":"road","highway":"residential","name":null,"level":"0","floor":0,"bridge":false,"wheelchair":null},"geometry":{"type":"LineString","coordinates":[[80.2314,26.51523],[80.231225,26.515305],[80.231184,26.515355],[80.231176,26.515537],[80.231388,26.515538]]}},{"type":"Feature","properties":{"osmId":"way/610553019","kind":"road","highway":"residential","name":null,"level":"0","floor":0,"bridge":false,"wheelchair":null},"geometry":{"type":"LineString","coordinates":[[80.231374,26.515899],[80.232318,26.515876],[80.232321,26.51504]]}},{"type":"Feature","properties":{"osmId":"way/952243643","kind":"road","highway":"residential","name":null,"level":"0","floor":0,"bridge":false,"wheelchair":null},"geometry":{"type":"LineString","coordinates":[[80.22919,26.515188],[80.229753,26.514786]]}},{"type":"Feature","properties":{"osmId":"way/952257760","kind":"road","highway":"residential","name":null,"level":"0","floor":0,"bridge":false,"wheelchair":null},"geometry":{"type":"LineString","coordinates":[[80.231379,26.516826],[80.231689,26.516844],[80.232359,26.516831],[80.232969,26.516819],[80.233066,26.516827],[80.233107,26.516854],[80.233121,26.516906],[80.233075,26.518072]]}},{"type":"Feature","properties":{"osmId":"way/952266847","kind":"road","highway":"residential","name":null,"level":"0","floor":0,"bridge":false,"wheelchair":null},"geometry":{"type":"LineString","coordinates":[[80.233535,26.515047],[80.233535,26.515934],[80.233535,26.516566],[80.234136,26.51656]]}},{"type":"Feature","properties":{"osmId":"way/978944335","kind":"road","highway":"service","name":null,"level":"0","floor":0,"bridge":false,"wheelchair":null},"geometry":{"type":"LineString","coordinates":[[80.231879,26.51352],[80.231901,26.512672]]}},{"type":"Feature","properties":{"osmId":"way/1135339094","kind":"road","highway":"service","name":null,"level":"0","floor":0,"bridge":false,"wheelchair":null},"geometry":{"type":"LineString","coordinates":[[80.231901,26.512672],[80.230886,26.512662],[80.230706,26.51266]]}},{"type":"Feature","properties":{"osmId":"way/1135339095","kind":"road","highway":"service","name":null,"level":"0","floor":0,"bridge":false,"wheelchair":null},"geometry":{"type":"LineString","coordinates":[[80.231901,26.512672],[80.232377,26.512673]]}},{"type":"Feature","properties":{"osmId":"way/1135362017","kind":"road","highway":"service","name":null,"level":"0","floor":0,"bridge":false,"wheelchair":null},"geometry":{"type":"LineString","coordinates":[[80.233519,26.512865],[80.233523,26.512677],[80.233783,26.512687]]}},{"type":"Feature","properties":{"osmId":"way/1136100079","kind":"road","highway":"cycleway","name":null,"level":"0","floor":0,"bridge":false,"wheelchair":null},"geometry":{"type":"LineString","coordinates":[[80.234136,26.513683],[80.234139,26.513863],[80.234445,26.513861],[80.234516,26.513861],[80.234724,26.51386]]}},{"type":"Feature","properties":{"osmId":"way/1136100083","kind":"road","highway":"cycleway","name":null,"level":"0","floor":0,"bridge":false,"wheelchair":null},"geometry":{"type":"LineString","coordinates":[[80.234516,26.513861],[80.234519,26.514575]]}},{"type":"Feature","properties":{"osmId":"way/1136100084","kind":"road","highway":"service","name":null,"level":"0","floor":0,"bridge":false,"wheelchair":null},"geometry":{"type":"LineString","coordinates":[[80.234606,26.515042],[80.2346,26.514574],[80.234519,26.514575],[80.234318,26.514578]]}},{"type":"Feature","properties":{"osmId":"way/1136100085","kind":"path","highway":"footway","name":null,"level":"0","floor":0,"bridge":false,"wheelchair":null},"geometry":{"type":"LineString","coordinates":[[80.234445,26.513861],[80.234446,26.513904],[80.234324,26.514041]]}},{"type":"Feature","properties":{"osmId":"way/1143822536","kind":"road","highway":"service","name":null,"level":"0","floor":0,"bridge":false,"wheelchair":null},"geometry":{"type":"LineString","coordinates":[[80.232035,26.51387],[80.231962,26.513792],[80.231941,26.513513]]}},{"type":"Feature","properties":{"osmId":"way/1158746632","kind":"road","highway":"residential","name":null,"level":"0","floor":0,"bridge":false,"wheelchair":null},"geometry":{"type":"LineString","coordinates":[[80.231176,26.515537],[80.230858,26.51553],[80.230677,26.51548]]}},{"type":"Feature","properties":{"osmId":"way/1163508889","kind":"road","highway":"residential","name":null,"level":"0","floor":0,"bridge":false,"wheelchair":null},"geometry":{"type":"LineString","coordinates":[[80.23088,26.515017],[80.230882,26.514442],[80.230887,26.513548],[80.230886,26.512662]]}},{"type":"Feature","properties":{"osmId":"way/1163508890","kind":"road","highway":"service","name":null,"level":"0","floor":0,"bridge":false,"wheelchair":null},"geometry":{"type":"LineString","coordinates":[[80.230686,26.514443],[80.230882,26.514442],[80.231576,26.514445],[80.231986,26.514579]]}},{"type":"Feature","properties":{"osmId":"way/1465113055","kind":"road","highway":"unclassified","name":"DJACK Access","level":"0","floor":0,"bridge":false,"wheelchair":null},"geometry":{"type":"LineString","coordinates":[[80.232318,26.515876],[80.232314,26.516177],[80.232329,26.516525],[80.232359,26.516831]]}},{"type":"Feature","properties":{"osmId":"way/1489183426","kind":"road","highway":"service","name":null,"level":"0","floor":0,"bridge":false,"wheelchair":null},"geometry":{"type":"LineString","coordinates":[[80.235246,26.515024],[80.235298,26.515087],[80.235299,26.51516],[80.235293,26.515318]]}},{"type":"Feature","properties":{"osmId":"way/157018923","kind":"road","highway":"residential","name":null,"level":"0","floor":0,"bridge":false,"wheelchair":null},"geometry":{"type":"LineString","coordinates":[[80.239896,26.518679],[80.239946,26.518637],[80.240374,26.517974],[80.24088,26.517282],[80.241413,26.516537],[80.241954,26.515804],[80.24226,26.515374]]}},{"type":"Feature","properties":{"osmId":"way/157018926","kind":"road","highway":"residential","name":"Lane 34","level":"0","floor":0,"bridge":false,"wheelchair":null},"geometry":{"type":"LineString","coordinates":[[80.241413,26.516537],[80.239566,26.515544],[80.239038,26.515267],[80.238403,26.51514],[80.237927,26.515094]]}},{"type":"Feature","properties":{"osmId":"way/157018927","kind":"road","highway":"residential","name":"Lane 32","level":"0","floor":0,"bridge":false,"wheelchair":null},"geometry":{"type":"LineString","coordinates":[[80.237931,26.513291],[80.238905,26.513304],[80.239822,26.5133],[80.24027,26.513322],[80.240605,26.513405],[80.24109,26.513683]]}},{"type":"Feature","properties":{"osmId":"way/157018929","kind":"road","highway":"residential","name":"Lane 36","level":"0","floor":0,"bridge":false,"wheelchair":null},"geometry":{"type":"LineString","coordinates":[[80.240374,26.517974],[80.238938,26.517198],[80.238509,26.516976],[80.238249,26.516897],[80.237905,26.516863]]}},{"type":"Feature","properties":{"osmId":"way/157018930","kind":"road","highway":"residential","name":"Lane 35","level":"0","floor":0,"bridge":false,"wheelchair":null},"geometry":{"type":"LineString","coordinates":[[80.24088,26.517282],[80.239967,26.516761],[80.238897,26.516164],[80.23841,26.516013],[80.237905,26.515933]]}},{"type":"Feature","properties":{"osmId":"way/157018936","kind":"road","highway":"residential","name":"Lane 33","level":"0","floor":0,"bridge":false,"wheelchair":null},"geometry":{"type":"LineString","coordinates":[[80.241954,26.515804],[80.239874,26.514677],[80.239794,26.514601],[80.239777,26.514536],[80.239794,26.514461],[80.239835,26.514363],[80.239854,26.514261]]}},{"type":"Feature","properties":{"osmId":"way/376453656","kind":"road","highway":"residential","name":null,"level":"0","floor":0,"bridge":false,"wheelchair":null},"geometry":{"type":"LineString","coordinates":[[80.240605,26.513405],[80.241095,26.512655]]}},{"type":"Feature","properties":{"osmId":"way/432733927","kind":"path","highway":"footway","name":"Lane 30B","level":"0","floor":0,"bridge":false,"wheelchair":null},"geometry":{"type":"LineString","coordinates":[[80.237935,26.512847],[80.237635,26.512843],[80.237181,26.512837],[80.236978,26.512834]]}},{"type":"Feature","properties":{"osmId":"way/432733928","kind":"path","highway":"footway","name":"Lane 30C","level":"0","floor":0,"bridge":false,"wheelchair":null},"geometry":{"type":"LineString","coordinates":[[80.23792,26.513539],[80.237623,26.513539],[80.237183,26.513541],[80.236966,26.51354]]}},{"type":"Feature","properties":{"osmId":"way/432733929","kind":"path","highway":"path","name":null,"level":"0","floor":0,"bridge":false,"wheelchair":null},"geometry":{"type":"LineString","coordinates":[[80.237181,26.512837],[80.237188,26.512726]]}},{"type":"Feature","properties":{"osmId":"way/432733930","kind":"path","highway":"path","name":null,"level":"0","floor":0,"bridge":false,"wheelchair":null},"geometry":{"type":"LineString","coordinates":[[80.237181,26.512837],[80.237178,26.51294]]}},{"type":"Feature","properties":{"osmId":"way/432733931","kind":"path","highway":"path","name":null,"level":"0","floor":0,"bridge":false,"wheelchair":null},"geometry":{"type":"LineString","coordinates":[[80.237635,26.512843],[80.237635,26.512728]]}},{"type":"Feature","properties":{"osmId":"way/432733932","kind":"path","highway":"path","name":null,"level":"0","floor":0,"bridge":false,"wheelchair":null},"geometry":{"type":"LineString","coordinates":[[80.237635,26.512843],[80.237632,26.512938]]}},{"type":"Feature","properties":{"osmId":"way/432733933","kind":"path","highway":"path","name":null,"level":"0","floor":0,"bridge":false,"wheelchair":null},"geometry":{"type":"LineString","coordinates":[[80.237623,26.513539],[80.237627,26.513427]]}},{"type":"Feature","properties":{"osmId":"way/432733934","kind":"path","highway":"path","name":null,"level":"0","floor":0,"bridge":false,"wheelchair":null},"geometry":{"type":"LineString","coordinates":[[80.237623,26.513539],[80.237619,26.513642]]}},{"type":"Feature","properties":{"osmId":"way/432733935","kind":"path","highway":"path","name":null,"level":"0","floor":0,"bridge":false,"wheelchair":null},"geometry":{"type":"LineString","coordinates":[[80.237183,26.513541],[80.237183,26.513437],[80.237184,26.513422]]}},{"type":"Feature","properties":{"osmId":"way/432733936","kind":"path","highway":"path","name":null,"level":"0","floor":0,"bridge":false,"wheelchair":null},"geometry":{"type":"LineString","coordinates":[[80.237183,26.513541],[80.23718,26.513635]]}},{"type":"Feature","properties":{"osmId":"way/432738554","kind":"path","highway":"footway","name":"Lane 30E","level":"0","floor":0,"bridge":false,"wheelchair":null},"geometry":{"type":"LineString","coordinates":[[80.2379,26.515552],[80.236967,26.515539]]}},{"type":"Feature","properties":{"osmId":"way/432738556","kind":"path","highway":"footway","name":"Lane 30F","level":"0","floor":0,"bridge":false,"wheelchair":null},"geometry":{"type":"LineString","coordinates":[[80.237905,26.516423],[80.236959,26.516414]]}},{"type":"Feature","properties":{"osmId":"way/432738557","kind":"path","highway":"footway","name":"Lane 30G","level":"0","floor":0,"bridge":false,"wheelchair":null},"geometry":{"type":"LineString","coordinates":[[80.237903,26.517124],[80.236947,26.517124]]}},{"type":"Feature","properties":{"osmId":"way/432890379","kind":"path","highway":"footway","name":"Lane 30D","level":"0","floor":0,"bridge":false,"wheelchair":null},"geometry":{"type":"LineString","coordinates":[[80.237928,26.514844],[80.236973,26.51482]]}},{"type":"Feature","properties":{"osmId":"way/1135359367","kind":"road","highway":"residential","name":"Lane 37","level":"0","floor":0,"bridge":false,"wheelchair":null},"geometry":{"type":"LineString","coordinates":[[80.2379,26.517733],[80.237998,26.517751],[80.238127,26.517787],[80.239712,26.518671],[80.239804,26.518696],[80.239896,26.518679]]}},{"type":"Feature","properties":{"osmId":"way/1136985741","kind":"road","highway":"residential","name":"Lane 33","level":"0","floor":0,"bridge":false,"wheelchair":null},"geometry":{"type":"LineString","coordinates":[[80.24226,26.515374],[80.240136,26.514205],[80.240002,26.514186],[80.239854,26.514261],[80.239781,26.514229],[80.238389,26.514189],[80.237931,26.514205]]}},{"type":"Feature","properties":{"osmId":"way/1138638729","kind":"road","highway":"service","name":null,"level":"0","floor":0,"bridge":false,"wheelchair":null},"geometry":{"type":"LineString","coordinates":[[80.236038,26.513868],[80.236049,26.51331],[80.236341,26.513313]]}},{"type":"Feature","properties":{"osmId":"way/667061514","kind":"road","highway":"residential","name":null,"level":"0","floor":0,"bridge":false,"wheelchair":null},"geometry":{"type":"LineString","coordinates":[[80.243564,26.499322],[80.243739,26.499248],[80.244193,26.499058]]}},{"type":"Feature","properties":{"osmId":"way/671206669","kind":"road","highway":"residential","name":null,"level":"0","floor":0,"bridge":false,"wheelchair":null},"geometry":{"type":"LineString","coordinates":[[80.243409,26.495776],[80.243,26.496057],[80.242676,26.49628]]}},{"type":"Feature","properties":{"osmId":"way/671206670","kind":"road","highway":"residential","name":null,"level":"0","floor":0,"bridge":false,"wheelchair":null},"geometry":{"type":"LineString","coordinates":[[80.243769,26.496173],[80.243409,26.495776],[80.243006,26.495387],[80.2427,26.495099]]}},{"type":"Feature","properties":{"osmId":"way/671417962","kind":"road","highway":"residential","name":null,"level":"0","floor":0,"bridge":false,"wheelchair":null},"geometry":{"type":"LineString","coordinates":[[80.245308,26.4951],[80.244378,26.494151],[80.244248,26.494216],[80.24422,26.494215],[80.244198,26.4942],[80.243933,26.493828]]}},{"type":"Feature","properties":{"osmId":"way/682696030","kind":"road","highway":"residential","name":null,"level":"0","floor":0,"bridge":false,"wheelchair":null},"geometry":{"type":"LineString","coordinates":[[80.247065,26.499023],[80.247477,26.49893],[80.247812,26.49884],[80.248203,26.498751]]}},{"type":"Feature","properties":{"osmId":"way/682696041","kind":"road","highway":"residential","name":null,"level":"0","floor":0,"bridge":false,"wheelchair":null},"geometry":{"type":"LineString","coordinates":[[80.247065,26.499023],[80.246605,26.499126],[80.246558,26.499136],[80.246245,26.499207],[80.24615,26.499228],[80.2459,26.499274],[80.24575,26.499313],[80.245634,26.499343],[80.245555,26.4994],[80.245504,26.499436]]}},{"type":"Feature","properties":{"osmId":"way/682696318","kind":"road","highway":"residential","name":null,"level":"0","floor":0,"bridge":false,"wheelchair":null},"geometry":{"type":"LineString","coordinates":[[80.244261,26.499155],[80.245117,26.498729],[80.245255,26.498666],[80.245279,26.498671],[80.245302,26.498693],[80.245634,26.499343]]}},{"type":"Feature","properties":{"osmId":"way/953324759","kind":"road","highway":"residential","name":null,"level":"0","floor":0,"bridge":false,"wheelchair":null},"geometry":{"type":"LineString","coordinates":[[80.244798,26.49545],[80.244528,26.495167],[80.24425,26.494853],[80.244028,26.494604],[80.243929,26.494492]]}},{"type":"Feature","properties":{"osmId":"way/953324765","kind":"road","highway":"residential","name":null,"level":"0","floor":0,"bridge":false,"wheelchair":null},"geometry":{"type":"LineString","coordinates":[[80.244134,26.495924],[80.243981,26.495443],[80.24396,26.495392],[80.243934,26.495335],[80.24389,26.495255],[80.243844,26.495185],[80.24377,26.495087],[80.243346,26.494627]]}},{"type":"Feature","properties":{"osmId":"way/953324766","kind":"road","highway":"residential","name":null,"level":"0","floor":0,"bridge":false,"wheelchair":null},"geometry":{"type":"LineString","coordinates":[[80.243006,26.495387],[80.243489,26.495063]]}},{"type":"Feature","properties":{"osmId":"way/953325780","kind":"road","highway":"residential","name":null,"level":"0","floor":0,"bridge":false,"wheelchair":null},"geometry":{"type":"LineString","coordinates":[[80.243453,26.495564],[80.243454,26.495483],[80.243467,26.495456],[80.243493,26.495444],[80.243934,26.495335]]}},{"type":"Feature","properties":{"osmId":"way/953325782","kind":"road","highway":"residential","name":null,"level":"0","floor":0,"bridge":false,"wheelchair":null},"geometry":{"type":"LineString","coordinates":[[80.244528,26.495167],[80.244764,26.494952]]}},{"type":"Feature","properties":{"osmId":"way/953329122","kind":"road","highway":"residential","name":null,"level":"0","floor":0,"bridge":false,"wheelchair":null},"geometry":{"type":"LineString","coordinates":[[80.244782,26.497551],[80.245035,26.497398],[80.245606,26.497052]]}},{"type":"Feature","properties":{"osmId":"way/953329123","kind":"road","highway":"residential","name":null,"level":"0","floor":0,"bridge":false,"wheelchair":null},"geometry":{"type":"LineString","coordinates":[[80.245001,26.495986],[80.245486,26.495638],[80.245621,26.495541],[80.245631,26.495524],[80.245621,26.495497],[80.245308,26.4951]]}},{"type":"Feature","properties":{"osmId":"way/953329124","kind":"road","highway":"residential","name":null,"level":"0","floor":0,"bridge":false,"wheelchair":null},"geometry":{"type":"LineString","coordinates":[[80.245952,26.497767],[80.245788,26.497363],[80.24575,26.497288],[80.245701,26.4972],[80.245606,26.497052],[80.245534,26.496947],[80.245457,26.496824],[80.245339,26.496636],[80.24513,26.496249],[80.245001,26.495986],[80.244735,26.495494]]}},{"type":"Feature","properties":{"osmId":"way/953329125","kind":"road","highway":"residential","name":null,"level":"0","floor":0,"bridge":false,"wheelchair":null},"geometry":{"type":"LineString","coordinates":[[80.244242,26.496467],[80.243932,26.496057]]}},{"type":"Feature","properties":{"osmId":"way/953329126","kind":"road","highway":"residential","name":null,"level":"0","floor":0,"bridge":false,"wheelchair":null},"geometry":{"type":"LineString","coordinates":[[80.24414,26.49654],[80.244242,26.496467],[80.244545,26.496261],[80.244775,26.496105],[80.244792,26.496081],[80.244781,26.496046],[80.244504,26.495654]]}},{"type":"Feature","properties":{"osmId":"way/953329127","kind":"road","highway":"residential","name":null,"level":"0","floor":0,"bridge":false,"wheelchair":null},"geometry":{"type":"LineString","coordinates":[[80.243558,26.49793],[80.243905,26.497847],[80.243926,26.497836],[80.243935,26.497812],[80.243927,26.497766],[80.243901,26.49771],[80.24385,26.497626],[80.243652,26.497343],[80.243644,26.497317],[80.243646,26.497292],[80.243669,26.497247],[80.24367,26.497219],[80.243662,26.497196],[80.24347,26.496945]]}},{"type":"Feature","properties":{"osmId":"way/953329128","kind":"road","highway":"residential","name":null,"level":"0","floor":0,"bridge":false,"wheelchair":null},"geometry":{"type":"LineString","coordinates":[[80.244003,26.496798],[80.243891,26.496645],[80.243606,26.496286]]}},{"type":"Feature","properties":{"osmId":"way/953329129","kind":"road","highway":"residential","name":null,"level":"0","floor":0,"bridge":false,"wheelchair":null},"geometry":{"type":"LineString","coordinates":[[80.243149,26.497151],[80.24347,26.496945],[80.243891,26.496645]]}},{"type":"Feature","properties":{"osmId":"way/953329130","kind":"road","highway":"residential","name":null,"level":"0","floor":0,"bridge":false,"wheelchair":null},"geometry":{"type":"LineString","coordinates":[[80.243663,26.498199],[80.243611,26.49802],[80.243586,26.497969],[80.243558,26.49793],[80.243527,26.497889],[80.243514,26.497848],[80.243506,26.497715],[80.243503,26.497677],[80.243492,26.497631],[80.24347,26.497587],[80.243149,26.497151],[80.242881,26.496799]]}},{"type":"Feature","properties":{"osmId":"way/953329131","kind":"road","highway":"residential","name":null,"level":"0","floor":0,"bridge":false,"wheelchair":null},"geometry":{"type":"LineString","coordinates":[[80.242596,26.496991],[80.243305,26.497709]]}},{"type":"Feature","properties":{"osmId":"way/953329132","kind":"road","highway":"residential","name":null,"level":"0","floor":0,"bridge":false,"wheelchair":null},"geometry":{"type":"LineString","coordinates":[[80.242997,26.497919],[80.242985,26.49786],[80.242972,26.497823],[80.242943,26.497789],[80.242318,26.497184]]}},{"type":"Feature","properties":{"osmId":"way/953333391","kind":"road","highway":"residential","name":null,"level":"0","floor":0,"bridge":false,"wheelchair":null},"geometry":{"type":"LineString","coordinates":[[80.246113,26.494524],[80.246286,26.49466],[80.246331,26.494678],[80.246379,26.494686],[80.246477,26.494694],[80.246517,26.494703],[80.246563,26.494726],[80.246982,26.495048],[80.247011,26.495052],[80.247041,26.495036],[80.247113,26.494973],[80.247147,26.494954],[80.247198,26.494942],[80.247237,26.494931],[80.24728,26.494917],[80.247417,26.494846],[80.247452,26.494835],[80.247484,26.494839],[80.247506,26.494854],[80.247878,26.495132],[80.247927,26.495145],[80.247963,26.495144],[80.247996,26.495134],[80.248027,26.49511],[80.24809,26.49505],[80.248136,26.495],[80.24824,26.494868],[80.248274,26.494827],[80.248313,26.49479],[80.248356,26.494757],[80.248503,26.494677],[80.248819,26.4945]]}},{"type":"Feature","properties":{"osmId":"way/953333392","kind":"road","highway":"residential","name":null,"level":"0","floor":0,"bridge":false,"wheelchair":null},"geometry":{"type":"LineString","coordinates":[[80.247054,26.496305],[80.246833,26.49582],[80.246791,26.495742],[80.246742,26.495665],[80.246609,26.49547],[80.246608,26.495444],[80.246623,26.495423],[80.246827,26.495307],[80.246852,26.495285],[80.246867,26.495255],[80.246881,26.49518],[80.246895,26.495146],[80.246919,26.495115],[80.246982,26.495048]]}},{"type":"Feature","properties":{"osmId":"way/953333393","kind":"road","highway":"residential","name":null,"level":"0","floor":0,"bridge":false,"wheelchair":null},"geometry":{"type":"LineString","coordinates":[[80.245486,26.495638],[80.245588,26.495765],[80.245605,26.495773],[80.245631,26.495774],[80.245884,26.495642]]}},{"type":"Feature","properties":{"osmId":"way/953333394","kind":"road","highway":"residential","name":null,"level":"0","floor":0,"bridge":false,"wheelchair":null},"geometry":{"type":"LineString","coordinates":[[80.246197,26.496579],[80.246001,26.496207],[80.246001,26.496187],[80.246017,26.496173],[80.246191,26.496094]]}},{"type":"Feature","properties":{"osmId":"way/953333395","kind":"road","highway":"residential","name":null,"level":"0","floor":0,"bridge":false,"wheelchair":null},"geometry":{"type":"LineString","coordinates":[[80.245934,26.49672],[80.245677,26.49624]]}},{"type":"Feature","properties":{"osmId":"way/953333396","kind":"road","highway":"residential","name":null,"level":"0","floor":0,"bridge":false,"wheelchair":null},"geometry":{"type":"LineString","coordinates":[[80.24513,26.496249],[80.245459,26.496101]]}},{"type":"Feature","properties":{"osmId":"way/953333397","kind":"road","highway":"residential","name":null,"level":"0","floor":0,"bridge":false,"wheelchair":null},"geometry":{"type":"LineString","coordinates":[[80.245369,26.495954],[80.245459,26.496101],[80.245561,26.496266],[80.24558,26.496273],[80.245602,26.496269],[80.245677,26.49624],[80.245727,26.49622]]}},{"type":"Feature","properties":{"osmId":"way/953333398","kind":"road","highway":"residential","name":null,"level":"0","floor":0,"bridge":false,"wheelchair":null},"geometry":{"type":"LineString","coordinates":[[80.243927,26.497766],[80.244165,26.497645],[80.244188,26.497643],[80.244205,26.497652],[80.2443,26.497779],[80.244324,26.497819],[80.244342,26.497857],[80.244353,26.497902],[80.24437,26.498057]]}},{"type":"Feature","properties":{"osmId":"way/953333401","kind":"road","highway":"residential","name":null,"level":"0","floor":0,"bridge":false,"wheelchair":null},"geometry":{"type":"LineString","coordinates":[[80.245704,26.497811],[80.245498,26.497332]]}},{"type":"Feature","properties":{"osmId":"way/953333402","kind":"road","highway":"residential","name":null,"level":"0","floor":0,"bridge":false,"wheelchair":null},"geometry":{"type":"LineString","coordinates":[[80.245363,26.497877],[80.245035,26.497398]]}},{"type":"Feature","properties":{"osmId":"way/953333403","kind":"road","highway":"residential","name":null,"level":"0","floor":0,"bridge":false,"wheelchair":null},"geometry":{"type":"LineString","coordinates":[[80.244927,26.497953],[80.244857,26.497719],[80.244837,26.497667],[80.24481,26.497607],[80.244782,26.497551],[80.244656,26.497354]]}},{"type":"Feature","properties":{"osmId":"way/953333404","kind":"road","highway":"residential","name":null,"level":"0","floor":0,"bridge":false,"wheelchair":null},"geometry":{"type":"LineString","coordinates":[[80.244528,26.497665],[80.244434,26.497543],[80.244429,26.497522],[80.244433,26.497509],[80.244445,26.497499],[80.244656,26.497354],[80.24481,26.497231],[80.244874,26.497177],[80.244924,26.497138],[80.244973,26.497101],[80.245033,26.497065],[80.245457,26.496824]]}},{"type":"Feature","properties":{"osmId":"way/953333405","kind":"road","highway":"residential","name":null,"level":"0","floor":0,"bridge":false,"wheelchair":null},"geometry":{"type":"LineString","coordinates":[[80.24391,26.497249],[80.244844,26.496658]]}},{"type":"Feature","properties":{"osmId":"way/953333406","kind":"road","highway":"residential","name":null,"level":"0","floor":0,"bridge":false,"wheelchair":null},"geometry":{"type":"LineString","coordinates":[[80.244976,26.496835],[80.244844,26.496658],[80.244545,26.496261]]}},{"type":"Feature","properties":{"osmId":"way/953333407","kind":"road","highway":"residential","name":null,"level":"0","floor":0,"bridge":false,"wheelchair":null},"geometry":{"type":"LineString","coordinates":[[80.244106,26.497392],[80.244976,26.496835],[80.245339,26.496636]]}},{"type":"Feature","properties":{"osmId":"way/953335406","kind":"road","highway":"residential","name":null,"level":"0","floor":0,"bridge":false,"wheelchair":null},"geometry":{"type":"LineString","coordinates":[[80.248556,26.495935],[80.248369,26.495709]]}},{"type":"Feature","properties":{"osmId":"way/953335407","kind":"road","highway":"residential","name":null,"level":"0","floor":0,"bridge":false,"wheelchair":null},"geometry":{"type":"LineString","coordinates":[[80.248242,26.496169],[80.247909,26.495792]]}},{"type":"Feature","properties":{"osmId":"way/953335408","kind":"road","highway":"residential","name":null,"level":"0","floor":0,"bridge":false,"wheelchair":null},"geometry":{"type":"LineString","coordinates":[[80.248641,26.497257],[80.248493,26.496992],[80.248375,26.496813],[80.248056,26.496354],[80.248051,26.496326],[80.248066,26.4963],[80.248207,26.496197],[80.248242,26.496169],[80.248556,26.495935],[80.248706,26.495824]]}},{"type":"Feature","properties":{"osmId":"way/953335413","kind":"road","highway":"residential","name":null,"level":"0","floor":0,"bridge":false,"wheelchair":null},"geometry":{"type":"LineString","coordinates":[[80.24777,26.495906],[80.247579,26.495653],[80.247531,26.495599],[80.247476,26.495545],[80.24729,26.495374],[80.247261,26.495351],[80.247231,26.495319],[80.247058,26.495129],[80.247037,26.495108],[80.247025,26.495087],[80.247011,26.495052]]}},{"type":"Feature","properties":{"osmId":"way/953335415","kind":"road","highway":"residential","name":null,"level":"0","floor":0,"bridge":false,"wheelchair":null},"geometry":{"type":"LineString","coordinates":[[80.247963,26.495144],[80.247987,26.495186],[80.248011,26.495217],[80.248038,26.495243],[80.248175,26.495378]]}},{"type":"Feature","properties":{"osmId":"way/953336247","kind":"road","highway":"residential","name":null,"level":"0","floor":0,"bridge":false,"wheelchair":null},"geometry":{"type":"LineString","coordinates":[[80.246435,26.497204],[80.246321,26.497006],[80.246319,26.496982],[80.246328,26.496961],[80.246513,26.496861],[80.246528,26.49686],[80.246547,26.496865]]}},{"type":"Feature","properties":{"osmId":"way/953336248","kind":"road","highway":"residential","name":null,"level":"0","floor":0,"bridge":false,"wheelchair":null},"geometry":{"type":"LineString","coordinates":[[80.247267,26.496706],[80.247434,26.497015]]}},{"type":"Feature","properties":{"osmId":"way/953336249","kind":"road","highway":"residential","name":null,"level":"0","floor":0,"bridge":false,"wheelchair":null},"geometry":{"type":"LineString","coordinates":[[80.246616,26.496983],[80.247267,26.496706],[80.247508,26.496602]]}},{"type":"Feature","properties":{"osmId":"way/953336250","kind":"road","highway":"residential","name":null,"level":"0","floor":0,"bridge":false,"wheelchair":null},"geometry":{"type":"LineString","coordinates":[[80.246919,26.497596],[80.246616,26.496983],[80.246547,26.496865]]}},{"type":"Feature","properties":{"osmId":"way/953336251","kind":"road","highway":"residential","name":null,"level":"0","floor":0,"bridge":false,"wheelchair":null},"geometry":{"type":"LineString","coordinates":[[80.247696,26.497086],[80.247917,26.496998],[80.248375,26.496813]]}},{"type":"Feature","properties":{"osmId":"way/953336254","kind":"road","highway":"residential","name":null,"level":"0","floor":0,"bridge":false,"wheelchair":null},"geometry":{"type":"LineString","coordinates":[[80.248409,26.496496],[80.248335,26.496404],[80.248313,26.496373],[80.248297,26.496344],[80.248287,26.49631],[80.248271,26.496281],[80.248207,26.496197]]}},{"type":"Feature","properties":{"osmId":"way/953358602","kind":"road","highway":"residential","name":null,"level":"0","floor":0,"bridge":false,"wheelchair":null},"geometry":{"type":"LineString","coordinates":[[80.244326,26.499273],[80.243742,26.499479]]}},{"type":"Feature","properties":{"osmId":"way/953358603","kind":"road","highway":"residential","name":null,"level":"0","floor":0,"bridge":false,"wheelchair":null},"geometry":{"type":"LineString","coordinates":[[80.243739,26.499248],[80.243062,26.49833]]}},{"type":"Feature","properties":{"osmId":"way/953358604","kind":"road","highway":"residential","name":null,"level":"0","floor":0,"bridge":false,"wheelchair":null},"geometry":{"type":"LineString","coordinates":[[80.243051,26.498994],[80.242667,26.498463]]}},{"type":"Feature","properties":{"osmId":"way/953377499","kind":"road","highway":"residential","name":null,"level":"0","floor":0,"bridge":false,"wheelchair":null},"geometry":{"type":"LineString","coordinates":[[80.248704,26.498772],[80.247903,26.498132],[80.24785,26.498082],[80.247783,26.498013],[80.247653,26.497826],[80.247596,26.49774],[80.247556,26.497678],[80.247451,26.497492]]}},{"type":"Feature","properties":{"osmId":"way/953377500","kind":"road","highway":"residential","name":null,"level":"0","floor":0,"bridge":false,"wheelchair":null},"geometry":{"type":"LineString","coordinates":[[80.247594,26.498281],[80.248203,26.498751],[80.248271,26.498804],[80.248279,26.498827],[80.248278,26.498855],[80.248252,26.498896]]}},{"type":"Feature","properties":{"osmId":"way/953377501","kind":"road","highway":"residential","name":null,"level":"0","floor":0,"bridge":false,"wheelchair":null},"geometry":{"type":"LineString","coordinates":[[80.247812,26.49884],[80.247594,26.498281],[80.247565,26.498208],[80.247522,26.498093],[80.24741,26.49774],[80.247387,26.497712],[80.247351,26.497699],[80.247069,26.497768]]}},{"type":"Feature","properties":{"osmId":"way/953377502","kind":"road","highway":"residential","name":null,"level":"0","floor":0,"bridge":false,"wheelchair":null},"geometry":{"type":"LineString","coordinates":[[80.247477,26.49893],[80.247356,26.498539],[80.247332,26.498469],[80.247301,26.498394],[80.247269,26.49833],[80.247243,26.498281],[80.247214,26.498211],[80.247178,26.498118],[80.247069,26.497768],[80.247009,26.497579]]}},{"type":"Feature","properties":{"osmId":"way/953377504","kind":"road","highway":"residential","name":null,"level":"0","floor":0,"bridge":false,"wheelchair":null},"geometry":{"type":"LineString","coordinates":[[80.245944,26.498239],[80.245724,26.497906],[80.24571,26.497865],[80.245704,26.497811]]}},{"type":"Feature","properties":{"osmId":"way/953377509","kind":"road","highway":"residential","name":null,"level":"0","floor":0,"bridge":false,"wheelchair":null},"geometry":{"type":"LineString","coordinates":[[80.246605,26.499126],[80.246439,26.498417],[80.246412,26.49833],[80.246387,26.498256],[80.246363,26.498189],[80.246329,26.498115],[80.246108,26.49774]]}},{"type":"Feature","properties":{"osmId":"way/953377510","kind":"road","highway":"residential","name":null,"level":"0","floor":0,"bridge":false,"wheelchair":null},"geometry":{"type":"LineString","coordinates":[[80.246245,26.499207],[80.246107,26.498728],[80.246108,26.498706],[80.24612,26.498687],[80.246182,26.498647],[80.246194,26.498633],[80.246193,26.498612],[80.246029,26.498343]]}},{"type":"Feature","properties":{"osmId":"way/953377511","kind":"road","highway":"residential","name":null,"level":"0","floor":0,"bridge":false,"wheelchair":null},"geometry":{"type":"LineString","coordinates":[[80.2459,26.499274],[80.245664,26.498567],[80.245666,26.498545],[80.245692,26.498517],[80.246029,26.498343],[80.246139,26.498286]]}},{"type":"Feature","properties":{"osmId":"way/953377512","kind":"road","highway":"residential","name":null,"level":"0","floor":0,"bridge":false,"wheelchair":null},"geometry":{"type":"LineString","coordinates":[[80.245692,26.498517],[80.245267,26.497894]]}},{"type":"Feature","properties":{"osmId":"way/953377513","kind":"road","highway":"residential","name":null,"level":"0","floor":0,"bridge":false,"wheelchair":null},"geometry":{"type":"LineString","coordinates":[[80.245278,26.49842],[80.244927,26.497953]]}},{"type":"Feature","properties":{"osmId":"way/953377515","kind":"road","highway":"residential","name":null,"level":"0","floor":0,"bridge":false,"wheelchair":null},"geometry":{"type":"LineString","coordinates":[[80.24443,26.499462],[80.244908,26.49924]]}},{"type":"Feature","properties":{"osmId":"way/953377516","kind":"road","highway":"residential","name":null,"level":"0","floor":0,"bridge":false,"wheelchair":null},"geometry":{"type":"LineString","coordinates":[[80.245117,26.498729],[80.244548,26.498026]]}},{"type":"Feature","properties":{"osmId":"way/953377517","kind":"road","highway":"residential","name":null,"level":"0","floor":0,"bridge":false,"wheelchair":null},"geometry":{"type":"LineString","coordinates":[[80.244015,26.498871],[80.244444,26.498617],[80.244463,26.498602],[80.244463,26.498579],[80.244275,26.498312]]}},{"type":"Feature","properties":{"osmId":"way/953382560","kind":"road","highway":"residential","name":null,"level":"0","floor":0,"bridge":false,"wheelchair":null},"geometry":{"type":"LineString","coordinates":[[80.248533,26.497476],[80.248432,26.497299]]}},{"type":"Feature","properties":{"osmId":"way/953389501","kind":"road","highway":"residential","name":null,"level":"0","floor":0,"bridge":false,"wheelchair":null},"geometry":{"type":"LineString","coordinates":[[80.247162,26.496584],[80.247054,26.496305]]}},{"type":"Feature","properties":{"osmId":"way/953389502","kind":"road","highway":"residential","name":null,"level":"0","floor":0,"bridge":false,"wheelchair":null},"geometry":{"type":"LineString","coordinates":[[80.247639,26.49942],[80.247477,26.49893]]}},{"type":"Feature","properties":{"osmId":"way/668793807","kind":"road","highway":"residential","name":null,"level":"0","floor":0,"bridge":false,"wheelchair":null},"geometry":{"type":"LineString","coordinates":[[80.249406,26.499312],[80.249672,26.499125],[80.249905,26.498981],[80.250127,26.498874],[80.250216,26.498804],[80.250312,26.498725],[80.250448,26.498622]]}},{"type":"Feature","properties":{"osmId":"way/668793811","kind":"road","highway":"residential","name":null,"level":"0","floor":0,"bridge":false,"wheelchair":null},"geometry":{"type":"LineString","coordinates":[[80.249506,26.49712],[80.249556,26.497243],[80.249615,26.497353],[80.249612,26.497396],[80.249567,26.497435],[80.249293,26.497581],[80.249113,26.497704],[80.249004,26.49779],[80.249006,26.497815],[80.249048,26.497856],[80.249229,26.497999],[80.249383,26.498151],[80.249455,26.49823],[80.249473,26.498246]]}},{"type":"Feature","properties":{"osmId":"way/670637944","kind":"road","highway":"residential","name":null,"level":"0","floor":0,"bridge":false,"wheelchair":null},"geometry":{"type":"LineString","coordinates":[[80.249977,26.495636],[80.24962,26.495211]]}},{"type":"Feature","properties":{"osmId":"way/670637945","kind":"road","highway":"residential","name":null,"level":"0","floor":0,"bridge":false,"wheelchair":null},"geometry":{"type":"LineString","coordinates":[[80.252605,26.493775],[80.251559,26.49449],[80.251243,26.494727],[80.250917,26.494958],[80.250498,26.495255],[80.249977,26.495636],[80.250486,26.49624]]}},{"type":"Feature","properties":{"osmId":"way/671778494","kind":"road","highway":"residential","name":null,"level":"0","floor":0,"bridge":false,"wheelchair":null},"geometry":{"type":"LineString","coordinates":[[80.250448,26.498622],[80.250503,26.498573],[80.250518,26.498537],[80.250485,26.498447],[80.250358,26.498265],[80.250141,26.498101],[80.249934,26.498235],[80.249757,26.498129]]}},{"type":"Feature","properties":{"osmId":"way/953335409","kind":"road","highway":"residential","name":null,"level":"0","floor":0,"bridge":false,"wheelchair":null},"geometry":{"type":"LineString","coordinates":[[80.249479,26.496065],[80.249221,26.495786]]}},{"type":"Feature","properties":{"osmId":"way/953335410","kind":"road","highway":"residential","name":null,"level":"0","floor":0,"bridge":false,"wheelchair":null},"geometry":{"type":"LineString","coordinates":[[80.249122,26.496352],[80.249479,26.496065],[80.24983,26.495777]]}},{"type":"Feature","properties":{"osmId":"way/953335411","kind":"road","highway":"residential","name":null,"level":"0","floor":0,"bridge":false,"wheelchair":null},"geometry":{"type":"LineString","coordinates":[[80.249339,26.496607],[80.249567,26.496421],[80.24959,26.496411],[80.249614,26.496417],[80.249807,26.49664],[80.249826,26.496651],[80.249852,26.49665],[80.249886,26.496646],[80.249909,26.496657],[80.249926,26.496676],[80.250078,26.497027]]}},{"type":"Feature","properties":{"osmId":"way/953377494","kind":"road","highway":"residential","name":null,"level":"0","floor":0,"bridge":false,"wheelchair":null},"geometry":{"type":"LineString","coordinates":[[80.249179,26.498811],[80.249028,26.498927]]}},{"type":"Feature","properties":{"osmId":"way/953377495","kind":"road","highway":"residential","name":null,"level":"0","floor":0,"bridge":false,"wheelchair":null},"geometry":{"type":"LineString","coordinates":[[80.249028,26.498927],[80.248876,26.499096]]}},{"type":"Feature","properties":{"osmId":"way/953382559","kind":"road","highway":"residential","name":null,"level":"0","floor":0,"bridge":false,"wheelchair":null},"geometry":{"type":"LineString","coordinates":[[80.249581,26.497755],[80.249765,26.497933],[80.249781,26.497972],[80.249781,26.498004],[80.249757,26.498129]]}},{"type":"Feature","properties":{"osmId":"way/953382564","kind":"road","highway":"residential","name":null,"level":"0","floor":0,"bridge":false,"wheelchair":null},"geometry":{"type":"LineString","coordinates":[[80.249788,26.497458],[80.25001,26.497658],[80.25005,26.497663],[80.25009,26.497646],[80.250324,26.49744],[80.250461,26.49732]]}},{"type":"Feature","properties":{"osmId":"way/953382567","kind":"road","highway":"residential","name":null,"level":"0","floor":0,"bridge":false,"wheelchair":null},"geometry":{"type":"LineString","coordinates":[[80.249424,26.498276],[80.249579,26.498454],[80.249615,26.498505],[80.249638,26.498551],[80.249688,26.498643],[80.249707,26.498654],[80.249731,26.498651],[80.249844,26.498597]]}},{"type":"Feature","properties":{"osmId":"way/953387169","kind":"road","highway":"residential","name":null,"level":"0","floor":0,"bridge":false,"wheelchair":null},"geometry":{"type":"LineString","coordinates":[[80.249934,26.498235],[80.2502,26.498508]]}},{"type":"Feature","properties":{"osmId":"way/953387170","kind":"road","highway":"residential","name":null,"level":"0","floor":0,"bridge":false,"wheelchair":null},"geometry":{"type":"LineString","coordinates":[[80.249139,26.498414],[80.249338,26.498688],[80.249388,26.498766],[80.249427,26.498829],[80.249493,26.498929],[80.249527,26.498971],[80.249672,26.499125]]}},{"type":"Feature","properties":{"osmId":"way/223207908","kind":"road","highway":"secondary","name":null,"level":"0","floor":0,"bridge":false,"wheelchair":null},"geometry":{"type":"LineString","coordinates":[[80.247991,26.493457],[80.248392,26.493945],[80.248507,26.494096],[80.248604,26.494227],[80.248819,26.4945],[80.249088,26.494842],[80.2493,26.49511],[80.249476,26.495325],[80.24983,26.495777],[80.25032,26.496353],[80.250546,26.496635],[80.250667,26.496786],[80.250777,26.496915],[80.250938,26.49711],[80.251312,26.497548],[80.251455,26.497712],[80.251676,26.497962],[80.251854,26.498171],[80.251939,26.498279],[80.252077,26.498445],[80.252601,26.499143],[80.252809,26.499396],[80.253053,26.499714],[80.253315,26.500021],[80.253892,26.500712],[80.254068,26.500935],[80.254319,26.50121],[80.25438,26.501283],[80.254466,26.501407]]}},{"type":"Feature","properties":{"osmId":"way/667061522","kind":"road","highway":"residential","name":null,"level":"0","floor":0,"bridge":false,"wheelchair":null},"geometry":{"type":"LineString","coordinates":[[80.248641,26.501671],[80.248902,26.502089],[80.249265,26.502547]]}},{"type":"Feature","properties":{"osmId":"way/668793808","kind":"road","highway":"residential","name":null,"level":"0","floor":0,"bridge":false,"wheelchair":null},"geometry":{"type":"LineString","coordinates":[[80.247784,26.500562],[80.247906,26.500447],[80.248034,26.500343],[80.24829,26.50013],[80.248529,26.499941],[80.248719,26.499807],[80.248835,26.499721],[80.248913,26.499669],[80.249107,26.499521],[80.249215,26.499438],[80.249337,26.499358],[80.249406,26.499312]]}},{"type":"Feature","properties":{"osmId":"way/668793809","kind":"road","highway":"residential","name":null,"level":"0","floor":0,"bridge":false,"wheelchair":null},"geometry":{"type":"LineString","coordinates":[[80.248784,26.498689],[80.248912,26.498807],[80.249028,26.498927],[80.249196,26.499103],[80.249406,26.499312]]}},{"type":"Feature","properties":{"osmId":"way/668793810","kind":"road","highway":"residential","name":null,"level":"0","floor":0,"bridge":false,"wheelchair":null},"geometry":{"type":"LineString","coordinates":[[80.249757,26.498129],[80.249695,26.498141],[80.249473,26.498246],[80.249424,26.498276],[80.249139,26.498414],[80.249067,26.498457],[80.248973,26.498528],[80.248906,26.49858],[80.248784,26.498689],[80.248704,26.498772],[80.248559,26.498941]]}},{"type":"Feature","properties":{"osmId":"way/671183960","kind":"road","highway":"residential","name":null,"level":"0","floor":0,"bridge":false,"wheelchair":null},"geometry":{"type":"LineString","coordinates":[[80.250824,26.50191],[80.250507,26.501256],[80.250385,26.501063],[80.250305,26.500926],[80.250231,26.5008],[80.250055,26.5005],[80.249769,26.500138],[80.249648,26.499963],[80.249496,26.499752],[80.249355,26.499588],[80.249215,26.499438]]}},{"type":"Feature","properties":{"osmId":"way/671192533","kind":"road","highway":"residential","name":null,"level":"0","floor":0,"bridge":false,"wheelchair":null},"geometry":{"type":"LineString","coordinates":[[80.25061,26.504014],[80.250393,26.504212],[80.250036,26.504502],[80.249724,26.504746],[80.249556,26.504876],[80.249304,26.505002],[80.249216,26.505074],[80.248926,26.505301],[80.248872,26.505344],[80.248792,26.505416],[80.248539,26.505642],[80.248574,26.505941],[80.248604,26.506194],[80.248658,26.506427],[80.24913,26.506926],[80.249251,26.507075],[80.249357,26.507157],[80.249628,26.507433]]}},{"type":"Feature","properties":{"osmId":"way/671192534","kind":"road","highway":"residential","name":null,"level":"0","floor":0,"bridge":false,"wheelchair":null},"geometry":{"type":"LineString","coordinates":[[80.248955,26.50349],[80.248881,26.503538],[80.248583,26.503734],[80.248458,26.503816],[80.248411,26.50388],[80.248597,26.504473],[80.248724,26.504874],[80.248872,26.505344]]}},{"type":"Feature","properties":{"osmId":"way/672781020","kind":"road","highway":"residential","name":null,"level":"0","floor":0,"bridge":false,"wheelchair":null},"geometry":{"type":"LineString","coordinates":[[80.243186,26.50625],[80.244,26.505649],[80.244374,26.505366],[80.244629,26.505631]]}},{"type":"Feature","properties":{"osmId":"way/672781025","kind":"road","highway":"residential","name":null,"level":"0","floor":0,"bridge":false,"wheelchair":null},"geometry":{"type":"LineString","coordinates":[[80.24744,26.506731],[80.247,26.506392],[80.246746,26.506197],[80.246726,26.506182],[80.246539,26.506037],[80.246478,26.505982],[80.24645,26.505969]]}},{"type":"Feature","properties":{"osmId":"way/672781034","kind":"road","highway":"residential","name":null,"level":"0","floor":0,"bridge":false,"wheelchair":null},"geometry":{"type":"LineString","coordinates":[[80.245336,26.506462],[80.24579,26.506151],[80.24578,26.506101],[80.245634,26.505871]]}},{"type":"Feature","properties":{"osmId":"way/672781035","kind":"road","highway":"residential","name":null,"level":"0","floor":0,"bridge":false,"wheelchair":null},"geometry":{"type":"LineString","coordinates":[[80.248396,26.50544],[80.248238,26.505499],[80.247791,26.505695],[80.247767,26.505703],[80.247721,26.505714],[80.247684,26.505699],[80.247664,26.505685],[80.247566,26.505505],[80.247212,26.505786],[80.247057,26.505923],[80.246746,26.506197]]}},{"type":"Feature","properties":{"osmId":"way/672781036","kind":"road","highway":"residential","name":null,"level":"0","floor":0,"bridge":false,"wheelchair":null},"geometry":{"type":"LineString","coordinates":[[80.247996,26.503998],[80.247574,26.504211],[80.246969,26.504574],[80.246862,26.50463],[80.24624,26.504935],[80.246081,26.505036],[80.246012,26.50508],[80.245744,26.50527],[80.245698,26.505302],[80.245372,26.505488],[80.245219,26.505599],[80.245108,26.505678],[80.244861,26.505843],[80.244603,26.50601],[80.244564,26.506035],[80.244558,26.506051],[80.244558,26.50607],[80.244564,26.506093],[80.244595,26.506121],[80.244711,26.506177],[80.244925,26.506271],[80.24501,26.50631],[80.245256,26.506424],[80.245314,26.506449],[80.245336,26.506462],[80.245501,26.506561]]}},{"type":"Feature","properties":{"osmId":"way/682695145","kind":"road","highway":"residential","name":null,"level":"0","floor":0,"bridge":false,"wheelchair":null},"geometry":{"type":"LineString","coordinates":[[80.248174,26.504612],[80.248597,26.504473],[80.249103,26.504156],[80.249426,26.50446],[80.248724,26.504874]]}},{"type":"Feature","properties":{"osmId":"way/682695156","kind":"road","highway":"residential","name":null,"level":"0","floor":0,"bridge":false,"wheelchair":null},"geometry":{"type":"LineString","coordinates":[[80.248695,26.502198],[80.248635,26.502231],[80.248469,26.502324],[80.248182,26.502479],[80.248051,26.50255],[80.247802,26.502688],[80.247487,26.502862],[80.247142,26.503052],[80.247013,26.502891],[80.246792,26.502616],[80.24718,26.502455],[80.247488,26.502281],[80.247889,26.502054],[80.248154,26.501916],[80.248353,26.501804],[80.248641,26.501671],[80.248875,26.501537],[80.249148,26.501319],[80.249174,26.501294],[80.249371,26.501103]]}},{"type":"Feature","properties":{"osmId":"way/682696026","kind":"road","highway":"residential","name":null,"level":"0","floor":0,"bridge":false,"wheelchair":null},"geometry":{"type":"LineString","coordinates":[[80.247212,26.505786],[80.247005,26.505461],[80.246974,26.505412],[80.246852,26.505201],[80.246822,26.505158],[80.24679,26.505139],[80.24675,26.505127],[80.246718,26.505127],[80.246675,26.505143],[80.246496,26.505243],[80.246362,26.505371],[80.246273,26.505432],[80.246045,26.505589],[80.245994,26.505624],[80.245715,26.505815],[80.245634,26.505871],[80.245411,26.506025],[80.245075,26.506267],[80.24501,26.50631]]}},{"type":"Feature","properties":{"osmId":"way/682696031","kind":"road","highway":"residential","name":null,"level":"0","floor":0,"bridge":false,"wheelchair":null},"geometry":{"type":"LineString","coordinates":[[80.247249,26.499679],[80.247639,26.49942],[80.2482,26.498967],[80.248252,26.498896]]}},{"type":"Feature","properties":{"osmId":"way/682696032","kind":"path","highway":"living_street","name":null,"level":"0","floor":0,"bridge":false,"wheelchair":null},"geometry":{"type":"LineString","coordinates":[[80.245504,26.499436],[80.244733,26.499972]]}},{"type":"Feature","properties":{"osmId":"way/682696034","kind":"road","highway":"residential","name":null,"level":"0","floor":0,"bridge":false,"wheelchair":null},"geometry":{"type":"LineString","coordinates":[[80.247357,26.500027],[80.247559,26.499879],[80.24785,26.499666],[80.248112,26.499474],[80.248318,26.499303],[80.248366,26.499299],[80.248409,26.499321],[80.248835,26.499721]]}},{"type":"Feature","properties":{"osmId":"way/682696036","kind":"road","highway":"residential","name":null,"level":"0","floor":0,"bridge":false,"wheelchair":null},"geometry":{"type":"LineString","coordinates":[[80.247512,26.500495],[80.247385,26.500113],[80.247357,26.500027],[80.247249,26.499679],[80.247065,26.499023],[80.246922,26.498415],[80.246692,26.497637]]}},{"type":"Feature","properties":{"osmId":"way/682696037","kind":"road","highway":"residential","name":null,"level":"0","floor":0,"bridge":false,"wheelchair":null},"geometry":{"type":"LineString","coordinates":[[80.249769,26.500138],[80.24944,26.500398],[80.249135,26.500592],[80.248887,26.500772],[80.24882,26.500824]]}},{"type":"Feature","properties":{"osmId":"way/682696045","kind":"road","highway":"residential","name":null,"level":"0","floor":0,"bridge":false,"wheelchair":null},"geometry":{"type":"LineString","coordinates":[[80.249496,26.499752],[80.249117,26.499969],[80.248799,26.500168],[80.248544,26.500365],[80.248187,26.500667]]}},{"type":"Feature","properties":{"osmId":"way/682696313","kind":"road","highway":"residential","name":null,"level":"0","floor":0,"bridge":false,"wheelchair":null},"geometry":{"type":"LineString","coordinates":[[80.242743,26.499594],[80.242934,26.499478],[80.243132,26.499353],[80.243426,26.499167]]}},{"type":"Feature","properties":{"osmId":"way/682696314","kind":"road","highway":"residential","name":null,"level":"0","floor":0,"bridge":false,"wheelchair":null},"geometry":{"type":"LineString","coordinates":[[80.24615,26.499228],[80.246331,26.499857],[80.246466,26.500328]]}},{"type":"Feature","properties":{"osmId":"way/682696319","kind":"road","highway":"residential","name":null,"level":"0","floor":0,"bridge":false,"wheelchair":null},"geometry":{"type":"LineString","coordinates":[[80.242525,26.499345],[80.242743,26.499594]]}},{"type":"Feature","properties":{"osmId":"way/682700073","kind":"path","highway":"living_street","name":null,"level":"0","floor":0,"bridge":false,"wheelchair":null},"geometry":{"type":"LineString","coordinates":[[80.248469,26.502324],[80.24929,26.503298]]}},{"type":"Feature","properties":{"osmId":"way/682700089","kind":"road","highway":"residential","name":null,"level":"0","floor":0,"bridge":false,"wheelchair":null},"geometry":{"type":"LineString","coordinates":[[80.248182,26.502479],[80.248617,26.502997],[80.248702,26.503118],[80.248746,26.503209],[80.248881,26.503538]]}},{"type":"Feature","properties":{"osmId":"way/953228246","kind":"road","highway":"residential","name":null,"level":"0","floor":0,"bridge":false,"wheelchair":null},"geometry":{"type":"LineString","coordinates":[[80.248604,26.494227],[80.248707,26.494178],[80.248732,26.494176],[80.248753,26.494184],[80.248772,26.494203],[80.249219,26.494755],[80.24962,26.495211]]}},{"type":"Feature","properties":{"osmId":"way/953328404","kind":"road","highway":"residential","name":null,"level":"0","floor":0,"bridge":false,"wheelchair":null},"geometry":{"type":"LineString","coordinates":[[80.248796,26.503852],[80.248894,26.503963],[80.248949,26.504016],[80.249103,26.504156]]}},{"type":"Feature","properties":{"osmId":"way/953333408","kind":"road","highway":"residential","name":null,"level":"0","floor":0,"bridge":false,"wheelchair":null},"geometry":{"type":"LineString","coordinates":[[80.245534,26.496947],[80.245934,26.49672],[80.246119,26.496618],[80.246197,26.496579],[80.246391,26.496489],[80.246442,26.496469],[80.246496,26.496456],[80.246557,26.496452],[80.246643,26.496463],[80.246679,26.496463],[80.246728,26.496453],[80.247054,26.496305],[80.247295,26.496197],[80.247392,26.496151],[80.247471,26.496105],[80.24777,26.495906],[80.247813,26.495871],[80.247909,26.495792],[80.247961,26.495731],[80.247991,26.495678],[80.248033,26.495593],[80.248054,26.495549],[80.248088,26.495491],[80.248129,26.495435],[80.248175,26.495378],[80.248227,26.495331],[80.248269,26.495306],[80.248324,26.49528],[80.248432,26.495236],[80.248482,26.495212],[80.248533,26.495182],[80.249088,26.494842]]}},{"type":"Feature","properties":{"osmId":"way/953333559","kind":"road","highway":"residential","name":null,"level":"0","floor":0,"bridge":false,"wheelchair":null},"geometry":{"type":"LineString","coordinates":[[80.248995,26.506146],[80.249387,26.505627]]}},{"type":"Feature","properties":{"osmId":"way/953333560","kind":"road","highway":"residential","name":null,"level":"0","floor":0,"bridge":false,"wheelchair":null},"geometry":{"type":"LineString","coordinates":[[80.24901,26.506201],[80.248995,26.506146],[80.248792,26.505416]]}},{"type":"Feature","properties":{"osmId":"way/953335412","kind":"road","highway":"residential","name":null,"level":"0","floor":0,"bridge":false,"wheelchair":null},"geometry":{"type":"LineString","coordinates":[[80.249661,26.497095],[80.249602,26.496938],[80.249578,26.496891],[80.249543,26.496846],[80.249339,26.496607],[80.249312,26.496575],[80.249122,26.496352],[80.248987,26.496187],[80.248706,26.495824],[80.24858,26.495666],[80.248573,26.495643],[80.248582,26.495621],[80.2493,26.49511]]}},{"type":"Feature","properties":{"osmId":"way/953336252","kind":"road","highway":"residential","name":null,"level":"0","floor":0,"bridge":false,"wheelchair":null},"geometry":{"type":"LineString","coordinates":[[80.248711,26.496901],[80.248942,26.496816],[80.248985,26.4968],[80.249026,26.496781],[80.249069,26.496753],[80.249312,26.496575]]}},{"type":"Feature","properties":{"osmId":"way/953336253","kind":"road","highway":"residential","name":null,"level":"0","floor":0,"bridge":false,"wheelchair":null},"geometry":{"type":"LineString","coordinates":[[80.248942,26.496816],[80.248625,26.496457],[80.248615,26.496426],[80.248624,26.496401],[80.248987,26.496187]]}},{"type":"Feature","properties":{"osmId":"way/953358599","kind":"road","highway":"residential","name":null,"level":"0","floor":0,"bridge":false,"wheelchair":null},"geometry":{"type":"LineString","coordinates":[[80.248496,26.501139],[80.248636,26.501286],[80.248875,26.501537]]}},{"type":"Feature","properties":{"osmId":"way/953367201","kind":"road","highway":"residential","name":null,"level":"0","floor":0,"bridge":false,"wheelchair":null},"geometry":{"type":"LineString","coordinates":[[80.245092,26.506629],[80.244916,26.506895],[80.244908,26.50692],[80.244906,26.506933],[80.244912,26.50695],[80.244927,26.506964],[80.244938,26.506972],[80.245219,26.507124],[80.24535,26.506962],[80.245415,26.506902],[80.245517,26.506859],[80.245651,26.506815],[80.245742,26.506739],[80.245849,26.506595],[80.246126,26.506257],[80.246667,26.506693],[80.246972,26.506907],[80.247138,26.507032],[80.24744,26.506731],[80.247522,26.506635],[80.247797,26.506383],[80.247848,26.506345],[80.248084,26.50617],[80.248295,26.506062],[80.248574,26.505941]]}},{"type":"Feature","properties":{"osmId":"way/953367206","kind":"road","highway":"residential","name":null,"level":"0","floor":0,"bridge":false,"wheelchair":null},"geometry":{"type":"LineString","coordinates":[[80.24499,26.50536],[80.244629,26.505631],[80.244499,26.505738],[80.243976,26.506169],[80.243685,26.506404],[80.243485,26.506575]]}},{"type":"Feature","properties":{"osmId":"way/953377496","kind":"road","highway":"residential","name":null,"level":"0","floor":0,"bridge":false,"wheelchair":null},"geometry":{"type":"LineString","coordinates":[[80.249107,26.499521],[80.248823,26.499252],[80.248743,26.499186],[80.248676,26.499137],[80.248531,26.499019],[80.24852,26.499],[80.248526,26.49898],[80.248559,26.498941]]}},{"type":"Feature","properties":{"osmId":"way/953377497","kind":"road","highway":"residential","name":null,"level":"0","floor":0,"bridge":false,"wheelchair":null},"geometry":{"type":"LineString","coordinates":[[80.248313,26.49774],[80.249067,26.498457]]}},{"type":"Feature","properties":{"osmId":"way/953377498","kind":"road","highway":"residential","name":null,"level":"0","floor":0,"bridge":false,"wheelchair":null},"geometry":{"type":"LineString","coordinates":[[80.248906,26.49858],[80.248388,26.498174],[80.248288,26.498094],[80.248199,26.498021],[80.248045,26.497875],[80.247956,26.497779],[80.247899,26.497717],[80.247699,26.497443]]}},{"type":"Feature","properties":{"osmId":"way/953377505","kind":"road","highway":"residential","name":null,"level":"0","floor":0,"bridge":false,"wheelchair":null},"geometry":{"type":"LineString","coordinates":[[80.246815,26.500038],[80.246558,26.499136]]}},{"type":"Feature","properties":{"osmId":"way/953377506","kind":"road","highway":"residential","name":null,"level":"0","floor":0,"bridge":false,"wheelchair":null},"geometry":{"type":"LineString","coordinates":[[80.245895,26.499852],[80.24575,26.499313]]}},{"type":"Feature","properties":{"osmId":"way/953377508","kind":"road","highway":"residential","name":null,"level":"0","floor":0,"bridge":false,"wheelchair":null},"geometry":{"type":"LineString","coordinates":[[80.245694,26.49985],[80.245555,26.4994]]}},{"type":"Feature","properties":{"osmId":"way/953377514","kind":"road","highway":"residential","name":null,"level":"0","floor":0,"bridge":false,"wheelchair":null},"geometry":{"type":"LineString","coordinates":[[80.244529,26.499643],[80.244935,26.499464]]}},{"type":"Feature","properties":{"osmId":"way/953379396","kind":"road","highway":"residential","name":null,"level":"0","floor":0,"bridge":false,"wheelchair":null},"geometry":{"type":"LineString","coordinates":[[80.247437,26.506254],[80.247282,26.506119],[80.247057,26.505923]]}},{"type":"Feature","properties":{"osmId":"way/953380028","kind":"road","highway":"residential","name":null,"level":"0","floor":0,"bridge":false,"wheelchair":null},"geometry":{"type":"LineString","coordinates":[[80.249337,26.499358],[80.24951,26.499571],[80.249527,26.499581],[80.249549,26.499581],[80.250076,26.499304],[80.250112,26.499299],[80.250149,26.499309],[80.250173,26.499347],[80.250296,26.499581],[80.250315,26.499592],[80.250343,26.499589],[80.250567,26.499478]]}},{"type":"Feature","properties":{"osmId":"way/953380029","kind":"road","highway":"residential","name":null,"level":"0","floor":0,"bridge":false,"wheelchair":null},"geometry":{"type":"LineString","coordinates":[[80.248529,26.499941],[80.248112,26.499474]]}},{"type":"Feature","properties":{"osmId":"way/953380033","kind":"road","highway":"residential","name":null,"level":"0","floor":0,"bridge":false,"wheelchair":null},"geometry":{"type":"LineString","coordinates":[[80.250042,26.499481],[80.249804,26.4996],[80.249496,26.499752]]}},{"type":"Feature","properties":{"osmId":"way/953380037","kind":"road","highway":"residential","name":null,"level":"0","floor":0,"bridge":false,"wheelchair":null},"geometry":{"type":"LineString","coordinates":[[80.249135,26.500592],[80.248799,26.500168]]}},{"type":"Feature","properties":{"osmId":"way/953380038","kind":"road","highway":"residential","name":null,"level":"0","floor":0,"bridge":false,"wheelchair":null},"geometry":{"type":"LineString","coordinates":[[80.248887,26.500772],[80.248574,26.500415],[80.248544,26.500365]]}},{"type":"Feature","properties":{"osmId":"way/953382561","kind":"road","highway":"residential","name":null,"level":"0","floor":0,"bridge":false,"wheelchair":null},"geometry":{"type":"LineString","coordinates":[[80.248117,26.497568],[80.248533,26.497476],[80.248982,26.49737]]}},{"type":"Feature","properties":{"osmId":"way/1190354004","kind":"road","highway":"residential","name":null,"level":"0","floor":0,"bridge":false,"wheelchair":null},"geometry":{"type":"LineString","coordinates":[[80.247767,26.505703],[80.247794,26.505829],[80.248084,26.50617]]}},{"type":"Feature","properties":{"osmId":"way/667061513","kind":"road","highway":"residential","name":null,"level":"0","floor":0,"bridge":false,"wheelchair":null},"geometry":{"type":"LineString","coordinates":[[80.246394,26.502844],[80.246167,26.50257],[80.246124,26.502518],[80.245873,26.502215],[80.245592,26.501876]]}},{"type":"Feature","properties":{"osmId":"way/667061515","kind":"road","highway":"residential","name":null,"level":"0","floor":0,"bridge":false,"wheelchair":null},"geometry":{"type":"LineString","coordinates":[[80.242992,26.499922],[80.243297,26.500206],[80.243633,26.499995],[80.243864,26.499851]]}},{"type":"Feature","properties":{"osmId":"way/667061517","kind":"road","highway":"residential","name":null,"level":"0","floor":0,"bridge":false,"wheelchair":null},"geometry":{"type":"LineString","coordinates":[[80.244657,26.500796],[80.244417,26.500602],[80.244239,26.500444],[80.243826,26.500108]]}},{"type":"Feature","properties":{"osmId":"way/667061518","kind":"road","highway":"residential","name":null,"level":"0","floor":0,"bridge":false,"wheelchair":null},"geometry":{"type":"LineString","coordinates":[[80.244435,26.501009],[80.244225,26.500816],[80.244417,26.500602],[80.244919,26.500118]]}},{"type":"Feature","properties":{"osmId":"way/667061519","kind":"road","highway":"residential","name":null,"level":"0","floor":0,"bridge":false,"wheelchair":null},"geometry":{"type":"LineString","coordinates":[[80.24522,26.500258],[80.244657,26.500796],[80.244435,26.501009],[80.244304,26.501134]]}},{"type":"Feature","properties":{"osmId":"way/667061520","kind":"road","highway":"residential","name":null,"level":"0","floor":0,"bridge":false,"wheelchair":null},"geometry":{"type":"LineString","coordinates":[[80.244648,26.501847],[80.244266,26.501571],[80.245545,26.500272]]}},{"type":"Feature","properties":{"osmId":"way/667061521","kind":"road","highway":"residential","name":null,"level":"0","floor":0,"bridge":false,"wheelchair":null},"geometry":{"type":"LineString","coordinates":[[80.24526,26.502279],[80.244846,26.502005],[80.244648,26.501847],[80.244923,26.501555],[80.245184,26.501279],[80.245642,26.500795],[80.246116,26.500294]]}},{"type":"Feature","properties":{"osmId":"way/667061523","kind":"road","highway":"residential","name":null,"level":"0","floor":0,"bridge":false,"wheelchair":null},"geometry":{"type":"LineString","coordinates":[[80.246668,26.500348],[80.246383,26.500803],[80.246296,26.500906],[80.246205,26.501025],[80.24617,26.501111],[80.24617,26.50122],[80.246134,26.501328],[80.246013,26.501454],[80.245896,26.501579],[80.24574,26.501719],[80.245592,26.501876],[80.245495,26.501993],[80.24526,26.502279],[80.245209,26.502339],[80.24498,26.502605],[80.244966,26.502619],[80.244819,26.502769],[80.244677,26.502922],[80.244634,26.502954],[80.244527,26.503033],[80.244307,26.503205],[80.244594,26.503559],[80.244736,26.50375],[80.244783,26.503814],[80.244813,26.503828],[80.244857,26.503826],[80.244916,26.503807],[80.245116,26.503693],[80.245206,26.503625],[80.245605,26.503393],[80.245889,26.503229],[80.246394,26.502844],[80.246792,26.502616],[80.246578,26.502368],[80.246539,26.502324],[80.246469,26.502243],[80.246205,26.501936],[80.246009,26.501716],[80.245896,26.501579]]}},{"type":"Feature","properties":{"osmId":"way/668596256","kind":"road","highway":"residential","name":null,"level":"0","floor":0,"bridge":false,"wheelchair":null},"geometry":{"type":"LineString","coordinates":[[80.242471,26.500308],[80.242589,26.500437],[80.2428,26.500621],[80.242996,26.500806]]}},{"type":"Feature","properties":{"osmId":"way/668596258","kind":"road","highway":"residential","name":null,"level":"0","floor":0,"bridge":false,"wheelchair":null},"geometry":{"type":"LineString","coordinates":[[80.243452,26.500775],[80.243262,26.500912],[80.243014,26.501098],[80.242754,26.50128],[80.242606,26.50141],[80.242479,26.501499]]}},{"type":"Feature","properties":{"osmId":"way/668596261","kind":"road","highway":"residential","name":null,"level":"0","floor":0,"bridge":false,"wheelchair":null},"geometry":{"type":"LineString","coordinates":[[80.242306,26.500416],[80.242421,26.500522],[80.242657,26.500743],[80.242859,26.500947],[80.243014,26.501098]]}},{"type":"Feature","properties":{"osmId":"way/671422020","kind":"road","highway":"residential","name":null,"level":"0","floor":0,"bridge":false,"wheelchair":null},"geometry":{"type":"LineString","coordinates":[[80.245605,26.503393],[80.245313,26.503064],[80.245676,26.502819],[80.246124,26.502518]]}},{"type":"Feature","properties":{"osmId":"way/672218779","kind":"road","highway":"residential","name":null,"level":"0","floor":0,"bridge":false,"wheelchair":null},"geometry":{"type":"LineString","coordinates":[[80.248411,26.50388],[80.247754,26.503187]]}},{"type":"Feature","properties":{"osmId":"way/672218780","kind":"road","highway":"residential","name":null,"level":"0","floor":0,"bridge":false,"wheelchair":null},"geometry":{"type":"LineString","coordinates":[[80.247142,26.503052],[80.247487,26.503363],[80.247754,26.503187],[80.248173,26.502931]]}},{"type":"Feature","properties":{"osmId":"way/672218781","kind":"road","highway":"residential","name":null,"level":"0","floor":0,"bridge":false,"wheelchair":null},"geometry":{"type":"LineString","coordinates":[[80.24742,26.501421],[80.24721,26.501119],[80.247184,26.501102],[80.24715,26.501084],[80.247114,26.501124],[80.246205,26.501936]]}},{"type":"Feature","properties":{"osmId":"way/672218782","kind":"road","highway":"residential","name":null,"level":"0","floor":0,"bridge":false,"wheelchair":null},"geometry":{"type":"LineString","coordinates":[[80.248458,26.503816],[80.248173,26.502931],[80.248051,26.50255],[80.247889,26.502054],[80.24742,26.501421],[80.246844,26.501919],[80.246469,26.502243]]}},{"type":"Feature","properties":{"osmId":"way/672781016","kind":"road","highway":"residential","name":null,"level":"0","floor":0,"bridge":false,"wheelchair":null},"geometry":{"type":"LineString","coordinates":[[80.244594,26.503559],[80.244141,26.503886],[80.244131,26.503911],[80.244143,26.503944],[80.244261,26.504085],[80.244294,26.504086],[80.244323,26.504073],[80.244736,26.50375]]}},{"type":"Feature","properties":{"osmId":"way/672781017","kind":"road","highway":"residential","name":null,"level":"0","floor":0,"bridge":false,"wheelchair":null},"geometry":{"type":"LineString","coordinates":[[80.242632,26.5056],[80.242781,26.505473],[80.243237,26.505087]]}},{"type":"Feature","properties":{"osmId":"way/672781018","kind":"road","highway":"residential","name":null,"level":"0","floor":0,"bridge":false,"wheelchair":null},"geometry":{"type":"LineString","coordinates":[[80.243784,26.504808],[80.244157,26.50456]]}},{"type":"Feature","properties":{"osmId":"way/672781019","kind":"road","highway":"residential","name":null,"level":"0","floor":0,"bridge":false,"wheelchair":null},"geometry":{"type":"LineString","coordinates":[[80.244374,26.505366],[80.243784,26.504808],[80.243476,26.505047],[80.243459,26.505073],[80.243464,26.505098],[80.24348,26.505123],[80.244,26.505649]]}},{"type":"Feature","properties":{"osmId":"way/672781023","kind":"road","highway":"residential","name":null,"level":"0","floor":0,"bridge":false,"wheelchair":null},"geometry":{"type":"LineString","coordinates":[[80.247566,26.505505],[80.247457,26.505333],[80.247244,26.504996],[80.246969,26.504574]]}},{"type":"Feature","properties":{"osmId":"way/672781024","kind":"road","highway":"residential","name":null,"level":"0","floor":0,"bridge":false,"wheelchair":null},"geometry":{"type":"LineString","coordinates":[[80.246539,26.506037],[80.246689,26.505862],[80.246785,26.505765],[80.246793,26.505745],[80.246789,26.505722],[80.246699,26.505656],[80.246693,26.505639],[80.246695,26.505615],[80.246726,26.505585],[80.247005,26.505461]]}},{"type":"Feature","properties":{"osmId":"way/672781026","kind":"road","highway":"residential","name":null,"level":"0","floor":0,"bridge":false,"wheelchair":null},"geometry":{"type":"LineString","coordinates":[[80.245744,26.50527],[80.245994,26.505624]]}},{"type":"Feature","properties":{"osmId":"way/672781027","kind":"road","highway":"residential","name":null,"level":"0","floor":0,"bridge":false,"wheelchair":null},"geometry":{"type":"LineString","coordinates":[[80.245576,26.504333],[80.245857,26.504679],[80.246081,26.505036]]}},{"type":"Feature","properties":{"osmId":"way/672781028","kind":"road","highway":"residential","name":null,"level":"0","floor":0,"bridge":false,"wheelchair":null},"geometry":{"type":"LineString","coordinates":[[80.246285,26.503477],[80.2467,26.504177]]}},{"type":"Feature","properties":{"osmId":"way/672781029","kind":"road","highway":"residential","name":null,"level":"0","floor":0,"bridge":false,"wheelchair":null},"geometry":{"type":"LineString","coordinates":[[80.245861,26.503758],[80.246285,26.503477],[80.246426,26.503383]]}},{"type":"Feature","properties":{"osmId":"way/672781030","kind":"road","highway":"residential","name":null,"level":"0","floor":0,"bridge":false,"wheelchair":null},"geometry":{"type":"LineString","coordinates":[[80.245224,26.504557],[80.245511,26.504897]]}},{"type":"Feature","properties":{"osmId":"way/672781031","kind":"road","highway":"residential","name":null,"level":"0","floor":0,"bridge":false,"wheelchair":null},"geometry":{"type":"LineString","coordinates":[[80.244338,26.504703],[80.244792,26.504341],[80.245057,26.504658],[80.245092,26.504638],[80.245224,26.504557],[80.245576,26.504333],[80.246034,26.504053],[80.245861,26.503758],[80.245605,26.503393]]}},{"type":"Feature","properties":{"osmId":"way/672781032","kind":"road","highway":"residential","name":null,"level":"0","floor":0,"bridge":false,"wheelchair":null},"geometry":{"type":"LineString","coordinates":[[80.244936,26.505303],[80.245372,26.504998],[80.245511,26.504897],[80.245857,26.504679],[80.246252,26.50442],[80.2467,26.504177],[80.246869,26.504081],[80.246993,26.504014],[80.247031,26.503983],[80.247082,26.503956],[80.247089,26.503944],[80.247088,26.503927],[80.247082,26.503911],[80.247067,26.50388],[80.247453,26.503731],[80.247708,26.503598]]}},{"type":"Feature","properties":{"osmId":"way/672781033","kind":"road","highway":"residential","name":null,"level":"0","floor":0,"bridge":false,"wheelchair":null},"geometry":{"type":"LineString","coordinates":[[80.243381,26.503786],[80.243679,26.504091],[80.243988,26.504397],[80.244157,26.50456],[80.244338,26.504703],[80.244615,26.504974],[80.244936,26.505303],[80.24499,26.50536],[80.245219,26.505599]]}},{"type":"Feature","properties":{"osmId":"way/672781037","kind":"road","highway":"residential","name":null,"level":"0","floor":0,"bridge":false,"wheelchair":null},"geometry":{"type":"LineString","coordinates":[[80.247487,26.503363],[80.247547,26.503427],[80.247708,26.503598],[80.247748,26.503641],[80.24796,26.503933],[80.247996,26.503998],[80.248055,26.504145],[80.24814,26.504425],[80.248174,26.504612],[80.248198,26.504754],[80.248261,26.505],[80.248328,26.5052],[80.248396,26.50544],[80.248499,26.505584],[80.248539,26.505642]]}},{"type":"Feature","properties":{"osmId":"way/682695189","kind":"road","highway":"residential","name":null,"level":"0","floor":0,"bridge":false,"wheelchair":null},"geometry":{"type":"LineString","coordinates":[[80.243963,26.503468],[80.243611,26.503177],[80.243348,26.502957]]}},{"type":"Feature","properties":{"osmId":"way/682695202","kind":"road","highway":"residential","name":null,"level":"0","floor":0,"bridge":false,"wheelchair":null},"geometry":{"type":"LineString","coordinates":[[80.243611,26.503177],[80.242867,26.503724]]}},{"type":"Feature","properties":{"osmId":"way/682695216","kind":"road","highway":"residential","name":null,"level":"0","floor":0,"bridge":false,"wheelchair":null},"geometry":{"type":"LineString","coordinates":[[80.247013,26.502891],[80.246624,26.503078],[80.246579,26.503125],[80.246571,26.50316],[80.246602,26.503217],[80.246951,26.503719],[80.247067,26.50388]]}},{"type":"Feature","properties":{"osmId":"way/682695233","kind":"road","highway":"residential","name":null,"level":"0","floor":0,"bridge":false,"wheelchair":null},"geometry":{"type":"LineString","coordinates":[[80.244015,26.502948],[80.244564,26.502351],[80.244846,26.502005]]}},{"type":"Feature","properties":{"osmId":"way/682696024","kind":"road","highway":"residential","name":null,"level":"0","floor":0,"bridge":false,"wheelchair":null},"geometry":{"type":"LineString","coordinates":[[80.248154,26.501916],[80.247427,26.500878]]}},{"type":"Feature","properties":{"osmId":"way/682696044","kind":"road","highway":"residential","name":null,"level":"0","floor":0,"bridge":false,"wheelchair":null},"geometry":{"type":"LineString","coordinates":[[80.248514,26.500741],[80.248063,26.501106],[80.24799,26.501169],[80.247984,26.5012],[80.247994,26.501236],[80.248353,26.501804]]}},{"type":"Feature","properties":{"osmId":"way/682700108","kind":"road","highway":"residential","name":null,"level":"0","floor":0,"bridge":false,"wheelchair":null},"geometry":{"type":"LineString","coordinates":[[80.24829,26.50013],[80.24785,26.499666]]}},{"type":"Feature","properties":{"osmId":"way/953333564","kind":"road","highway":"residential","name":null,"level":"0","floor":0,"bridge":false,"wheelchair":null},"geometry":{"type":"LineString","coordinates":[[80.24718,26.502455],[80.247487,26.502862]]}},{"type":"Feature","properties":{"osmId":"way/953333565","kind":"road","highway":"residential","name":null,"level":"0","floor":0,"bridge":false,"wheelchair":null},"geometry":{"type":"LineString","coordinates":[[80.247488,26.502281],[80.247802,26.502688]]}},{"type":"Feature","properties":{"osmId":"way/953339235","kind":"road","highway":"residential","name":null,"level":"0","floor":0,"bridge":false,"wheelchair":null},"geometry":{"type":"LineString","coordinates":[[80.246951,26.503719],[80.247547,26.503427]]}},{"type":"Feature","properties":{"osmId":"way/953339236","kind":"road","highway":"residential","name":null,"level":"0","floor":0,"bridge":false,"wheelchair":null},"geometry":{"type":"LineString","coordinates":[[80.244615,26.504974],[80.245057,26.504658]]}},{"type":"Feature","properties":{"osmId":"way/953339237","kind":"road","highway":"residential","name":null,"level":"0","floor":0,"bridge":false,"wheelchair":null},"geometry":{"type":"LineString","coordinates":[[80.246034,26.504053],[80.246252,26.50442]]}},{"type":"Feature","properties":{"osmId":"way/953339238","kind":"road","highway":"residential","name":null,"level":"0","floor":0,"bridge":false,"wheelchair":null},"geometry":{"type":"LineString","coordinates":[[80.244823,26.50398],[80.244999,26.504173],[80.245018,26.504187],[80.24504,26.50419],[80.245066,26.504184],[80.245388,26.503984]]}},{"type":"Feature","properties":{"osmId":"way/953339239","kind":"road","highway":"residential","name":null,"level":"0","floor":0,"bridge":false,"wheelchair":null},"geometry":{"type":"LineString","coordinates":[[80.245116,26.503693],[80.245388,26.503984],[80.245519,26.50413]]}},{"type":"Feature","properties":{"osmId":"way/953339240","kind":"road","highway":"residential","name":null,"level":"0","floor":0,"bridge":false,"wheelchair":null},"geometry":{"type":"LineString","coordinates":[[80.244634,26.502954],[80.245206,26.503625]]}},{"type":"Feature","properties":{"osmId":"way/953339243","kind":"road","highway":"residential","name":null,"level":"0","floor":0,"bridge":false,"wheelchair":null},"geometry":{"type":"LineString","coordinates":[[80.244966,26.502619],[80.245313,26.503064]]}},{"type":"Feature","properties":{"osmId":"way/953339244","kind":"road","highway":"residential","name":null,"level":"0","floor":0,"bridge":false,"wheelchair":null},"geometry":{"type":"LineString","coordinates":[[80.245209,26.502339],[80.245676,26.502819]]}},{"type":"Feature","properties":{"osmId":"way/953339245","kind":"road","highway":"residential","name":null,"level":"0","floor":0,"bridge":false,"wheelchair":null},"geometry":{"type":"LineString","coordinates":[[80.245651,26.502388],[80.245873,26.502215]]}},{"type":"Feature","properties":{"osmId":"way/953339246","kind":"road","highway":"residential","name":null,"level":"0","floor":0,"bridge":false,"wheelchair":null},"geometry":{"type":"LineString","coordinates":[[80.246167,26.50257],[80.246539,26.502324]]}},{"type":"Feature","properties":{"osmId":"way/953339248","kind":"road","highway":"residential","name":null,"level":"0","floor":0,"bridge":false,"wheelchair":null},"geometry":{"type":"LineString","coordinates":[[80.247115,26.502215],[80.246991,26.502076],[80.246844,26.501919]]}},{"type":"Feature","properties":{"osmId":"way/953339249","kind":"road","highway":"residential","name":null,"level":"0","floor":0,"bridge":false,"wheelchair":null},"geometry":{"type":"LineString","coordinates":[[80.246578,26.502368],[80.246991,26.502076]]}},{"type":"Feature","properties":{"osmId":"way/953339250","kind":"road","highway":"residential","name":null,"level":"0","floor":0,"bridge":false,"wheelchair":null},"geometry":{"type":"LineString","coordinates":[[80.248717,26.504152],[80.248583,26.503734]]}},{"type":"Feature","properties":{"osmId":"way/953339870","kind":"road","highway":"residential","name":null,"level":"0","floor":0,"bridge":false,"wheelchair":null},"geometry":{"type":"LineString","coordinates":[[80.245495,26.501993],[80.244923,26.501555]]}},{"type":"Feature","properties":{"osmId":"way/953339871","kind":"road","highway":"residential","name":null,"level":"0","floor":0,"bridge":false,"wheelchair":null},"geometry":{"type":"LineString","coordinates":[[80.245566,26.501295],[80.245871,26.500979]]}},{"type":"Feature","properties":{"osmId":"way/953339872","kind":"road","highway":"residential","name":null,"level":"0","floor":0,"bridge":false,"wheelchair":null},"geometry":{"type":"LineString","coordinates":[[80.24574,26.501719],[80.245184,26.501279]]}},{"type":"Feature","properties":{"osmId":"way/953339873","kind":"road","highway":"residential","name":null,"level":"0","floor":0,"bridge":false,"wheelchair":null},"geometry":{"type":"LineString","coordinates":[[80.24617,26.50122],[80.245871,26.500979],[80.245642,26.500795]]}},{"type":"Feature","properties":{"osmId":"way/953339874","kind":"road","highway":"residential","name":null,"level":"0","floor":0,"bridge":false,"wheelchair":null},"geometry":{"type":"LineString","coordinates":[[80.246009,26.501716],[80.246319,26.501429],[80.246334,26.501405],[80.246345,26.501373],[80.246356,26.501349],[80.246372,26.501329],[80.246685,26.500998],[80.24674,26.50092],[80.246778,26.500847],[80.246801,26.500788],[80.246809,26.500727],[80.246807,26.500679],[80.246807,26.500639],[80.246812,26.500589],[80.246866,26.500382]]}},{"type":"Feature","properties":{"osmId":"way/953339875","kind":"road","highway":"residential","name":null,"level":"0","floor":0,"bridge":false,"wheelchair":null},"geometry":{"type":"LineString","coordinates":[[80.24715,26.501084],[80.247056,26.501019],[80.247044,26.501004],[80.247039,26.50098],[80.247091,26.500422]]}},{"type":"Feature","properties":{"osmId":"way/953339876","kind":"road","highway":"residential","name":null,"level":"0","floor":0,"bridge":false,"wheelchair":null},"geometry":{"type":"LineString","coordinates":[[80.24721,26.501119],[80.247334,26.500998],[80.247374,26.500954],[80.247427,26.500878],[80.247497,26.500735],[80.247524,26.50069],[80.24756,26.500647],[80.247649,26.500531]]}},{"type":"Feature","properties":{"osmId":"way/953339878","kind":"road","highway":"residential","name":null,"level":"0","floor":0,"bridge":false,"wheelchair":null},"geometry":{"type":"LineString","coordinates":[[80.248635,26.502231],[80.248353,26.501804]]}},{"type":"Feature","properties":{"osmId":"way/953340576","kind":"road","highway":"residential","name":null,"level":"0","floor":0,"bridge":false,"wheelchair":null},"geometry":{"type":"LineString","coordinates":[[80.243702,26.502669],[80.243414,26.502893],[80.243348,26.502957],[80.242684,26.503391]]}},{"type":"Feature","properties":{"osmId":"way/953340577","kind":"road","highway":"residential","name":null,"level":"0","floor":0,"bridge":false,"wheelchair":null},"geometry":{"type":"LineString","coordinates":[[80.242757,26.502304],[80.242931,26.502475],[80.243414,26.502893]]}},{"type":"Feature","properties":{"osmId":"way/953340578","kind":"road","highway":"residential","name":null,"level":"0","floor":0,"bridge":false,"wheelchair":null},"geometry":{"type":"LineString","coordinates":[[80.242481,26.50315],[80.242927,26.502822]]}},{"type":"Feature","properties":{"osmId":"way/953340579","kind":"road","highway":"residential","name":null,"level":"0","floor":0,"bridge":false,"wheelchair":null},"geometry":{"type":"LineString","coordinates":[[80.242288,26.502974],[80.242721,26.502636],[80.242931,26.502475]]}},{"type":"Feature","properties":{"osmId":"way/953340583","kind":"road","highway":"residential","name":null,"level":"0","floor":0,"bridge":false,"wheelchair":null},"geometry":{"type":"LineString","coordinates":[[80.242281,26.504114],[80.242627,26.503853]]}},{"type":"Feature","properties":{"osmId":"way/953340585","kind":"road","highway":"residential","name":null,"level":"0","floor":0,"bridge":false,"wheelchair":null},"geometry":{"type":"LineString","coordinates":[[80.242447,26.5051],[80.242781,26.505473]]}},{"type":"Feature","properties":{"osmId":"way/953340587","kind":"road","highway":"residential","name":null,"level":"0","floor":0,"bridge":false,"wheelchair":null},"geometry":{"type":"LineString","coordinates":[[80.243045,26.504618],[80.243476,26.505047]]}},{"type":"Feature","properties":{"osmId":"way/953340588","kind":"road","highway":"service","name":null,"level":"0","floor":0,"bridge":false,"wheelchair":null},"geometry":{"type":"LineString","coordinates":[[80.243553,26.504588],[80.243784,26.504808]]}},{"type":"Feature","properties":{"osmId":"way/953341872","kind":"road","highway":"residential","name":null,"level":"0","floor":0,"bridge":false,"wheelchair":null},"geometry":{"type":"LineString","coordinates":[[80.244564,26.502351],[80.24427,26.502133],[80.243898,26.501856],[80.243881,26.50183],[80.243883,26.501796],[80.244145,26.50148]]}},{"type":"Feature","properties":{"osmId":"way/953341874","kind":"road","highway":"residential","name":null,"level":"0","floor":0,"bridge":false,"wheelchair":null},"geometry":{"type":"LineString","coordinates":[[80.242354,26.502361],[80.242555,26.502212],[80.242564,26.502194],[80.242555,26.502171],[80.242416,26.502028]]}},{"type":"Feature","properties":{"osmId":"way/953341875","kind":"road","highway":"residential","name":null,"level":"0","floor":0,"bridge":false,"wheelchair":null},"geometry":{"type":"LineString","coordinates":[[80.243769,26.501463],[80.243262,26.500912]]}},{"type":"Feature","properties":{"osmId":"way/953341876","kind":"road","highway":"residential","name":null,"level":"0","floor":0,"bridge":false,"wheelchair":null},"geometry":{"type":"LineString","coordinates":[[80.243332,26.501406],[80.243014,26.501098]]}},{"type":"Feature","properties":{"osmId":"way/953341877","kind":"road","highway":"residential","name":null,"level":"0","floor":0,"bridge":false,"wheelchair":null},"geometry":{"type":"LineString","coordinates":[[80.243081,26.501589],[80.243332,26.501406],[80.243446,26.501322]]}},{"type":"Feature","properties":{"osmId":"way/953341878","kind":"road","highway":"residential","name":null,"level":"0","floor":0,"bridge":false,"wheelchair":null},"geometry":{"type":"LineString","coordinates":[[80.243345,26.501838],[80.243081,26.501589],[80.242754,26.50128]]}},{"type":"Feature","properties":{"osmId":"way/953341879","kind":"road","highway":"residential","name":null,"level":"0","floor":0,"bridge":false,"wheelchair":null},"geometry":{"type":"LineString","coordinates":[[80.243065,26.502084],[80.243345,26.501838],[80.243769,26.501463],[80.243965,26.50129]]}},{"type":"Feature","properties":{"osmId":"way/953341880","kind":"road","highway":"residential","name":null,"level":"0","floor":0,"bridge":false,"wheelchair":null},"geometry":{"type":"LineString","coordinates":[[80.244096,26.501141],[80.244007,26.501065],[80.243973,26.501024],[80.243947,26.50098],[80.243918,26.500937],[80.24389,26.5009],[80.243402,26.50044],[80.243366,26.500384],[80.243345,26.500337],[80.243297,26.500206]]}},{"type":"Feature","properties":{"osmId":"way/953341881","kind":"road","highway":"residential","name":null,"level":"0","floor":0,"bridge":false,"wheelchair":null},"geometry":{"type":"LineString","coordinates":[[80.243965,26.50129],[80.244096,26.501141],[80.244148,26.50109],[80.244176,26.501083],[80.244195,26.501088],[80.244253,26.501141],[80.244274,26.501148],[80.244304,26.501134]]}},{"type":"Feature","properties":{"osmId":"way/953358598","kind":"road","highway":"residential","name":null,"level":"0","floor":0,"bridge":false,"wheelchair":null},"geometry":{"type":"LineString","coordinates":[[80.248441,26.501416],[80.248636,26.501286]]}},{"type":"Feature","properties":{"osmId":"way/953358600","kind":"road","highway":"residential","name":null,"level":"0","floor":0,"bridge":false,"wheelchair":null},"geometry":{"type":"LineString","coordinates":[[80.247707,26.500737],[80.248063,26.501106]]}},{"type":"Feature","properties":{"osmId":"way/953358601","kind":"road","highway":"residential","name":null,"level":"0","floor":0,"bridge":false,"wheelchair":null},"geometry":{"type":"LineString","coordinates":[[80.244147,26.500011],[80.244378,26.500241],[80.244402,26.500252],[80.244429,26.500248],[80.244449,26.500233],[80.244733,26.499972]]}},{"type":"Feature","properties":{"osmId":"way/953358607","kind":"road","highway":"residential","name":null,"level":"0","floor":0,"bridge":false,"wheelchair":null},"geometry":{"type":"LineString","coordinates":[[80.243341,26.499667],[80.243633,26.499995]]}},{"type":"Feature","properties":{"osmId":"way/953358610","kind":"road","highway":"residential","name":null,"level":"0","floor":0,"bridge":false,"wheelchair":null},"geometry":{"type":"LineString","coordinates":[[80.243702,26.502669],[80.24427,26.502133]]}},{"type":"Feature","properties":{"osmId":"way/953367207","kind":"road","highway":"residential","name":null,"level":"0","floor":0,"bridge":false,"wheelchair":null},"geometry":{"type":"LineString","coordinates":[[80.242901,26.505884],[80.243366,26.505501]]}},{"type":"Feature","properties":{"osmId":"way/953377503","kind":"road","highway":"residential","name":null,"level":"0","floor":0,"bridge":false,"wheelchair":null},"geometry":{"type":"LineString","coordinates":[[80.246937,26.500162],[80.247011,26.500167],[80.247078,26.500165],[80.247385,26.500113]]}},{"type":"Feature","properties":{"osmId":"way/953377507","kind":"road","highway":"residential","name":null,"level":"0","floor":0,"bridge":false,"wheelchair":null},"geometry":{"type":"LineString","coordinates":[[80.245058,26.500197],[80.245141,26.500087],[80.245197,26.500015],[80.245251,26.499953],[80.245353,26.499871],[80.245431,26.499847],[80.24549,26.499843],[80.245694,26.49985],[80.245895,26.499852],[80.246331,26.499857]]}},{"type":"Feature","properties":{"osmId":"way/953379397","kind":"road","highway":"residential","name":null,"level":"0","floor":0,"bridge":false,"wheelchair":null},"geometry":{"type":"LineString","coordinates":[[80.246588,26.505389],[80.246496,26.505243]]}},{"type":"Feature","properties":{"osmId":"way/953379402","kind":"road","highway":"residential","name":null,"level":"0","floor":0,"bridge":false,"wheelchair":null},"geometry":{"type":"LineString","coordinates":[[80.247457,26.505333],[80.247772,26.505203],[80.248261,26.505]]}},{"type":"Feature","properties":{"osmId":"way/953380039","kind":"road","highway":"residential","name":null,"level":"0","floor":0,"bridge":false,"wheelchair":null},"geometry":{"type":"LineString","coordinates":[[80.248034,26.500343],[80.247559,26.499879]]}},{"type":"Feature","properties":{"osmId":"way/953389500","kind":"road","highway":"residential","name":null,"level":"0","floor":0,"bridge":false,"wheelchair":null},"geometry":{"type":"LineString","coordinates":[[80.243777,26.500445],[80.244225,26.500816]]}},{"type":"Feature","properties":{"osmId":"way/1119881572","kind":"road","highway":"residential","name":null,"level":"0","floor":0,"bridge":false,"wheelchair":null},"geometry":{"type":"LineString","coordinates":[[80.246185,26.505915],[80.245994,26.505624]]}},{"type":"Feature","properties":{"osmId":"way/671183959","kind":"road","highway":"residential","name":null,"level":"0","floor":0,"bridge":false,"wheelchair":null},"geometry":{"type":"LineString","coordinates":[[80.25151,26.502018],[80.251122,26.501309],[80.250843,26.500872],[80.250674,26.50061],[80.250497,26.50037],[80.250445,26.500301],[80.250133,26.499932],[80.250067,26.499982],[80.249769,26.500138]]}},{"type":"Feature","properties":{"osmId":"way/682695151","kind":"road","highway":"residential","name":null,"level":"0","floor":0,"bridge":false,"wheelchair":null},"geometry":{"type":"LineString","coordinates":[[80.25184,26.502546],[80.251809,26.502579],[80.251526,26.502885],[80.251127,26.503229],[80.250626,26.502684],[80.250566,26.502659],[80.250217,26.502459],[80.249844,26.502248],[80.249693,26.502162]]}},{"type":"Feature","properties":{"osmId":"way/682695172","kind":"road","highway":"residential","name":null,"level":"0","floor":0,"bridge":false,"wheelchair":null},"geometry":{"type":"LineString","coordinates":[[80.250006,26.5031],[80.249846,26.502941],[80.24975,26.502843],[80.250217,26.502459]]}},{"type":"Feature","properties":{"osmId":"way/682695187","kind":"road","highway":"residential","name":null,"level":"0","floor":0,"bridge":false,"wheelchair":null},"geometry":{"type":"LineString","coordinates":[[80.250566,26.502659],[80.25025,26.502913],[80.250006,26.5031],[80.250012,26.503138],[80.250012,26.503162],[80.250005,26.503176],[80.249904,26.503283],[80.249665,26.503451],[80.24919,26.503755]]}},{"type":"Feature","properties":{"osmId":"way/682695206","kind":"path","highway":"living_street","name":null,"level":"0","floor":0,"bridge":false,"wheelchair":null},"geometry":{"type":"LineString","coordinates":[[80.250036,26.504502],[80.249428,26.503958],[80.24919,26.503755]]}},{"type":"Feature","properties":{"osmId":"way/682695214","kind":"road","highway":"residential","name":null,"level":"0","floor":0,"bridge":false,"wheelchair":null},"geometry":{"type":"LineString","coordinates":[[80.249846,26.502941],[80.249548,26.503137],[80.24939,26.503241],[80.24929,26.503298],[80.248955,26.50349]]}},{"type":"Feature","properties":{"osmId":"way/682695234","kind":"path","highway":"living_street","name":null,"level":"0","floor":0,"bridge":false,"wheelchair":null},"geometry":{"type":"LineString","coordinates":[[80.250989,26.503758],[80.250833,26.503863],[80.25061,26.504014],[80.249904,26.503283]]}},{"type":"Feature","properties":{"osmId":"way/682696033","kind":"road","highway":"residential","name":null,"level":"0","floor":0,"bridge":false,"wheelchair":null},"geometry":{"type":"LineString","coordinates":[[80.250777,26.502382],[80.249663,26.501767],[80.249174,26.501294]]}},{"type":"Feature","properties":{"osmId":"way/682700106","kind":"road","highway":"residential","name":null,"level":"0","floor":0,"bridge":false,"wheelchair":null},"geometry":{"type":"LineString","coordinates":[[80.249632,26.502398],[80.248875,26.501537]]}},{"type":"Feature","properties":{"osmId":"way/953328402","kind":"road","highway":"residential","name":null,"level":"0","floor":0,"bridge":false,"wheelchair":null},"geometry":{"type":"LineString","coordinates":[[80.249724,26.504746],[80.249426,26.50446]]}},{"type":"Feature","properties":{"osmId":"way/953328403","kind":"road","highway":"residential","name":null,"level":"0","floor":0,"bridge":false,"wheelchair":null},"geometry":{"type":"LineString","coordinates":[[80.248894,26.503963],[80.24919,26.503755]]}},{"type":"Feature","properties":{"osmId":"way/953328405","kind":"road","highway":"residential","name":null,"level":"0","floor":0,"bridge":false,"wheelchair":null},"geometry":{"type":"LineString","coordinates":[[80.249428,26.503958],[80.249597,26.503832],[80.249612,26.503822],[80.249625,26.503819],[80.24964,26.503821],[80.249654,26.503826],[80.249984,26.504127]]}},{"type":"Feature","properties":{"osmId":"way/953328406","kind":"road","highway":"residential","name":null,"level":"0","floor":0,"bridge":false,"wheelchair":null},"geometry":{"type":"LineString","coordinates":[[80.249665,26.503451],[80.249997,26.503816],[80.250126,26.503968],[80.25026,26.504095],[80.250393,26.504212]]}},{"type":"Feature","properties":{"osmId":"way/953333561","kind":"road","highway":"residential","name":null,"level":"0","floor":0,"bridge":false,"wheelchair":null},"geometry":{"type":"LineString","coordinates":[[80.248926,26.505301],[80.249387,26.505627],[80.249531,26.505728]]}},{"type":"Feature","properties":{"osmId":"way/953333562","kind":"road","highway":"residential","name":null,"level":"0","floor":0,"bridge":false,"wheelchair":null},"geometry":{"type":"LineString","coordinates":[[80.249216,26.505074],[80.249771,26.505459]]}},{"type":"Feature","properties":{"osmId":"way/953333566","kind":"road","highway":"residential","name":null,"level":"0","floor":0,"bridge":false,"wheelchair":null},"geometry":{"type":"LineString","coordinates":[[80.249061,26.502599],[80.249183,26.502724],[80.249548,26.503137]]}},{"type":"Feature","properties":{"osmId":"way/953333567","kind":"road","highway":"residential","name":null,"level":"0","floor":0,"bridge":false,"wheelchair":null},"geometry":{"type":"LineString","coordinates":[[80.249265,26.502547],[80.249308,26.502594],[80.249326,26.502606],[80.24934,26.50261],[80.249353,26.502607],[80.249371,26.502598],[80.249468,26.502536],[80.249632,26.502398],[80.249844,26.502248]]}},{"type":"Feature","properties":{"osmId":"way/953333568","kind":"road","highway":"residential","name":null,"level":"0","floor":0,"bridge":false,"wheelchair":null},"geometry":{"type":"LineString","coordinates":[[80.249468,26.502536],[80.24975,26.502843]]}},{"type":"Feature","properties":{"osmId":"way/953339251","kind":"road","highway":"residential","name":null,"level":"0","floor":0,"bridge":false,"wheelchair":null},"geometry":{"type":"LineString","coordinates":[[80.249556,26.504876],[80.249977,26.505162]]}},{"type":"Feature","properties":{"osmId":"way/953339879","kind":"road","highway":"residential","name":null,"level":"0","floor":0,"bridge":false,"wheelchair":null},"geometry":{"type":"LineString","coordinates":[[80.249663,26.501767],[80.249926,26.501411]]}},{"type":"Feature","properties":{"osmId":"way/953380026","kind":"road","highway":"residential","name":null,"level":"0","floor":0,"bridge":false,"wheelchair":null},"geometry":{"type":"LineString","coordinates":[[80.249135,26.500592],[80.249301,26.50077],[80.249347,26.500813],[80.249387,26.500843],[80.249421,26.500861],[80.249445,26.500864],[80.249473,26.500852],[80.249535,26.500812]]}},{"type":"Feature","properties":{"osmId":"way/953380027","kind":"road","highway":"residential","name":null,"level":"0","floor":0,"bridge":false,"wheelchair":null},"geometry":{"type":"LineString","coordinates":[[80.250231,26.5008],[80.249964,26.501014],[80.249937,26.501019],[80.249913,26.501008],[80.249854,26.500939],[80.249824,26.500886],[80.249799,26.500832],[80.249769,26.500766],[80.249737,26.500717],[80.249699,26.500669],[80.24944,26.500398]]}},{"type":"Feature","properties":{"osmId":"way/953380031","kind":"road","highway":"residential","name":null,"level":"0","floor":0,"bridge":false,"wheelchair":null},"geometry":{"type":"LineString","coordinates":[[80.250067,26.499982],[80.249804,26.4996]]}},{"type":"Feature","properties":{"osmId":"way/953380034","kind":"road","highway":"residential","name":null,"level":"0","floor":0,"bridge":false,"wheelchair":null},"geometry":{"type":"LineString","coordinates":[[80.248988,26.499781],[80.249355,26.499588]]}},{"type":"Feature","properties":{"osmId":"way/953380035","kind":"road","highway":"residential","name":null,"level":"0","floor":0,"bridge":false,"wheelchair":null},"geometry":{"type":"LineString","coordinates":[[80.248913,26.499669],[80.248988,26.499781],[80.249117,26.499969]]}},{"type":"Feature","properties":{"osmId":"way/953380036","kind":"road","highway":"residential","name":null,"level":"0","floor":0,"bridge":false,"wheelchair":null},"geometry":{"type":"LineString","coordinates":[[80.24944,26.500398],[80.249117,26.499969]]}},{"type":"Feature","properties":{"osmId":"way/953382573","kind":"road","highway":"residential","name":null,"level":"0","floor":0,"bridge":false,"wheelchair":null},"geometry":{"type":"LineString","coordinates":[[80.249816,26.501348],[80.250305,26.500926]]}},{"type":"Feature","properties":{"osmId":"way/672781015","kind":"road","highway":"residential","name":null,"level":"0","floor":0,"bridge":false,"wheelchair":null},"geometry":{"type":"LineString","coordinates":[[80.243685,26.506404],[80.243962,26.506699],[80.244127,26.506874],[80.244259,26.507018],[80.244332,26.507102],[80.244379,26.507179],[80.244401,26.507237],[80.244402,26.507278],[80.244379,26.507304]]}},{"type":"Feature","properties":{"osmId":"way/672781022","kind":"road","highway":"residential","name":null,"level":"0","floor":0,"bridge":false,"wheelchair":null},"geometry":{"type":"LineString","coordinates":[[80.244591,26.507478],[80.244834,26.507669],[80.245054,26.507827],[80.245208,26.507944],[80.245427,26.508113],[80.245761,26.508364],[80.245849,26.508422],[80.246039,26.508587],[80.24631,26.508811],[80.246586,26.509037],[80.246799,26.509214],[80.246851,26.509256],[80.247157,26.509509]]}},{"type":"Feature","properties":{"osmId":"way/672781038","kind":"road","highway":"residential","name":null,"level":"0","floor":0,"bridge":false,"wheelchair":null},"geometry":{"type":"LineString","coordinates":[[80.247138,26.507032],[80.24691,26.507277],[80.246752,26.507449],[80.246582,26.507626],[80.246423,26.507805],[80.246393,26.507837],[80.246303,26.507935]]}},{"type":"Feature","properties":{"osmId":"way/682695125","kind":"path","highway":"living_street","name":null,"level":"0","floor":0,"bridge":false,"wheelchair":null},"geometry":{"type":"LineString","coordinates":[[80.248187,26.508374],[80.247746,26.508003],[80.24691,26.507277]]}},{"type":"Feature","properties":{"osmId":"way/682695131","kind":"road","highway":"residential","name":null,"level":"0","floor":0,"bridge":false,"wheelchair":null},"geometry":{"type":"LineString","coordinates":[[80.245814,26.50932],[80.24631,26.508811]]}},{"type":"Feature","properties":{"osmId":"way/682695140","kind":"road","highway":"residential","name":null,"level":"0","floor":0,"bridge":false,"wheelchair":null},"geometry":{"type":"LineString","coordinates":[[80.246039,26.508587],[80.245565,26.509038],[80.245554,26.509066],[80.245552,26.509101],[80.245572,26.509129],[80.245814,26.50932],[80.246107,26.509506],[80.246413,26.509697],[80.246503,26.509598],[80.246851,26.509256]]}},{"type":"Feature","properties":{"osmId":"way/682695149","kind":"road","highway":"residential","name":null,"level":"0","floor":0,"bridge":false,"wheelchair":null},"geometry":{"type":"LineString","coordinates":[[80.248187,26.508374],[80.248025,26.508544],[80.24789,26.508711],[80.247764,26.508848],[80.247521,26.509112],[80.247157,26.509509],[80.24686,26.509859],[80.246183,26.510733]]}},{"type":"Feature","properties":{"osmId":"way/682695167","kind":"path","highway":"living_street","name":null,"level":"0","floor":0,"bridge":false,"wheelchair":null},"geometry":{"type":"LineString","coordinates":[[80.24789,26.508711],[80.247408,26.508278]]}},{"type":"Feature","properties":{"osmId":"way/682695169","kind":"road","highway":"residential","name":null,"level":"0","floor":0,"bridge":false,"wheelchair":null},"geometry":{"type":"LineString","coordinates":[[80.246107,26.509506],[80.246586,26.509037]]}},{"type":"Feature","properties":{"osmId":"way/682695174","kind":"path","highway":"living_street","name":null,"level":"0","floor":0,"bridge":false,"wheelchair":null},"geometry":{"type":"LineString","coordinates":[[80.247764,26.508848],[80.24723,26.508446],[80.246945,26.508247],[80.246829,26.508174],[80.246393,26.507837]]}},{"type":"Feature","properties":{"osmId":"way/682695177","kind":"road","highway":"residential","name":null,"level":"0","floor":0,"bridge":false,"wheelchair":null},"geometry":{"type":"LineString","coordinates":[[80.245849,26.508422],[80.246036,26.508219],[80.24609,26.50816],[80.246303,26.507935]]}},{"type":"Feature","properties":{"osmId":"way/682695185","kind":"road","highway":"residential","name":null,"level":"0","floor":0,"bridge":false,"wheelchair":null},"geometry":{"type":"LineString","coordinates":[[80.245523,26.508609],[80.245761,26.508364]]}},{"type":"Feature","properties":{"osmId":"way/682695193","kind":"road","highway":"residential","name":null,"level":"0","floor":0,"bridge":false,"wheelchair":null},"geometry":{"type":"LineString","coordinates":[[80.246799,26.509214],[80.247056,26.508925],[80.247058,26.508908],[80.247056,26.508886],[80.246942,26.508789],[80.246513,26.508514],[80.2463,26.508414],[80.246036,26.508219]]}},{"type":"Feature","properties":{"osmId":"way/682695199","kind":"path","highway":"living_street","name":null,"level":"0","floor":0,"bridge":false,"wheelchair":null},"geometry":{"type":"LineString","coordinates":[[80.246977,26.508091],[80.24733,26.508352]]}},{"type":"Feature","properties":{"osmId":"way/682695203","kind":"road","highway":"residential","name":null,"level":"0","floor":0,"bridge":false,"wheelchair":null},"geometry":{"type":"LineString","coordinates":[[80.246942,26.508789],[80.24723,26.508446],[80.24733,26.508352],[80.247408,26.508278],[80.247618,26.508124],[80.247746,26.508003],[80.247806,26.507954]]}},{"type":"Feature","properties":{"osmId":"way/682695208","kind":"path","highway":"living_street","name":null,"level":"0","floor":0,"bridge":false,"wheelchair":null},"geometry":{"type":"LineString","coordinates":[[80.247408,26.508278],[80.247129,26.508003],[80.246927,26.507832],[80.246582,26.507626],[80.245898,26.507156]]}},{"type":"Feature","properties":{"osmId":"way/682695221","kind":"road","highway":"residential","name":null,"level":"0","floor":0,"bridge":false,"wheelchair":null},"geometry":{"type":"LineString","coordinates":[[80.246303,26.507935],[80.245966,26.507646],[80.245888,26.507592],[80.245381,26.507235],[80.245219,26.507124]]}},{"type":"Feature","properties":{"osmId":"way/682695226","kind":"path","highway":"living_street","name":null,"level":"0","floor":0,"bridge":false,"wheelchair":null},"geometry":{"type":"LineString","coordinates":[[80.246752,26.507449],[80.247437,26.507969],[80.247618,26.508124],[80.248025,26.508544]]}},{"type":"Feature","properties":{"osmId":"way/682695230","kind":"road","highway":"residential","name":null,"level":"0","floor":0,"bridge":false,"wheelchair":null},"geometry":{"type":"LineString","coordinates":[[80.24609,26.50816],[80.24532,26.507541],[80.245054,26.507827]]}},{"type":"Feature","properties":{"osmId":"way/682696038","kind":"road","highway":"residential","name":null,"level":"0","floor":0,"bridge":false,"wheelchair":null},"geometry":{"type":"LineString","coordinates":[[80.243397,26.507128],[80.2431,26.507379],[80.242808,26.507611],[80.243245,26.508084]]}},{"type":"Feature","properties":{"osmId":"way/682696039","kind":"road","highway":"residential","name":null,"level":"0","floor":0,"bridge":false,"wheelchair":null},"geometry":{"type":"LineString","coordinates":[[80.243488,26.507791],[80.2431,26.507379]]}},{"type":"Feature","properties":{"osmId":"way/953270888","kind":"road","highway":"service","name":null,"level":"0","floor":0,"bridge":false,"wheelchair":null},"geometry":{"type":"LineString","coordinates":[[80.247514,26.511406],[80.248064,26.51174],[80.248081,26.511746],[80.248096,26.511749],[80.248112,26.511746],[80.248127,26.511737],[80.248202,26.511661]]}},{"type":"Feature","properties":{"osmId":"way/953270889","kind":"road","highway":"service","name":null,"level":"0","floor":0,"bridge":false,"wheelchair":null},"geometry":{"type":"LineString","coordinates":[[80.246988,26.512372],[80.246904,26.511823],[80.246906,26.511799],[80.246917,26.511778],[80.246933,26.511764],[80.246963,26.511755],[80.247197,26.51173],[80.247231,26.511723],[80.247259,26.511713],[80.247283,26.511699],[80.247312,26.511663],[80.247514,26.511406],[80.247619,26.511272]]}},{"type":"Feature","properties":{"osmId":"way/953367197","kind":"road","highway":"residential","name":null,"level":"0","floor":0,"bridge":false,"wheelchair":null},"geometry":{"type":"LineString","coordinates":[[80.246097,26.507114],[80.246278,26.50688]]}},{"type":"Feature","properties":{"osmId":"way/953367198","kind":"road","highway":"residential","name":null,"level":"0","floor":0,"bridge":false,"wheelchair":null},"geometry":{"type":"LineString","coordinates":[[80.24616,26.506803],[80.246278,26.50688],[80.246411,26.506966],[80.246588,26.507118]]}},{"type":"Feature","properties":{"osmId":"way/953367199","kind":"road","highway":"residential","name":null,"level":"0","floor":0,"bridge":false,"wheelchair":null},"geometry":{"type":"LineString","coordinates":[[80.246411,26.506966],[80.246667,26.506693]]}},{"type":"Feature","properties":{"osmId":"way/953367200","kind":"road","highway":"residential","name":null,"level":"0","floor":0,"bridge":false,"wheelchair":null},"geometry":{"type":"LineString","coordinates":[[80.244834,26.507669],[80.245071,26.507419],[80.24509,26.507408],[80.245111,26.507409],[80.245131,26.507417],[80.24532,26.507541]]}},{"type":"Feature","properties":{"osmId":"way/953367202","kind":"road","highway":"residential","name":null,"level":"0","floor":0,"bridge":false,"wheelchair":null},"geometry":{"type":"LineString","coordinates":[[80.243777,26.506846],[80.243962,26.506699],[80.244212,26.506533],[80.244244,26.506524],[80.244277,26.50653],[80.244306,26.506543],[80.244449,26.50664]]}},{"type":"Feature","properties":{"osmId":"way/953367203","kind":"road","highway":"residential","name":null,"level":"0","floor":0,"bridge":false,"wheelchair":null},"geometry":{"type":"LineString","coordinates":[[80.242553,26.507003],[80.242939,26.506665]]}},{"type":"Feature","properties":{"osmId":"way/953367204","kind":"road","highway":"residential","name":null,"level":"0","floor":0,"bridge":false,"wheelchair":null},"geometry":{"type":"LineString","coordinates":[[80.242305,26.506747],[80.242553,26.507003],[80.242741,26.507197]]}},{"type":"Feature","properties":{"osmId":"way/953379393","kind":"road","highway":"residential","name":null,"level":"0","floor":0,"bridge":false,"wheelchair":null},"geometry":{"type":"LineString","coordinates":[[80.245227,26.508353],[80.245427,26.508113]]}},{"type":"Feature","properties":{"osmId":"way/953379394","kind":"road","highway":"residential","name":null,"level":"0","floor":0,"bridge":false,"wheelchair":null},"geometry":{"type":"LineString","coordinates":[[80.245888,26.507592],[80.245975,26.507522],[80.245993,26.507511],[80.24601,26.50751],[80.246025,26.507514],[80.246036,26.50752],[80.246423,26.507805]]}},{"type":"Feature","properties":{"osmId":"way/953379395","kind":"road","highway":"residential","name":null,"level":"0","floor":0,"bridge":false,"wheelchair":null},"geometry":{"type":"LineString","coordinates":[[80.247,26.506392],[80.247282,26.506119]]}},{"type":"Feature","properties":{"osmId":"way/953379399","kind":"road","highway":"service","name":"Lane 10B","level":"0","floor":0,"bridge":false,"wheelchair":null},"geometry":{"type":"LineString","coordinates":[[80.242339,26.509145],[80.242989,26.509151]]}},{"type":"Feature","properties":{"osmId":"way/953379400","kind":"road","highway":"service","name":"Lane 10A","level":"0","floor":0,"bridge":false,"wheelchair":null},"geometry":{"type":"LineString","coordinates":[[80.242318,26.509699],[80.242995,26.509713]]}},{"type":"Feature","properties":{"osmId":"way/953379401","kind":"road","highway":"residential","name":null,"level":"0","floor":0,"bridge":false,"wheelchair":null},"geometry":{"type":"LineString","coordinates":[[80.243796,26.507844],[80.243982,26.507648]]}},{"type":"Feature","properties":{"osmId":"way/953382938","kind":"road","highway":"residential","name":null,"level":"0","floor":0,"bridge":false,"wheelchair":null},"geometry":{"type":"LineString","coordinates":[[80.247583,26.506135],[80.247848,26.506345]]}},{"type":"Feature","properties":{"osmId":"way/954114203","kind":"road","highway":"residential","name":null,"level":"0","floor":0,"bridge":false,"wheelchair":null},"geometry":{"type":"LineString","coordinates":[[80.247161,26.508848],[80.247521,26.509112]]}},{"type":"Feature","properties":{"osmId":"way/973441468","kind":"road","highway":"unclassified","name":null,"level":"0","floor":0,"bridge":false,"wheelchair":null},"geometry":{"type":"LineString","coordinates":[[80.246168,26.511488],[80.246026,26.51139]]}},{"type":"Feature","properties":{"osmId":"way/1144794389","kind":"path","highway":"path","name":null,"level":"0","floor":0,"bridge":false,"wheelchair":null},"geometry":{"type":"LineString","coordinates":[[80.242604,26.50785],[80.242429,26.507971],[80.242351,26.508024]]}},{"type":"Feature","properties":{"osmId":"way/1157377783","kind":"road","highway":"service","name":"Lane 10C","level":"0","floor":0,"bridge":false,"wheelchair":null},"geometry":{"type":"LineString","coordinates":[[80.242352,26.508484],[80.243013,26.508487]]}},{"type":"Feature","properties":{"osmId":"way/1273060492","kind":"road","highway":"residential","name":"IIT Kanpur Main Road","level":"0","floor":0,"bridge":false,"wheelchair":null},"geometry":{"type":"LineString","coordinates":[[80.246183,26.510733],[80.246282,26.510739],[80.246899,26.510776],[80.24696,26.510822]]}},{"type":"Feature","properties":{"osmId":"way/1489035670","kind":"road","highway":"service","name":null,"level":"0","floor":0,"bridge":false,"wheelchair":null},"geometry":{"type":"LineString","coordinates":[[80.243345,26.510687],[80.243343,26.511225]]}},{"type":"Feature","properties":{"osmId":"way/1489035672","kind":"road","highway":"track","name":null,"level":"0","floor":0,"bridge":false,"wheelchair":null},"geometry":{"type":"LineString","coordinates":[[80.245244,26.510724],[80.2452,26.510687],[80.245095,26.510589],[80.245053,26.51057],[80.244949,26.510552],[80.244912,26.510558],[80.244865,26.510576],[80.2448,26.510606]]}},{"type":"Feature","properties":{"osmId":"way/1489035678","kind":"road","highway":"cycleway","name":null,"level":"0","floor":0,"bridge":false,"wheelchair":null},"geometry":{"type":"LineString","coordinates":[[80.242987,26.510682],[80.242898,26.510635],[80.242836,26.510603]]}},{"type":"Feature","properties":{"osmId":"way/1489035681","kind":"road","highway":"cycleway","name":null,"level":"0","floor":0,"bridge":false,"wheelchair":null},"geometry":{"type":"LineString","coordinates":[[80.243676,26.510692],[80.243585,26.510639],[80.243541,26.510613]]}},{"type":"Feature","properties":{"osmId":"way/1489035682","kind":"road","highway":"residential","name":null,"level":"0","floor":0,"bridge":false,"wheelchair":null},"geometry":{"type":"LineString","coordinates":[[80.244891,26.510702],[80.24483,26.510631],[80.2448,26.510606],[80.244778,26.510597],[80.244743,26.510589],[80.244542,26.510593],[80.244511,26.510599],[80.244496,26.510608],[80.24447,26.510631],[80.244393,26.510701]]}},{"type":"Feature","properties":{"osmId":"way/1489183402","kind":"road","highway":"unclassified","name":"IIT Kanpur Main Road","level":"0","floor":0,"bridge":false,"wheelchair":null},"geometry":{"type":"LineString","coordinates":[[80.246145,26.510733],[80.246069,26.510718],[80.245482,26.510709],[80.24539,26.510725],[80.24548,26.51074],[80.246074,26.510745],[80.246145,26.510733]]}},{"type":"Feature","properties":{"osmId":"way/1489183405","kind":"road","highway":"unclassified","name":"IIT Kanpur Main Road","level":"0","floor":0,"bridge":false,"wheelchair":null},"geometry":{"type":"LineString","coordinates":[[80.246145,26.510733],[80.246163,26.510733],[80.246183,26.510733]]}},{"type":"Feature","properties":{"osmId":"way/1489183408","kind":"road","highway":"unclassified","name":"IIT Kanpur Main Road","level":"0","floor":0,"bridge":false,"wheelchair":null},"geometry":{"type":"LineString","coordinates":[[80.244891,26.510702],[80.24498,26.510708],[80.245244,26.510724],[80.24539,26.510725]]}},{"type":"Feature","properties":{"osmId":"way/1489183417","kind":"road","highway":"unclassified","name":"IIT Kanpur Main Road","level":"0","floor":0,"bridge":false,"wheelchair":null},"geometry":{"type":"LineString","coordinates":[[80.244393,26.510701],[80.244471,26.510717],[80.244787,26.510722],[80.244891,26.510702],[80.244785,26.510677],[80.244473,26.510675],[80.244393,26.510701]]}},{"type":"Feature","properties":{"osmId":"way/1489183423","kind":"road","highway":"residential","name":null,"level":"0","floor":0,"bridge":false,"wheelchair":null},"geometry":{"type":"LineString","coordinates":[[80.244251,26.510699],[80.24435,26.51077],[80.24439,26.510782],[80.244742,26.510808],[80.24482,26.510802],[80.244863,26.510787],[80.24498,26.510708]]}},{"type":"Feature","properties":{"osmId":"way/682700090","kind":"road","highway":"unclassified","name":null,"level":"0","floor":0,"bridge":false,"wheelchair":null},"geometry":{"type":"LineString","coordinates":[[80.249901,26.50853],[80.250031,26.508999],[80.250178,26.509526],[80.250318,26.510024],[80.250334,26.510079],[80.250362,26.510128],[80.250392,26.510155],[80.250436,26.510172],[80.250491,26.510176],[80.251094,26.51004],[80.251169,26.510027],[80.251228,26.510038],[80.251273,26.510068],[80.251318,26.510135],[80.251463,26.510374],[80.251723,26.510953],[80.252,26.511491]]}},{"type":"Feature","properties":{"osmId":"way/682700094","kind":"road","highway":"unclassified","name":null,"level":"0","floor":0,"bridge":false,"wheelchair":null},"geometry":{"type":"LineString","coordinates":[[80.254633,26.507435],[80.253869,26.507609],[80.253243,26.507755],[80.252418,26.507947],[80.251361,26.508192],[80.249901,26.50853]]}},{"type":"Feature","properties":{"osmId":"way/953270882","kind":"road","highway":"service","name":null,"level":"0","floor":0,"bridge":false,"wheelchair":null},"geometry":{"type":"LineString","coordinates":[[80.249792,26.510121],[80.249855,26.510112],[80.249917,26.510107],[80.24998,26.510111],[80.250042,26.510128],[80.2501,26.510157],[80.250189,26.510216]]}},{"type":"Feature","properties":{"osmId":"way/953270883","kind":"road","highway":"service","name":null,"level":"0","floor":0,"bridge":false,"wheelchair":null},"geometry":{"type":"LineString","coordinates":[[80.249706,26.510139],[80.249792,26.510121]]}},{"type":"Feature","properties":{"osmId":"way/953270886","kind":"road","highway":"service","name":null,"level":"0","floor":0,"bridge":false,"wheelchair":null},"geometry":{"type":"LineString","coordinates":[[80.249183,26.510731],[80.249547,26.510869],[80.249634,26.510893],[80.249727,26.510914],[80.249807,26.51092],[80.249911,26.510921],[80.250373,26.510857]]}},{"type":"Feature","properties":{"osmId":"way/953270887","kind":"road","highway":"service","name":null,"level":"0","floor":0,"bridge":false,"wheelchair":null},"geometry":{"type":"LineString","coordinates":[[80.249237,26.51146],[80.249151,26.510771]]}},{"type":"Feature","properties":{"osmId":"way/954116790","kind":"road","highway":"service","name":null,"level":"0","floor":0,"bridge":false,"wheelchair":null},"geometry":{"type":"LineString","coordinates":[[80.249666,26.509068],[80.250031,26.508999]]}},{"type":"Feature","properties":{"osmId":"way/954116791","kind":"road","highway":"service","name":null,"level":"0","floor":0,"bridge":false,"wheelchair":null},"geometry":{"type":"LineString","coordinates":[[80.2495,26.508893],[80.249438,26.508626]]}},{"type":"Feature","properties":{"osmId":"way/954116793","kind":"road","highway":"service","name":null,"level":"0","floor":0,"bridge":false,"wheelchair":null},"geometry":{"type":"LineString","coordinates":[[80.249756,26.509601],[80.250178,26.509526]]}},{"type":"Feature","properties":{"osmId":"way/755211574","kind":"road","highway":"unclassified","name":null,"level":"0","floor":0,"bridge":false,"wheelchair":null},"geometry":{"type":"LineString","coordinates":[[80.252,26.511491],[80.252185,26.511785],[80.252249,26.511873],[80.252317,26.511927],[80.252427,26.512001],[80.252525,26.512067],[80.252563,26.512106],[80.252575,26.512131],[80.252582,26.512169],[80.252575,26.51222],[80.252552,26.512283],[80.252486,26.512394],[80.252421,26.512536],[80.252354,26.512761],[80.252198,26.513093],[80.251989,26.513673],[80.251855,26.514117],[80.251527,26.514873],[80.251345,26.515118],[80.251144,26.515382],[80.250629,26.515855],[80.250141,26.516263],[80.249133,26.517131],[80.247353,26.518629],[80.246566,26.519287]]}},{"type":"Feature","properties":{"osmId":"way/953270884","kind":"road","highway":"service","name":null,"level":"0","floor":0,"bridge":false,"wheelchair":null},"geometry":{"type":"LineString","coordinates":[[80.248601,26.510666],[80.248635,26.510658],[80.248655,26.510658],[80.248669,26.51066],[80.24869,26.510668],[80.248833,26.510757],[80.248864,26.510765],[80.248892,26.51076],[80.248917,26.510742],[80.249144,26.510437],[80.249213,26.510356],[80.249282,26.510298],[80.249356,26.510251],[80.249455,26.510204],[80.249557,26.510177],[80.249706,26.510139]]}},{"type":"Feature","properties":{"osmId":"way/953270890","kind":"road","highway":"service","name":null,"level":"0","floor":0,"bridge":false,"wheelchair":null},"geometry":{"type":"LineString","coordinates":[[80.24696,26.510822],[80.247619,26.511272],[80.247758,26.511365],[80.248202,26.511661],[80.248309,26.511732],[80.248334,26.511744],[80.248356,26.511747],[80.248377,26.511742],[80.248401,26.511726],[80.249151,26.510771],[80.249183,26.510731],[80.249305,26.510575],[80.249396,26.510494],[80.249455,26.510455],[80.249534,26.510418],[80.249681,26.510367],[80.250189,26.510216],[80.250233,26.510203],[80.250392,26.510155]]}},{"type":"Feature","properties":{"osmId":"way/953379384","kind":"road","highway":"service","name":null,"level":"0","floor":0,"bridge":false,"wheelchair":null},"geometry":{"type":"LineString","coordinates":[[80.249445,26.519167],[80.249288,26.518991],[80.249278,26.518971],[80.249278,26.518957],[80.249283,26.518936],[80.249297,26.518919],[80.2494,26.518823],[80.249429,26.518788],[80.249441,26.518757],[80.249443,26.518703],[80.249422,26.518563],[80.249386,26.518432],[80.249372,26.518378],[80.249371,26.518342],[80.249375,26.518317],[80.249385,26.518279],[80.249399,26.518255],[80.249452,26.518182]]}},{"type":"Feature","properties":{"osmId":"way/953379387","kind":"road","highway":"service","name":null,"level":"0","floor":0,"bridge":false,"wheelchair":null},"geometry":{"type":"LineString","coordinates":[[80.249318,26.5207],[80.24862,26.519927],[80.248599,26.519893],[80.248594,26.519867],[80.248599,26.51984],[80.248615,26.51981],[80.248649,26.519777],[80.249445,26.519167],[80.249484,26.519138],[80.250393,26.518447]]}},{"type":"Feature","properties":{"osmId":"way/953379390","kind":"road","highway":"service","name":null,"level":"0","floor":0,"bridge":false,"wheelchair":null},"geometry":{"type":"LineString","coordinates":[[80.248552,26.507568],[80.248716,26.507234],[80.248753,26.507168],[80.24878,26.507134],[80.248812,26.507114],[80.248849,26.507102],[80.2489,26.507099],[80.249251,26.507075]]}},{"type":"Feature","properties":{"osmId":"way/953393342","kind":"road","highway":"unclassified","name":null,"level":"0","floor":0,"bridge":false,"wheelchair":null},"geometry":{"type":"LineString","coordinates":[[80.251469,26.519601],[80.250434,26.518491],[80.250393,26.518447],[80.24962,26.517618],[80.249133,26.517131]]}},{"type":"Feature","properties":{"osmId":"way/954116792","kind":"road","highway":"residential","name":null,"level":"0","floor":0,"bridge":false,"wheelchair":null},"geometry":{"type":"LineString","coordinates":[[80.249901,26.50853],[80.249438,26.508626],[80.249228,26.50867],[80.249197,26.508683],[80.249152,26.508725],[80.248644,26.509335]]}},{"type":"Feature","properties":{"osmId":"way/953278131","kind":"road","highway":"residential","name":null,"level":"0","floor":0,"bridge":false,"wheelchair":null},"geometry":{"type":"LineString","coordinates":[[80.24564,26.512815],[80.246231,26.513191],[80.246367,26.513278],[80.246466,26.513341],[80.246482,26.51336],[80.24649,26.513381],[80.246488,26.513401],[80.246477,26.513426],[80.245929,26.514132],[80.24591,26.51415],[80.245893,26.514159],[80.245872,26.514159],[80.245846,26.514148],[80.245762,26.514096],[80.245621,26.514008],[80.245389,26.513863],[80.245141,26.513709],[80.245127,26.513691],[80.245122,26.513672],[80.245128,26.513649],[80.24518,26.513568],[80.245534,26.513144],[80.245541,26.513122],[80.24554,26.513105],[80.245533,26.513084],[80.24552,26.513069],[80.24542,26.512995]]}},{"type":"Feature","properties":{"osmId":"way/953278132","kind":"road","highway":"residential","name":null,"level":"0","floor":0,"bridge":false,"wheelchair":null},"geometry":{"type":"LineString","coordinates":[[80.24465,26.513252],[80.24518,26.513568]]}},{"type":"Feature","properties":{"osmId":"way/953393345","kind":"road","highway":"residential","name":null,"level":"0","floor":0,"bridge":false,"wheelchair":null},"geometry":{"type":"LineString","coordinates":[[80.246061,26.513429],[80.246231,26.513191]]}},{"type":"Feature","properties":{"osmId":"way/953393346","kind":"road","highway":"residential","name":null,"level":"0","floor":0,"bridge":false,"wheelchair":null},"geometry":{"type":"LineString","coordinates":[[80.245389,26.513863],[80.245554,26.513624]]}},{"type":"Feature","properties":{"osmId":"way/953393347","kind":"road","highway":"residential","name":null,"level":"0","floor":0,"bridge":false,"wheelchair":null},"geometry":{"type":"LineString","coordinates":[[80.245621,26.514008],[80.245786,26.513806]]}},{"type":"Feature","properties":{"osmId":"way/953393348","kind":"road","highway":"residential","name":null,"level":"0","floor":0,"bridge":false,"wheelchair":null},"geometry":{"type":"LineString","coordinates":[[80.245762,26.514096],[80.246367,26.513278]]}},{"type":"Feature","properties":{"osmId":"way/953379385","kind":"road","highway":"service","name":null,"level":"0","floor":0,"bridge":false,"wheelchair":null},"geometry":{"type":"LineString","coordinates":[[80.249197,26.51792],[80.24962,26.517618]]}},{"type":"Feature","properties":{"osmId":"way/953379386","kind":"road","highway":"service","name":null,"level":"0","floor":0,"bridge":false,"wheelchair":null},"geometry":{"type":"LineString","coordinates":[[80.248936,26.517652],[80.249197,26.51792],[80.249452,26.518182],[80.249588,26.518322]]}},{"type":"Feature","properties":{"osmId":"way/741266859","kind":"road","highway":"tertiary","name":null,"level":"0","floor":0,"bridge":true,"wheelchair":null},"geometry":{"type":"LineString","coordinates":[[80.216153,26.519264],[80.216207,26.519288]]}},{"type":"Feature","properties":{"osmId":"way/950234371","kind":"road","highway":"residential","name":null,"level":"0","floor":0,"bridge":false,"wheelchair":null},"geometry":{"type":"LineString","coordinates":[[80.218125,26.524496],[80.218182,26.524497],[80.218209,26.524491],[80.218226,26.52448],[80.218237,26.524458],[80.218279,26.524313]]}},{"type":"Feature","properties":{"osmId":"way/950234372","kind":"road","highway":"residential","name":null,"level":"0","floor":0,"bridge":false,"wheelchair":null},"geometry":{"type":"LineString","coordinates":[[80.218478,26.525321],[80.218138,26.525037],[80.218122,26.52502],[80.218115,26.525008],[80.21811,26.524995],[80.218106,26.524969],[80.218125,26.524496],[80.218125,26.524436],[80.218129,26.5244],[80.218137,26.524377],[80.218156,26.524357],[80.218184,26.524342],[80.218279,26.524313],[80.218309,26.524302],[80.21833,26.524286],[80.218345,26.524262],[80.218361,26.524223],[80.218402,26.524098],[80.218416,26.524065],[80.218434,26.524043],[80.218457,26.524026],[80.218521,26.523996]]}},{"type":"Feature","properties":{"osmId":"way/950234373","kind":"road","highway":"residential","name":null,"level":"0","floor":0,"bridge":false,"wheelchair":null},"geometry":{"type":"LineString","coordinates":[[80.218438,26.524817],[80.218773,26.525097]]}},{"type":"Feature","properties":{"osmId":"way/950234374","kind":"road","highway":"residential","name":null,"level":"0","floor":0,"bridge":false,"wheelchair":null},"geometry":{"type":"LineString","coordinates":[[80.219011,26.524833],[80.218977,26.524777],[80.218965,26.524749],[80.218956,26.524719],[80.218949,26.524685],[80.218933,26.52458],[80.218921,26.524534],[80.218909,26.524502],[80.218889,26.524463],[80.218737,26.524227],[80.218707,26.524185],[80.218671,26.524149],[80.218545,26.524049],[80.218533,26.524033],[80.218525,26.524016],[80.218521,26.523996],[80.218526,26.52398],[80.218535,26.523963],[80.218548,26.523946],[80.218713,26.523792],[80.218767,26.52374],[80.219418,26.523118],[80.220133,26.522434]]}},{"type":"Feature","properties":{"osmId":"way/950234375","kind":"road","highway":"residential","name":null,"level":"0","floor":0,"bridge":false,"wheelchair":null},"geometry":{"type":"LineString","coordinates":[[80.220167,26.524875],[80.22001,26.524753],[80.219836,26.524618],[80.219806,26.524595],[80.219543,26.524405],[80.219397,26.524299],[80.218713,26.523792]]}},{"type":"Feature","properties":{"osmId":"way/950234378","kind":"road","highway":"residential","name":null,"level":"0","floor":0,"bridge":false,"wheelchair":null},"geometry":{"type":"LineString","coordinates":[[80.21694,26.52169],[80.217501,26.521944],[80.217976,26.52216]]}},{"type":"Feature","properties":{"osmId":"way/950234379","kind":"road","highway":"residential","name":null,"level":"0","floor":0,"bridge":false,"wheelchair":null},"geometry":{"type":"LineString","coordinates":[[80.217725,26.520322],[80.217531,26.520633],[80.217411,26.520816],[80.217192,26.521101],[80.217108,26.521222],[80.217052,26.521344],[80.21701,26.521473],[80.21694,26.52169],[80.216842,26.521891],[80.216823,26.521945],[80.216837,26.521991],[80.216893,26.522025],[80.217018,26.52208],[80.21734,26.522224],[80.217762,26.522412],[80.217784,26.52242],[80.217801,26.522423],[80.217817,26.522419],[80.217831,26.522407],[80.217841,26.522391],[80.217976,26.52216],[80.21848,26.521274],[80.218722,26.520774]]}},{"type":"Feature","properties":{"osmId":"way/950399438","kind":"road","highway":"residential","name":null,"level":"0","floor":0,"bridge":false,"wheelchair":null},"geometry":{"type":"LineString","coordinates":[[80.21734,26.522224],[80.217501,26.521944],[80.217785,26.521398]]}},{"type":"Feature","properties":{"osmId":"way/950399439","kind":"road","highway":"residential","name":null,"level":"0","floor":0,"bridge":false,"wheelchair":null},"geometry":{"type":"LineString","coordinates":[[80.217531,26.520633],[80.218038,26.5209],[80.218075,26.520909],[80.218105,26.5209],[80.218136,26.520874],[80.218162,26.520843],[80.218312,26.520597]]}},{"type":"Feature","properties":{"osmId":"way/950399440","kind":"road","highway":"residential","name":null,"level":"0","floor":0,"bridge":false,"wheelchair":null},"geometry":{"type":"LineString","coordinates":[[80.217411,26.520816],[80.217675,26.520945]]}},{"type":"Feature","properties":{"osmId":"way/950399441","kind":"road","highway":"residential","name":null,"level":"0","floor":0,"bridge":false,"wheelchair":null},"geometry":{"type":"LineString","coordinates":[[80.217486,26.520192],[80.217241,26.520497],[80.21713,26.520636],[80.217053,26.520722],[80.21702,26.520745],[80.216987,26.520749],[80.216953,26.520732],[80.216874,26.520671]]}},{"type":"Feature","properties":{"osmId":"way/950399442","kind":"road","highway":"residential","name":null,"level":"0","floor":0,"bridge":false,"wheelchair":null},"geometry":{"type":"LineString","coordinates":[[80.217241,26.520497],[80.216861,26.52023]]}},{"type":"Feature","properties":{"osmId":"way/950399443","kind":"road","highway":"service","name":null,"level":"0","floor":0,"bridge":false,"wheelchair":null},"geometry":{"type":"LineString","coordinates":[[80.216325,26.520592],[80.216603,26.520758]]}},{"type":"Feature","properties":{"osmId":"way/950480135","kind":"road","highway":"residential","name":null,"level":"0","floor":0,"bridge":false,"wheelchair":null},"geometry":{"type":"LineString","coordinates":[[80.217106,26.519993],[80.217544,26.519705],[80.217607,26.519653],[80.21767,26.519599],[80.217739,26.519547],[80.217934,26.519423],[80.218016,26.519387],[80.218095,26.519379],[80.218171,26.519396],[80.218389,26.519509]]}},{"type":"Feature","properties":{"osmId":"way/950480136","kind":"road","highway":"residential","name":null,"level":"0","floor":0,"bridge":false,"wheelchair":null},"geometry":{"type":"LineString","coordinates":[[80.221143,26.520554],[80.221347,26.520357],[80.221366,26.520323],[80.221365,26.520278],[80.221345,26.520239],[80.221079,26.519991],[80.220889,26.519807],[80.220854,26.519785],[80.220815,26.519779],[80.220773,26.519789],[80.220248,26.520232],[80.220181,26.5203],[80.220026,26.52045],[80.219881,26.520571],[80.219839,26.520607],[80.219798,26.520624],[80.219755,26.520623],[80.219709,26.520606],[80.219643,26.520587],[80.219565,26.520578],[80.219498,26.520583],[80.219207,26.520659],[80.219143,26.520671],[80.219073,26.520698],[80.219009,26.520742],[80.218875,26.520851]]}},{"type":"Feature","properties":{"osmId":"way/950480137","kind":"road","highway":"residential","name":null,"level":"0","floor":0,"bridge":false,"wheelchair":null},"geometry":{"type":"LineString","coordinates":[[80.219073,26.520698],[80.219184,26.520405],[80.21919,26.520356],[80.219178,26.520287],[80.219152,26.520222],[80.219123,26.520173],[80.218995,26.519948],[80.21893,26.519863],[80.218857,26.519785],[80.21848,26.519448]]}},{"type":"Feature","properties":{"osmId":"way/950480139","kind":"road","highway":"residential","name":null,"level":"0","floor":0,"bridge":false,"wheelchair":null},"geometry":{"type":"LineString","coordinates":[[80.217486,26.520192],[80.217715,26.519953],[80.21776,26.519913],[80.217817,26.519887],[80.217943,26.519866],[80.218,26.519844],[80.218041,26.519804],[80.218081,26.519753],[80.218122,26.519702],[80.218169,26.519655],[80.218239,26.519611],[80.218389,26.519509],[80.21848,26.519448],[80.218885,26.519169]]}},{"type":"Feature","properties":{"osmId":"way/951404186","kind":"road","highway":"residential","name":null,"level":"0","floor":0,"bridge":false,"wheelchair":null},"geometry":{"type":"LineString","coordinates":[[80.221093,26.523597],[80.221334,26.523401],[80.221343,26.523368],[80.221342,26.523346],[80.221331,26.523328],[80.221091,26.523131]]}},{"type":"Feature","properties":{"osmId":"way/951404187","kind":"road","highway":"residential","name":null,"level":"0","floor":0,"bridge":false,"wheelchair":null},"geometry":{"type":"LineString","coordinates":[[80.220984,26.523233],[80.221091,26.523131],[80.221406,26.522829],[80.221469,26.522769],[80.221602,26.522617],[80.221626,26.52259],[80.221894,26.522279]]}},{"type":"Feature","properties":{"osmId":"way/951404188","kind":"road","highway":"residential","name":null,"level":"0","floor":0,"bridge":false,"wheelchair":null},"geometry":{"type":"LineString","coordinates":[[80.221698,26.523049],[80.221406,26.522829]]}},{"type":"Feature","properties":{"osmId":"way/951404189","kind":"road","highway":"residential","name":null,"level":"0","floor":0,"bridge":false,"wheelchair":null},"geometry":{"type":"LineString","coordinates":[[80.221908,26.522817],[80.221626,26.52259]]}},{"type":"Feature","properties":{"osmId":"way/951404190","kind":"road","highway":"residential","name":null,"level":"0","floor":0,"bridge":false,"wheelchair":null},"geometry":{"type":"LineString","coordinates":[[80.219836,26.524618],[80.220206,26.524223],[80.22026,26.52419],[80.220335,26.524176],[80.220411,26.524191],[80.220486,26.524227],[80.220588,26.524307],[80.220784,26.524462],[80.221089,26.524733],[80.221441,26.525044]]}},{"type":"Feature","properties":{"osmId":"way/951404191","kind":"road","highway":"residential","name":null,"level":"0","floor":0,"bridge":false,"wheelchair":null},"geometry":{"type":"LineString","coordinates":[[80.219985,26.523928],[80.219543,26.524405]]}},{"type":"Feature","properties":{"osmId":"way/951404193","kind":"road","highway":"residential","name":null,"level":"0","floor":0,"bridge":false,"wheelchair":null},"geometry":{"type":"LineString","coordinates":[[80.219557,26.525355],[80.219721,26.525193]]}},{"type":"Feature","properties":{"osmId":"way/951404194","kind":"road","highway":"residential","name":null,"level":"0","floor":0,"bridge":false,"wheelchair":null},"geometry":{"type":"LineString","coordinates":[[80.221089,26.524733],[80.221074,26.524742],[80.220508,26.525215],[80.220286,26.525401],[80.220122,26.525537]]}},{"type":"Feature","properties":{"osmId":"way/951404195","kind":"road","highway":"residential","name":null,"level":"0","floor":0,"bridge":false,"wheelchair":null},"geometry":{"type":"LineString","coordinates":[[80.220508,26.525215],[80.220664,26.525376],[80.220847,26.525566]]}},{"type":"Feature","properties":{"osmId":"way/951404196","kind":"road","highway":"residential","name":null,"level":"0","floor":0,"bridge":false,"wheelchair":null},"geometry":{"type":"LineString","coordinates":[[80.220268,26.525681],[80.220336,26.525649],[80.220364,26.525632],[80.220449,26.525559],[80.220664,26.525376]]}},{"type":"Feature","properties":{"osmId":"way/951404197","kind":"road","highway":"residential","name":null,"level":"0","floor":0,"bridge":false,"wheelchair":null},"geometry":{"type":"LineString","coordinates":[[80.220449,26.525559],[80.220286,26.525401]]}},{"type":"Feature","properties":{"osmId":"way/951404198","kind":"road","highway":"residential","name":null,"level":"0","floor":0,"bridge":false,"wheelchair":null},"geometry":{"type":"LineString","coordinates":[[80.221185,26.525522],[80.221238,26.525454],[80.221278,26.525421],[80.22182,26.525012]]}},{"type":"Feature","properties":{"osmId":"way/951415699","kind":"road","highway":"residential","name":null,"level":"0","floor":0,"bridge":false,"wheelchair":null},"geometry":{"type":"LineString","coordinates":[[80.22001,26.524753],[80.220588,26.524307]]}},{"type":"Feature","properties":{"osmId":"way/951415703","kind":"road","highway":"residential","name":null,"level":"0","floor":0,"bridge":false,"wheelchair":null},"geometry":{"type":"LineString","coordinates":[[80.222297,26.524379],[80.222097,26.5242],[80.222074,26.524166],[80.222063,26.524132],[80.222083,26.5241],[80.222269,26.523937],[80.222515,26.523715]]}},{"type":"Feature","properties":{"osmId":"way/951415704","kind":"road","highway":"residential","name":null,"level":"0","floor":0,"bridge":false,"wheelchair":null},"geometry":{"type":"LineString","coordinates":[[80.222531,26.524162],[80.222269,26.523937]]}},{"type":"Feature","properties":{"osmId":"way/951415714","kind":"road","highway":"residential","name":null,"level":"0","floor":0,"bridge":false,"wheelchair":null},"geometry":{"type":"LineString","coordinates":[[80.222363,26.522034],[80.222554,26.522222],[80.222574,26.522269],[80.22257,26.522303],[80.222562,26.522323],[80.222244,26.522536]]}},{"type":"Feature","properties":{"osmId":"way/951467805","kind":"road","highway":"residential","name":null,"level":"0","floor":0,"bridge":false,"wheelchair":null},"geometry":{"type":"LineString","coordinates":[[80.220966,26.522692],[80.220408,26.522184]]}},{"type":"Feature","properties":{"osmId":"way/951472309","kind":"road","highway":"service","name":null,"level":"0","floor":0,"bridge":false,"wheelchair":null},"geometry":{"type":"LineString","coordinates":[[80.219418,26.523118],[80.219949,26.523588],[80.219976,26.523599],[80.220003,26.523597],[80.22003,26.523576],[80.220394,26.523234]]}},{"type":"Feature","properties":{"osmId":"way/952236079","kind":"road","highway":"residential","name":null,"level":"0","floor":0,"bridge":false,"wheelchair":null},"geometry":{"type":"LineString","coordinates":[[80.222227,26.521377],[80.222594,26.521783]]}},{"type":"Feature","properties":{"osmId":"way/952236081","kind":"road","highway":"residential","name":null,"level":"0","floor":0,"bridge":false,"wheelchair":null},"geometry":{"type":"LineString","coordinates":[[80.220248,26.520232],[80.220764,26.520703],[80.220826,26.520715],[80.220881,26.520705],[80.220903,26.520691],[80.221143,26.520554],[80.221623,26.521041]]}},{"type":"Feature","properties":{"osmId":"way/952266835","kind":"road","highway":"residential","name":null,"level":"0","floor":0,"bridge":false,"wheelchair":null},"geometry":{"type":"LineString","coordinates":[[80.220869,26.519185],[80.22109,26.519348],[80.221219,26.519401],[80.221434,26.519449],[80.221771,26.519505],[80.222291,26.519486]]}},{"type":"Feature","properties":{"osmId":"way/952282738","kind":"road","highway":"residential","name":null,"level":"0","floor":0,"bridge":false,"wheelchair":null},"geometry":{"type":"LineString","coordinates":[[80.219963,26.520847],[80.220493,26.521289],[80.22054,26.521316],[80.220561,26.521319],[80.2206,26.521311],[80.220782,26.521143]]}},{"type":"Feature","properties":{"osmId":"way/952316285","kind":"road","highway":"residential","name":null,"level":"0","floor":0,"bridge":false,"wheelchair":null},"geometry":{"type":"LineString","coordinates":[[80.220018,26.519639],[80.2199,26.519821],[80.219889,26.519855],[80.21992,26.519927],[80.220103,26.520148],[80.220127,26.520191],[80.220181,26.5203]]}},{"type":"Feature","properties":{"osmId":"way/951415700","kind":"road","highway":"residential","name":null,"level":"0","floor":0,"bridge":false,"wheelchair":null},"geometry":{"type":"LineString","coordinates":[[80.223128,26.524194],[80.223322,26.523991],[80.223599,26.52374]]}},{"type":"Feature","properties":{"osmId":"way/951415705","kind":"road","highway":"residential","name":null,"level":"0","floor":0,"bridge":false,"wheelchair":null},"geometry":{"type":"LineString","coordinates":[[80.222806,26.523944],[80.222986,26.523784],[80.223011,26.523773],[80.223041,26.523777],[80.223322,26.523991],[80.223759,26.524337]]}},{"type":"Feature","properties":{"osmId":"way/951415706","kind":"road","highway":"residential","name":null,"level":"0","floor":0,"bridge":false,"wheelchair":null},"geometry":{"type":"LineString","coordinates":[[80.22351,26.524711],[80.223259,26.524486]]}},{"type":"Feature","properties":{"osmId":"way/951415707","kind":"road","highway":"residential","name":null,"level":"0","floor":0,"bridge":false,"wheelchair":null},"geometry":{"type":"LineString","coordinates":[[80.223292,26.524893],[80.22305,26.524668]]}},{"type":"Feature","properties":{"osmId":"way/951415709","kind":"road","highway":"residential","name":null,"level":"0","floor":0,"bridge":false,"wheelchair":null},"geometry":{"type":"LineString","coordinates":[[80.224787,26.52392],[80.22504,26.523592],[80.225088,26.523541],[80.225198,26.523425],[80.225578,26.523025],[80.225721,26.522839],[80.225731,26.522808],[80.225723,26.522786],[80.225706,26.522756],[80.225067,26.522228]]}},{"type":"Feature","properties":{"osmId":"way/951415710","kind":"road","highway":"residential","name":null,"level":"0","floor":0,"bridge":false,"wheelchair":null},"geometry":{"type":"LineString","coordinates":[[80.225355,26.524248],[80.225587,26.523931],[80.225924,26.523555],[80.225948,26.523536],[80.225977,26.523526],[80.226063,26.523503]]}},{"type":"Feature","properties":{"osmId":"way/951415711","kind":"road","highway":"residential","name":null,"level":"0","floor":0,"bridge":false,"wheelchair":null},"geometry":{"type":"LineString","coordinates":[[80.225587,26.523931],[80.225425,26.523809],[80.225378,26.523772],[80.225296,26.523688],[80.225266,26.523656],[80.225088,26.523541]]}},{"type":"Feature","properties":{"osmId":"way/951415712","kind":"road","highway":"residential","name":null,"level":"0","floor":0,"bridge":false,"wheelchair":null},"geometry":{"type":"LineString","coordinates":[[80.226256,26.52374],[80.226089,26.523941],[80.226035,26.524026],[80.225728,26.524412]]}},{"type":"Feature","properties":{"osmId":"way/951415713","kind":"road","highway":"residential","name":null,"level":"0","floor":0,"bridge":false,"wheelchair":null},"geometry":{"type":"LineString","coordinates":[[80.224038,26.523144],[80.223457,26.522717],[80.223425,26.522707],[80.2234,26.522709],[80.223374,26.52272],[80.222878,26.523147]]}},{"type":"Feature","properties":{"osmId":"way/951415716","kind":"road","highway":"residential","name":null,"level":"0","floor":0,"bridge":false,"wheelchair":null},"geometry":{"type":"LineString","coordinates":[[80.224624,26.525153],[80.224347,26.525392],[80.224316,26.525402],[80.22427,26.525389],[80.223723,26.524951]]}},{"type":"Feature","properties":{"osmId":"way/951415717","kind":"road","highway":"residential","name":null,"level":"0","floor":0,"bridge":false,"wheelchair":null},"geometry":{"type":"LineString","coordinates":[[80.226762,26.523268],[80.226525,26.523068],[80.226207,26.5228],[80.226168,26.522765],[80.226003,26.52262],[80.225931,26.522561],[80.225257,26.522016]]}},{"type":"Feature","properties":{"osmId":"way/951427537","kind":"road","highway":"residential","name":null,"level":"0","floor":0,"bridge":false,"wheelchair":null},"geometry":{"type":"LineString","coordinates":[[80.225324,26.524827],[80.225728,26.524412]]}},{"type":"Feature","properties":{"osmId":"way/951427538","kind":"road","highway":"residential","name":null,"level":"0","floor":0,"bridge":false,"wheelchair":null},"geometry":{"type":"LineString","coordinates":[[80.224991,26.525625],[80.225025,26.525576],[80.225052,26.525543],[80.225086,26.525497],[80.22528,26.525237]]}},{"type":"Feature","properties":{"osmId":"way/951427539","kind":"road","highway":"residential","name":null,"level":"0","floor":0,"bridge":false,"wheelchair":null},"geometry":{"type":"LineString","coordinates":[[80.226089,26.525363],[80.226,26.525287],[80.225991,26.525264],[80.226,26.525239],[80.226329,26.524799]]}},{"type":"Feature","properties":{"osmId":"way/951428585","kind":"road","highway":"residential","name":null,"level":"0","floor":0,"bridge":false,"wheelchair":null},"geometry":{"type":"LineString","coordinates":[[80.227397,26.525603],[80.227872,26.525178],[80.228088,26.524987],[80.228152,26.524939],[80.228336,26.524802],[80.228443,26.524722],[80.229084,26.524182]]}},{"type":"Feature","properties":{"osmId":"way/951428586","kind":"road","highway":"residential","name":null,"level":"0","floor":0,"bridge":false,"wheelchair":null},"geometry":{"type":"LineString","coordinates":[[80.227872,26.525178],[80.227003,26.524339],[80.226762,26.524135],[80.226488,26.523903],[80.226256,26.52374],[80.226078,26.523537],[80.226063,26.523503],[80.226069,26.523476],[80.226153,26.52336],[80.226183,26.52331],[80.226191,26.523264],[80.226189,26.523223],[80.226133,26.522975],[80.226128,26.522934],[80.226136,26.522897],[80.226207,26.5228]]}},{"type":"Feature","properties":{"osmId":"way/951428587","kind":"road","highway":"residential","name":null,"level":"0","floor":0,"bridge":false,"wheelchair":null},"geometry":{"type":"LineString","coordinates":[[80.228152,26.524939],[80.227467,26.524307],[80.227065,26.52399],[80.227027,26.523984],[80.226983,26.523992],[80.226762,26.524135]]}},{"type":"Feature","properties":{"osmId":"way/951428588","kind":"road","highway":"residential","name":null,"level":"0","floor":0,"bridge":false,"wheelchair":null},"geometry":{"type":"LineString","coordinates":[[80.228443,26.524722],[80.228051,26.524358],[80.227324,26.523712],[80.22729,26.523706],[80.227242,26.523718],[80.227027,26.523984]]}},{"type":"Feature","properties":{"osmId":"way/951432134","kind":"road","highway":"residential","name":null,"level":"0","floor":0,"bridge":false,"wheelchair":null},"geometry":{"type":"LineString","coordinates":[[80.22729,26.523706],[80.227412,26.523544],[80.227416,26.523524],[80.227391,26.523487],[80.226797,26.522987],[80.226709,26.522916],[80.226333,26.522614],[80.226087,26.522416],[80.225395,26.521839]]}},{"type":"Feature","properties":{"osmId":"way/951432135","kind":"road","highway":"residential","name":null,"level":"0","floor":0,"bridge":false,"wheelchair":null},"geometry":{"type":"LineString","coordinates":[[80.227867,26.523623],[80.227635,26.523408],[80.227628,26.523384],[80.227631,26.523341],[80.227627,26.523327],[80.227618,26.523316],[80.227161,26.522929],[80.22714,26.522895],[80.227137,26.522837],[80.227181,26.522794],[80.227275,26.522762],[80.227635,26.522749],[80.227748,26.522761],[80.227838,26.522786],[80.228075,26.522911],[80.22811,26.522916],[80.228148,26.522905],[80.228448,26.522685]]}},{"type":"Feature","properties":{"osmId":"way/951432136","kind":"road","highway":"residential","name":null,"level":"0","floor":0,"bridge":false,"wheelchair":null},"geometry":{"type":"LineString","coordinates":[[80.228141,26.523703],[80.228359,26.523559],[80.228393,26.523533],[80.228421,26.52351],[80.22852,26.523417],[80.228391,26.523315],[80.228271,26.523216],[80.228111,26.523108],[80.228063,26.523063],[80.22805,26.523039],[80.228054,26.523006],[80.228075,26.522911]]}},{"type":"Feature","properties":{"osmId":"way/951432137","kind":"road","highway":"residential","name":null,"level":"0","floor":0,"bridge":false,"wheelchair":null},"geometry":{"type":"LineString","coordinates":[[80.22349,26.521121],[80.223582,26.521168],[80.223655,26.521275],[80.223692,26.521333],[80.223732,26.521391],[80.223759,26.521412],[80.223788,26.521422],[80.223867,26.521421],[80.22389,26.521426],[80.223898,26.52143],[80.224322,26.521804],[80.224378,26.521845],[80.224996,26.522302]]}},{"type":"Feature","properties":{"osmId":"way/951432138","kind":"road","highway":"residential","name":null,"level":"0","floor":0,"bridge":false,"wheelchair":null},"geometry":{"type":"LineString","coordinates":[[80.224378,26.521845],[80.224196,26.522014],[80.224193,26.522051],[80.224328,26.522181],[80.224735,26.522591]]}},{"type":"Feature","properties":{"osmId":"way/951432139","kind":"road","highway":"residential","name":null,"level":"0","floor":0,"bridge":false,"wheelchair":null},"geometry":{"type":"LineString","coordinates":[[80.223889,26.522502],[80.22432,26.522913]]}},{"type":"Feature","properties":{"osmId":"way/951467806","kind":"road","highway":"residential","name":null,"level":"0","floor":0,"bridge":false,"wheelchair":null},"geometry":{"type":"LineString","coordinates":[[80.22504,26.523592],[80.224727,26.523495],[80.22466,26.523452],[80.224138,26.523061]]}},{"type":"Feature","properties":{"osmId":"way/951472316","kind":"road","highway":"residential","name":null,"level":"0","floor":0,"bridge":false,"wheelchair":null},"geometry":{"type":"LineString","coordinates":[[80.22361,26.524502],[80.223759,26.524337],[80.224013,26.524076]]}},{"type":"Feature","properties":{"osmId":"way/951472317","kind":"road","highway":"residential","name":null,"level":"0","floor":0,"bridge":false,"wheelchair":null},"geometry":{"type":"LineString","coordinates":[[80.226168,26.522765],[80.226333,26.522614]]}},{"type":"Feature","properties":{"osmId":"way/951472318","kind":"road","highway":"residential","name":null,"level":"0","floor":0,"bridge":false,"wheelchair":null},"geometry":{"type":"LineString","coordinates":[[80.225931,26.522561],[80.226087,26.522416]]}},{"type":"Feature","properties":{"osmId":"way/951472319","kind":"road","highway":"residential","name":null,"level":"0","floor":0,"bridge":false,"wheelchair":null},"geometry":{"type":"LineString","coordinates":[[80.227416,26.523524],[80.227628,26.523384]]}},{"type":"Feature","properties":{"osmId":"way/951873957","kind":"road","highway":"residential","name":null,"level":"0","floor":0,"bridge":false,"wheelchair":null},"geometry":{"type":"LineString","coordinates":[[80.226525,26.523068],[80.226709,26.522916],[80.226821,26.522841],[80.22695,26.522799],[80.227049,26.522796],[80.227181,26.522794]]}},{"type":"Feature","properties":{"osmId":"way/952236061","kind":"road","highway":"residential","name":null,"level":"0","floor":0,"bridge":false,"wheelchair":null},"geometry":{"type":"LineString","coordinates":[[80.226579,26.520372],[80.226889,26.520189],[80.226911,26.520151],[80.226916,26.520132],[80.226905,26.520098],[80.22665,26.519676]]}},{"type":"Feature","properties":{"osmId":"way/952236065","kind":"road","highway":"residential","name":null,"level":"0","floor":0,"bridge":false,"wheelchair":null},"geometry":{"type":"LineString","coordinates":[[80.22622,26.519961],[80.22665,26.519676],[80.227154,26.519342]]}},{"type":"Feature","properties":{"osmId":"way/952236066","kind":"road","highway":"residential","name":null,"level":"0","floor":0,"bridge":false,"wheelchair":null},"geometry":{"type":"LineString","coordinates":[[80.226749,26.521081],[80.227011,26.520862]]}},{"type":"Feature","properties":{"osmId":"way/952236067","kind":"road","highway":"residential","name":null,"level":"0","floor":0,"bridge":false,"wheelchair":null},"geometry":{"type":"LineString","coordinates":[[80.226151,26.52053],[80.226401,26.520767],[80.226749,26.521081],[80.227052,26.521437],[80.227353,26.521775],[80.22753,26.521984],[80.22768,26.522203]]}},{"type":"Feature","properties":{"osmId":"way/952236068","kind":"road","highway":"residential","name":null,"level":"0","floor":0,"bridge":false,"wheelchair":null},"geometry":{"type":"LineString","coordinates":[[80.224542,26.521243],[80.225365,26.521884]]}},{"type":"Feature","properties":{"osmId":"way/952236069","kind":"road","highway":"residential","name":null,"level":"0","floor":0,"bridge":false,"wheelchair":null},"geometry":{"type":"LineString","coordinates":[[80.2243,26.523543],[80.223873,26.523962]]}},{"type":"Feature","properties":{"osmId":"way/952236071","kind":"road","highway":"residential","name":null,"level":"0","floor":0,"bridge":false,"wheelchair":null},"geometry":{"type":"LineString","coordinates":[[80.227001,26.519731],[80.227169,26.519981],[80.227321,26.520206],[80.227533,26.520504],[80.227542,26.520536],[80.227543,26.520562],[80.227527,26.520591],[80.22709,26.52095]]}},{"type":"Feature","properties":{"osmId":"way/952236072","kind":"road","highway":"residential","name":null,"level":"0","floor":0,"bridge":false,"wheelchair":null},"geometry":{"type":"LineString","coordinates":[[80.226757,26.520578],[80.227321,26.520206]]}},{"type":"Feature","properties":{"osmId":"way/952236073","kind":"road","highway":"residential","name":null,"level":"0","floor":0,"bridge":false,"wheelchair":null},"geometry":{"type":"LineString","coordinates":[[80.225896,26.520667],[80.226217,26.520938],[80.226497,26.521197]]}},{"type":"Feature","properties":{"osmId":"way/952236074","kind":"road","highway":"residential","name":null,"level":"0","floor":0,"bridge":false,"wheelchair":null},"geometry":{"type":"LineString","coordinates":[[80.225608,26.521559],[80.22582,26.521351],[80.226001,26.521163],[80.226217,26.520938],[80.226401,26.520767],[80.226709,26.520522]]}},{"type":"Feature","properties":{"osmId":"way/952236075","kind":"road","highway":"residential","name":null,"level":"0","floor":0,"bridge":false,"wheelchair":null},"geometry":{"type":"LineString","coordinates":[[80.225511,26.521587],[80.225608,26.521559],[80.225664,26.521609],[80.226159,26.522013],[80.226214,26.522038],[80.226272,26.522033],[80.226342,26.521991],[80.226444,26.52188],[80.226535,26.521783]]}},{"type":"Feature","properties":{"osmId":"way/952236076","kind":"road","highway":"residential","name":null,"level":"0","floor":0,"bridge":false,"wheelchair":null},"geometry":{"type":"LineString","coordinates":[[80.223152,26.519721],[80.223911,26.520763],[80.224007,26.520825],[80.224164,26.520844],[80.224318,26.520833],[80.224573,26.520801],[80.224754,26.520751],[80.224943,26.520703]]}},{"type":"Feature","properties":{"osmId":"way/952236077","kind":"road","highway":"residential","name":null,"level":"0","floor":0,"bridge":false,"wheelchair":null},"geometry":{"type":"LineString","coordinates":[[80.222696,26.520823],[80.223156,26.521385]]}},{"type":"Feature","properties":{"osmId":"way/952257756","kind":"road","highway":"residential","name":null,"level":"0","floor":0,"bridge":false,"wheelchair":null},"geometry":{"type":"LineString","coordinates":[[80.224343,26.52005],[80.224703,26.519785]]}},{"type":"Feature","properties":{"osmId":"way/952257795","kind":"road","highway":"residential","name":null,"level":"0","floor":0,"bridge":false,"wheelchair":null},"geometry":{"type":"LineString","coordinates":[[80.227546,26.521449],[80.227983,26.521103]]}},{"type":"Feature","properties":{"osmId":"way/952257796","kind":"road","highway":"residential","name":null,"level":"0","floor":0,"bridge":false,"wheelchair":null},"geometry":{"type":"LineString","coordinates":[[80.225564,26.520707],[80.225749,26.520914],[80.226001,26.521163]]}},{"type":"Feature","properties":{"osmId":"way/952266824","kind":"road","highway":"residential","name":null,"level":"0","floor":0,"bridge":false,"wheelchair":null},"geometry":{"type":"LineString","coordinates":[[80.223655,26.521275],[80.22385,26.521094],[80.223901,26.521043],[80.22395,26.520965],[80.224007,26.520825]]}},{"type":"Feature","properties":{"osmId":"way/952266833","kind":"road","highway":"residential","name":null,"level":"0","floor":0,"bridge":false,"wheelchair":null},"geometry":{"type":"LineString","coordinates":[[80.22582,26.521351],[80.226444,26.52188]]}},{"type":"Feature","properties":{"osmId":"way/315789692","kind":"road","highway":"tertiary","name":null,"level":"0","floor":0,"bridge":false,"wheelchair":null},"geometry":{"type":"LineString","coordinates":[[80.216207,26.519288],[80.216231,26.5193],[80.216467,26.51941],[80.21654,26.51945],[80.216615,26.5195],[80.216675,26.519563],[80.216897,26.519809],[80.216929,26.519838],[80.21702,26.519922],[80.217106,26.519993],[80.217194,26.520043],[80.217277,26.520081],[80.217486,26.520192],[80.217725,26.520322],[80.217991,26.520458],[80.218312,26.520597],[80.218722,26.520774],[80.218875,26.520851],[80.218908,26.520888],[80.218928,26.520925],[80.218924,26.52097],[80.218916,26.521009],[80.21876,26.521406],[80.218758,26.521455],[80.218787,26.521504],[80.218835,26.521541],[80.2191,26.521637],[80.2192,26.521683],[80.219279,26.521729],[80.219371,26.5218],[80.220133,26.522434],[80.220408,26.522184],[80.221125,26.521475],[80.221209,26.52155],[80.221894,26.522279],[80.221978,26.522342],[80.222145,26.522465],[80.222244,26.522536],[80.222422,26.52269],[80.222878,26.523147],[80.223341,26.523546],[80.223599,26.52374],[80.223873,26.523962],[80.224013,26.524076],[80.224251,26.52427],[80.224296,26.52429],[80.224357,26.524325],[80.224392,26.524286],[80.224439,26.524238],[80.224787,26.52392]]}},{"type":"Feature","properties":{"osmId":"way/741266858","kind":"road","highway":"tertiary","name":null,"level":"0","floor":0,"bridge":false,"wheelchair":null},"geometry":{"type":"LineString","coordinates":[[80.230338,26.526989],[80.23029,26.526973],[80.230255,26.526961],[80.229635,26.526755],[80.229498,26.52669],[80.229348,26.526609],[80.229154,26.526503],[80.228748,26.526253],[80.228465,26.526073],[80.228273,26.525977],[80.228159,26.52594],[80.228075,26.525914],[80.227905,26.525886],[80.227772,26.525832],[80.227692,26.525792],[80.227397,26.525603],[80.226977,26.52531],[80.226909,26.52524],[80.226831,26.525164],[80.226804,26.525103],[80.226696,26.524999],[80.226626,26.52495],[80.226329,26.524799],[80.226175,26.52472],[80.226046,26.524645],[80.225865,26.524508],[80.225728,26.524412],[80.225355,26.524248],[80.225199,26.52418],[80.225051,26.524092],[80.224787,26.52392]]}},{"type":"Feature","properties":{"osmId":"way/950234376","kind":"road","highway":"residential","name":null,"level":"0","floor":0,"bridge":false,"wheelchair":null},"geometry":{"type":"LineString","coordinates":[[80.218994,26.524859],[80.219557,26.525355],[80.219602,26.525396],[80.22004,26.525771],[80.220064,26.525794],[80.220088,26.525806],[80.220111,26.525809],[80.220134,26.525807],[80.220205,26.525793],[80.220234,26.525793],[80.220254,26.525798],[80.22028,26.525814],[80.220476,26.52599],[80.220502,26.526006],[80.220524,26.526011],[80.220549,26.526005],[80.22058,26.525987],[80.221131,26.525537],[80.22115,26.525525],[80.221166,26.52552],[80.221185,26.525522],[80.221203,26.525527],[80.221222,26.525539],[80.22172,26.525979],[80.221854,26.5261],[80.221988,26.526219],[80.222189,26.52638]]}},{"type":"Feature","properties":{"osmId":"way/950234377","kind":"road","highway":"residential","name":null,"level":"0","floor":0,"bridge":false,"wheelchair":null},"geometry":{"type":"LineString","coordinates":[[80.217023,26.527205],[80.216875,26.526596],[80.216876,26.526503],[80.21689,26.526423],[80.21692,26.526345],[80.216955,26.526295],[80.217123,26.526117],[80.217225,26.526024],[80.217273,26.525996],[80.21732,26.525979],[80.217402,26.525967],[80.217752,26.525908],[80.21785,26.525884],[80.217913,26.525852],[80.21795,26.525816],[80.218049,26.525657],[80.218082,26.525614],[80.218118,26.525571],[80.21817,26.525521],[80.218226,26.525478],[80.218478,26.525321],[80.218773,26.525097],[80.218866,26.525026],[80.218925,26.524979],[80.218947,26.524957],[80.218965,26.524929],[80.218994,26.524859],[80.219011,26.524833],[80.219039,26.524806],[80.219063,26.524794],[80.219091,26.524786],[80.219126,26.524778],[80.219149,26.524767],[80.219166,26.524752],[80.219178,26.52473],[80.219186,26.524709],[80.219236,26.524554],[80.219251,26.524494],[80.219271,26.524448],[80.219309,26.524389],[80.219397,26.524299]]}},{"type":"Feature","properties":{"osmId":"way/951392500","kind":"road","highway":"residential","name":null,"level":"0","floor":0,"bridge":false,"wheelchair":null},"geometry":{"type":"LineString","coordinates":[[80.222762,26.528454],[80.222152,26.528044]]}},{"type":"Feature","properties":{"osmId":"way/951392501","kind":"road","highway":"residential","name":null,"level":"0","floor":0,"bridge":false,"wheelchair":null},"geometry":{"type":"LineString","coordinates":[[80.222034,26.528171],[80.222152,26.528044],[80.222381,26.527798],[80.222582,26.527581],[80.222598,26.527564],[80.222857,26.527279],[80.22311,26.527001],[80.22317,26.526935],[80.223364,26.526736],[80.223421,26.526677],[80.22361,26.526475],[80.223871,26.526196],[80.223917,26.526148],[80.224015,26.52606],[80.224047,26.526006],[80.224051,26.525952],[80.224025,26.525906],[80.223243,26.525349]]}},{"type":"Feature","properties":{"osmId":"way/951392502","kind":"road","highway":"residential","name":null,"level":"0","floor":0,"bridge":false,"wheelchair":null},"geometry":{"type":"LineString","coordinates":[[80.223202,26.528393],[80.222381,26.527798]]}},{"type":"Feature","properties":{"osmId":"way/951392504","kind":"road","highway":"residential","name":null,"level":"0","floor":0,"bridge":false,"wheelchair":null},"geometry":{"type":"LineString","coordinates":[[80.222582,26.527581],[80.223228,26.528017],[80.22325,26.528023],[80.223276,26.528023],[80.223329,26.52801],[80.223397,26.527988],[80.223434,26.527984],[80.223457,26.527996],[80.223466,26.528007],[80.223469,26.528023],[80.223449,26.52816],[80.223465,26.528203],[80.223505,26.528242],[80.223655,26.528359],[80.223709,26.528407],[80.223903,26.528677],[80.224216,26.529118],[80.224238,26.529151],[80.224261,26.529159],[80.224291,26.529155],[80.224522,26.529011],[80.22454,26.528986],[80.224539,26.528954],[80.223764,26.527893],[80.223689,26.527813],[80.223634,26.527782],[80.22344,26.527723],[80.223377,26.527692],[80.222857,26.527279]]}},{"type":"Feature","properties":{"osmId":"way/951404192","kind":"road","highway":"residential","name":null,"level":"0","floor":0,"bridge":false,"wheelchair":null},"geometry":{"type":"LineString","coordinates":[[80.220254,26.525798],[80.220269,26.525709],[80.220268,26.525681],[80.220253,26.52565],[80.220122,26.525537],[80.219721,26.525193],[80.219624,26.525109],[80.21961,26.525087],[80.219609,26.52506],[80.219636,26.525036],[80.22001,26.524753]]}},{"type":"Feature","properties":{"osmId":"way/951415701","kind":"road","highway":"residential","name":null,"level":"0","floor":0,"bridge":false,"wheelchair":null},"geometry":{"type":"LineString","coordinates":[[80.223211,26.525188],[80.22286,26.524882],[80.222855,26.524857],[80.222865,26.524828],[80.22305,26.524668],[80.223259,26.524486],[80.223333,26.524422],[80.223349,26.524394],[80.223338,26.524359],[80.223128,26.524194],[80.222806,26.523944],[80.222515,26.523715],[80.222337,26.523576]]}},{"type":"Feature","properties":{"osmId":"way/951415702","kind":"road","highway":"residential","name":null,"level":"0","floor":0,"bridge":false,"wheelchair":null},"geometry":{"type":"LineString","coordinates":[[80.221819,26.523985],[80.222337,26.523576],[80.222878,26.523147]]}},{"type":"Feature","properties":{"osmId":"way/951415715","kind":"road","highway":"residential","name":null,"level":"0","floor":0,"bridge":false,"wheelchair":null},"geometry":{"type":"LineString","coordinates":[[80.222528,26.520252],[80.222906,26.520524],[80.223095,26.520711],[80.22349,26.521121],[80.223156,26.521385],[80.222891,26.521561],[80.222594,26.521783],[80.222434,26.521972],[80.222363,26.522034],[80.222304,26.522086],[80.221978,26.522342]]}},{"type":"Feature","properties":{"osmId":"way/951427533","kind":"road","highway":"residential","name":null,"level":"0","floor":0,"bridge":false,"wheelchair":null},"geometry":{"type":"LineString","coordinates":[[80.22466,26.526554],[80.224857,26.526346],[80.225131,26.526091],[80.22514,26.52606],[80.225126,26.52604],[80.22488,26.525817],[80.224867,26.52578],[80.224879,26.525759],[80.224959,26.525651],[80.224991,26.525625],[80.225035,26.525631],[80.225235,26.525724],[80.225283,26.525728],[80.225334,26.525724],[80.22565,26.525703],[80.22569,26.525696],[80.225723,26.525676],[80.225905,26.525476],[80.22595,26.525429],[80.226089,26.525363],[80.226583,26.52522],[80.226685,26.525198],[80.226831,26.525164]]}},{"type":"Feature","properties":{"osmId":"way/951427540","kind":"road","highway":"residential","name":null,"level":"0","floor":0,"bridge":false,"wheelchair":null},"geometry":{"type":"LineString","coordinates":[[80.225184,26.527096],[80.225908,26.528317],[80.226187,26.528691],[80.226543,26.529149],[80.226584,26.529213],[80.226703,26.529352],[80.227123,26.529859],[80.22724,26.530027],[80.227635,26.530597],[80.227844,26.530932],[80.22815,26.531395],[80.228262,26.531533],[80.228404,26.531681],[80.228645,26.531942],[80.228891,26.532219],[80.228982,26.532341]]}},{"type":"Feature","properties":{"osmId":"way/951428589","kind":"road","highway":"residential","name":null,"level":"0","floor":0,"bridge":false,"wheelchair":null},"geometry":{"type":"LineString","coordinates":[[80.227772,26.525832],[80.228187,26.525466],[80.228522,26.525168],[80.228532,26.525135],[80.228532,26.525104],[80.228336,26.524802]]}},{"type":"Feature","properties":{"osmId":"way/951428590","kind":"road","highway":"residential","name":null,"level":"0","floor":0,"bridge":false,"wheelchair":null},"geometry":{"type":"LineString","coordinates":[[80.227123,26.529859],[80.227571,26.529609],[80.228001,26.529364],[80.228221,26.529219],[80.228378,26.529126],[80.228654,26.528963],[80.228713,26.528928],[80.228958,26.528784],[80.229573,26.528419]]}},{"type":"Feature","properties":{"osmId":"way/951428591","kind":"road","highway":"residential","name":null,"level":"0","floor":0,"bridge":false,"wheelchair":null},"geometry":{"type":"LineString","coordinates":[[80.23145,26.53006],[80.231284,26.529999],[80.231222,26.529985],[80.231165,26.529984],[80.231023,26.530001],[80.230947,26.53001],[80.230893,26.529997],[80.230858,26.529979],[80.230615,26.529739],[80.230462,26.529556],[80.230277,26.529312],[80.230125,26.529106],[80.230036,26.528996],[80.229742,26.528629],[80.229573,26.528419],[80.229401,26.528147],[80.229232,26.527859],[80.229222,26.527842],[80.229069,26.527581],[80.228832,26.527223],[80.228752,26.527115],[80.228694,26.527056],[80.228558,26.526877],[80.228311,26.526597],[80.228245,26.526524],[80.228046,26.526299],[80.227916,26.526183],[80.227901,26.526141],[80.227907,26.526104],[80.228075,26.525914]]}},{"type":"Feature","properties":{"osmId":"way/951429681","kind":"road","highway":"residential","name":null,"level":"0","floor":0,"bridge":false,"wheelchair":null},"geometry":{"type":"LineString","coordinates":[[80.228752,26.527115],[80.229123,26.526905],[80.229361,26.52677],[80.229498,26.52669]]}},{"type":"Feature","properties":{"osmId":"way/951430529","kind":"road","highway":"residential","name":null,"level":"0","floor":0,"bridge":false,"wheelchair":null},"geometry":{"type":"LineString","coordinates":[[80.23029,26.526973],[80.229931,26.527181],[80.229781,26.527267],[80.229578,26.527384],[80.229532,26.527393],[80.229498,26.527383],[80.229441,26.527338],[80.229123,26.526905]]}},{"type":"Feature","properties":{"osmId":"way/951430531","kind":"road","highway":"residential","name":null,"level":"0","floor":0,"bridge":false,"wheelchair":null},"geometry":{"type":"LineString","coordinates":[[80.226031,26.519738],[80.22622,26.519961],[80.226579,26.520372],[80.226709,26.520522],[80.226757,26.520578],[80.226886,26.520723],[80.227011,26.520862],[80.22709,26.52095],[80.227398,26.521279],[80.227546,26.521449],[80.227704,26.521687],[80.227972,26.522087],[80.228045,26.522205],[80.228448,26.522685],[80.228826,26.523136],[80.229402,26.523879],[80.229502,26.524003],[80.229747,26.524294],[80.230206,26.52484],[80.230653,26.525439],[80.230679,26.525513],[80.230647,26.525578],[80.230465,26.525722],[80.230279,26.525873],[80.230231,26.525912],[80.229957,26.526134],[80.229348,26.526609]]}},{"type":"Feature","properties":{"osmId":"way/951430533","kind":"road","highway":"residential","name":null,"level":"0","floor":0,"bridge":false,"wheelchair":null},"geometry":{"type":"LineString","coordinates":[[80.230279,26.525873],[80.230227,26.525646],[80.230181,26.525575],[80.229772,26.525081],[80.229559,26.52477],[80.229084,26.524182],[80.228641,26.523656],[80.228587,26.523592],[80.228556,26.523537],[80.22852,26.523417],[80.228539,26.523361],[80.228826,26.523136]]}},{"type":"Feature","properties":{"osmId":"way/951432130","kind":"road","highway":"residential","name":null,"level":"0","floor":0,"bridge":false,"wheelchair":null},"geometry":{"type":"LineString","coordinates":[[80.230702,26.524759],[80.230111,26.524017],[80.229799,26.523625],[80.229222,26.5229],[80.229052,26.522687],[80.228427,26.521943]]}},{"type":"Feature","properties":{"osmId":"way/951432133","kind":"road","highway":"residential","name":null,"level":"0","floor":0,"bridge":false,"wheelchair":null},"geometry":{"type":"LineString","coordinates":[[80.228826,26.523136],[80.229222,26.5229]]}},{"type":"Feature","properties":{"osmId":"way/951467810","kind":"road","highway":"service","name":null,"level":"0","floor":0,"bridge":false,"wheelchair":null},"geometry":{"type":"LineString","coordinates":[[80.223337,26.525975],[80.222947,26.525637]]}},{"type":"Feature","properties":{"osmId":"way/951467820","kind":"road","highway":"residential","name":null,"level":"0","floor":0,"bridge":false,"wheelchair":null},"geometry":{"type":"LineString","coordinates":[[80.223124,26.537019],[80.223293,26.536986],[80.223481,26.536937],[80.223756,26.536876],[80.224007,26.536814],[80.224213,26.536738],[80.224325,26.536668],[80.224675,26.536347],[80.224772,26.53626],[80.225011,26.536046],[80.225131,26.535926],[80.225176,26.53588],[80.225419,26.53565],[80.225536,26.53556],[80.225855,26.535307],[80.226207,26.535028],[80.226494,26.534758],[80.226832,26.534468],[80.227065,26.534294],[80.227281,26.534093],[80.227817,26.533562],[80.228096,26.533284],[80.228452,26.532929],[80.228828,26.532539],[80.228982,26.532341],[80.229236,26.531953],[80.229291,26.531875],[80.229407,26.531768],[80.229657,26.531521],[80.22976,26.531398],[80.229818,26.531305],[80.229946,26.531021],[80.229969,26.53094],[80.230018,26.530763],[80.230056,26.530698],[80.230154,26.530621],[80.230429,26.530481],[80.230627,26.530396],[80.230946,26.530259],[80.231365,26.530078],[80.23145,26.53006],[80.231529,26.53005],[80.231607,26.530039],[80.231841,26.529959],[80.231894,26.529933],[80.232164,26.529758],[80.232216,26.529738],[80.232571,26.529561]]}},{"type":"Feature","properties":{"osmId":"way/952236078","kind":"road","highway":"residential","name":null,"level":"0","floor":0,"bridge":false,"wheelchair":null},"geometry":{"type":"LineString","coordinates":[[80.222525,26.521168],[80.222891,26.521561]]}},{"type":"Feature","properties":{"osmId":"way/952236080","kind":"road","highway":"residential","name":null,"level":"0","floor":0,"bridge":false,"wheelchair":null},"geometry":{"type":"LineString","coordinates":[[80.220026,26.52045],[80.220666,26.521022],[80.220782,26.521143],[80.221125,26.521475],[80.221623,26.521041],[80.222528,26.520252],[80.222828,26.519997],[80.223152,26.519721],[80.223641,26.519314],[80.223654,26.519303],[80.224056,26.51975],[80.224343,26.52005],[80.22503,26.520595]]}},{"type":"Feature","properties":{"osmId":"way/950235139","kind":"road","highway":"service","name":null,"level":"0","floor":0,"bridge":false,"wheelchair":null},"geometry":{"type":"LineString","coordinates":[[80.219033,26.527426],[80.218984,26.527328],[80.218972,26.527302],[80.218967,26.527272],[80.218971,26.527233],[80.218988,26.527188],[80.219267,26.52691],[80.219301,26.526862],[80.21931,26.52681],[80.219309,26.526743],[80.21931,26.526653],[80.219325,26.526605],[80.219354,26.526561],[80.219403,26.526519],[80.219871,26.526168],[80.219947,26.526121],[80.219992,26.526095],[80.220022,26.526086],[80.220056,26.526083],[80.220087,26.52609],[80.220114,26.526103],[80.22014,26.526121],[80.220226,26.526194],[80.220246,26.526216],[80.220266,26.52626],[80.220272,26.526303],[80.220257,26.52635]]}},{"type":"Feature","properties":{"osmId":"way/950236391","kind":"road","highway":"service","name":null,"level":"0","floor":0,"bridge":false,"wheelchair":null},"geometry":{"type":"LineString","coordinates":[[80.220257,26.52635],[80.220233,26.526383],[80.220181,26.526429],[80.219623,26.526877],[80.219574,26.526904],[80.219537,26.526916],[80.219501,26.526919],[80.219458,26.526914],[80.219407,26.526898],[80.219301,26.526862]]}},{"type":"Feature","properties":{"osmId":"way/951467807","kind":"road","highway":"residential","name":null,"level":"0","floor":0,"bridge":false,"wheelchair":null},"geometry":{"type":"LineString","coordinates":[[80.22027,26.527361],[80.219803,26.527093]]}},{"type":"Feature","properties":{"osmId":"way/951467808","kind":"road","highway":"residential","name":null,"level":"0","floor":0,"bridge":false,"wheelchair":null},"geometry":{"type":"LineString","coordinates":[[80.220266,26.527746],[80.219644,26.527367]]}},{"type":"Feature","properties":{"osmId":"way/951467809","kind":"road","highway":"residential","name":null,"level":"0","floor":0,"bridge":false,"wheelchair":null},"geometry":{"type":"LineString","coordinates":[[80.220328,26.527123],[80.21998,26.526915],[80.219945,26.526911],[80.219918,26.526919],[80.219891,26.52694],[80.219803,26.527093],[80.219644,26.527367],[80.219477,26.527657]]}},{"type":"Feature","properties":{"osmId":"way/951467811","kind":"road","highway":"service","name":null,"level":"0","floor":0,"bridge":false,"wheelchair":null},"geometry":{"type":"LineString","coordinates":[[80.222417,26.526977],[80.221944,26.526629]]}},{"type":"Feature","properties":{"osmId":"way/951392505","kind":"road","highway":"residential","name":null,"level":"0","floor":0,"bridge":false,"wheelchair":null},"geometry":{"type":"LineString","coordinates":[[80.224903,26.528783],[80.224016,26.527719],[80.223745,26.527491],[80.22311,26.527001]]}},{"type":"Feature","properties":{"osmId":"way/951392506","kind":"road","highway":"residential","name":null,"level":"0","floor":0,"bridge":false,"wheelchair":null},"geometry":{"type":"LineString","coordinates":[[80.224275,26.527519],[80.224219,26.527427],[80.224183,26.527386],[80.223364,26.526736]]}},{"type":"Feature","properties":{"osmId":"way/951392507","kind":"road","highway":"residential","name":null,"level":"0","floor":0,"bridge":false,"wheelchair":null},"geometry":{"type":"LineString","coordinates":[[80.224369,26.52704],[80.22361,26.526475]]}},{"type":"Feature","properties":{"osmId":"way/951392508","kind":"road","highway":"residential","name":null,"level":"0","floor":0,"bridge":false,"wheelchair":null},"geometry":{"type":"LineString","coordinates":[[80.224868,26.527151],[80.224687,26.526966],[80.22466,26.526931],[80.224618,26.526821],[80.224591,26.526773],[80.224554,26.526731],[80.223871,26.526196]]}},{"type":"Feature","properties":{"osmId":"way/951392509","kind":"road","highway":"residential","name":null,"level":"0","floor":0,"bridge":false,"wheelchair":null},"geometry":{"type":"LineString","coordinates":[[80.224016,26.527719],[80.22422,26.527549],[80.224275,26.527519],[80.22452,26.527402],[80.224594,26.527361],[80.224828,26.527174],[80.224868,26.527151],[80.224907,26.527137],[80.225184,26.527096],[80.225243,26.527087],[80.22533,26.527082],[80.22555,26.527089],[80.225635,26.527091],[80.225681,26.527082],[80.225715,26.527067],[80.225744,26.527044],[80.225938,26.526854],[80.226295,26.526505],[80.226363,26.526461],[80.226617,26.526346],[80.226785,26.526292],[80.227209,26.526203],[80.227254,26.526182],[80.227301,26.526149],[80.227465,26.526],[80.227692,26.525792]]}},{"type":"Feature","properties":{"osmId":"way/951427534","kind":"road","highway":"residential","name":null,"level":"0","floor":0,"bridge":false,"wheelchair":null},"geometry":{"type":"LineString","coordinates":[[80.224051,26.525952],[80.224546,26.526343],[80.224575,26.526387],[80.224576,26.526425],[80.22459,26.526489],[80.224605,26.526514],[80.22466,26.526554],[80.224776,26.526628],[80.225184,26.527096]]}},{"type":"Feature","properties":{"osmId":"way/951427536","kind":"road","highway":"residential","name":null,"level":"0","floor":0,"bridge":false,"wheelchair":null},"geometry":{"type":"LineString","coordinates":[[80.225007,26.526454],[80.22555,26.527089]]}},{"type":"Feature","properties":{"osmId":"way/951427541","kind":"road","highway":"residential","name":null,"level":"0","floor":0,"bridge":false,"wheelchair":null},"geometry":{"type":"LineString","coordinates":[[80.225472,26.531451],[80.225179,26.531069],[80.225178,26.531035],[80.225204,26.531004],[80.225291,26.530943],[80.22558,26.530784],[80.226177,26.530429],[80.226504,26.530235],[80.226638,26.530156],[80.226797,26.530058],[80.227123,26.529859]]}},{"type":"Feature","properties":{"osmId":"way/951427542","kind":"road","highway":"residential","name":null,"level":"0","floor":0,"bridge":false,"wheelchair":null},"geometry":{"type":"LineString","coordinates":[[80.225398,26.529894],[80.226584,26.529213]]}},{"type":"Feature","properties":{"osmId":"way/951427543","kind":"road","highway":"residential","name":null,"level":"0","floor":0,"bridge":false,"wheelchair":null},"geometry":{"type":"LineString","coordinates":[[80.225464,26.53004],[80.225773,26.529868],[80.226703,26.529352]]}},{"type":"Feature","properties":{"osmId":"way/951427544","kind":"road","highway":"residential","name":null,"level":"0","floor":0,"bridge":false,"wheelchair":null},"geometry":{"type":"LineString","coordinates":[[80.224834,26.529837],[80.22558,26.530784]]}},{"type":"Feature","properties":{"osmId":"way/951428592","kind":"road","highway":"residential","name":null,"level":"0","floor":0,"bridge":false,"wheelchair":null},"geometry":{"type":"LineString","coordinates":[[80.228958,26.528784],[80.228321,26.527873],[80.228263,26.527804],[80.228216,26.527782],[80.228171,26.527793],[80.227564,26.528141],[80.227516,26.528169],[80.227341,26.528271],[80.227331,26.528292],[80.22733,26.528313],[80.227361,26.528393],[80.227551,26.528775]]}},{"type":"Feature","properties":{"osmId":"way/951428593","kind":"road","highway":"residential","name":null,"level":"0","floor":0,"bridge":false,"wheelchair":null},"geometry":{"type":"LineString","coordinates":[[80.228566,26.529808],[80.228221,26.529219]]}},{"type":"Feature","properties":{"osmId":"way/951428594","kind":"road","highway":"residential","name":null,"level":"0","floor":0,"bridge":false,"wheelchair":null},"geometry":{"type":"LineString","coordinates":[[80.228383,26.529941],[80.228001,26.529364]]}},{"type":"Feature","properties":{"osmId":"way/951428595","kind":"road","highway":"residential","name":null,"level":"0","floor":0,"bridge":false,"wheelchair":null},"geometry":{"type":"LineString","coordinates":[[80.228012,26.530255],[80.227571,26.529609]]}},{"type":"Feature","properties":{"osmId":"way/951429675","kind":"road","highway":"residential","name":null,"level":"0","floor":0,"bridge":false,"wheelchair":null},"geometry":{"type":"LineString","coordinates":[[80.227552,26.526781],[80.228046,26.526299]]}},{"type":"Feature","properties":{"osmId":"way/951429676","kind":"road","highway":"residential","name":null,"level":"0","floor":0,"bridge":false,"wheelchair":null},"geometry":{"type":"LineString","coordinates":[[80.227409,26.526462],[80.227709,26.526208],[80.227748,26.526167],[80.227789,26.526151],[80.227901,26.526141]]}},{"type":"Feature","properties":{"osmId":"way/951429677","kind":"road","highway":"residential","name":null,"level":"0","floor":0,"bridge":false,"wheelchair":null},"geometry":{"type":"LineString","coordinates":[[80.227709,26.526208],[80.227465,26.526]]}},{"type":"Feature","properties":{"osmId":"way/951429678","kind":"road","highway":"residential","name":null,"level":"0","floor":0,"bridge":false,"wheelchair":null},"geometry":{"type":"LineString","coordinates":[[80.227564,26.528141],[80.227491,26.52798],[80.227493,26.527951],[80.22751,26.527926],[80.228694,26.527056]]}},{"type":"Feature","properties":{"osmId":"way/951429679","kind":"road","highway":"residential","name":null,"level":"0","floor":0,"bridge":false,"wheelchair":null},"geometry":{"type":"LineString","coordinates":[[80.227324,26.5277],[80.228558,26.526877]]}},{"type":"Feature","properties":{"osmId":"way/951429680","kind":"road","highway":"residential","name":null,"level":"0","floor":0,"bridge":false,"wheelchair":null},"geometry":{"type":"LineString","coordinates":[[80.227696,26.527151],[80.228311,26.526597]]}},{"type":"Feature","properties":{"osmId":"way/951430527","kind":"road","highway":"residential","name":null,"level":"0","floor":0,"bridge":false,"wheelchair":null},"geometry":{"type":"LineString","coordinates":[[80.2265,26.529683],[80.226797,26.530058]]}},{"type":"Feature","properties":{"osmId":"way/951430528","kind":"road","highway":"residential","name":null,"level":"0","floor":0,"bridge":false,"wheelchair":null},"geometry":{"type":"LineString","coordinates":[[80.226248,26.529939],[80.226504,26.530235]]}},{"type":"Feature","properties":{"osmId":"way/951467812","kind":"road","highway":"residential","name":null,"level":"0","floor":0,"bridge":false,"wheelchair":null},"geometry":{"type":"LineString","coordinates":[[80.22344,26.527723],[80.223434,26.527984]]}},{"type":"Feature","properties":{"osmId":"way/951472310","kind":"road","highway":"residential","name":null,"level":"0","floor":0,"bridge":false,"wheelchair":null},"geometry":{"type":"LineString","coordinates":[[80.228135,26.528737],[80.228378,26.529126]]}},{"type":"Feature","properties":{"osmId":"way/951472311","kind":"road","highway":"residential","name":null,"level":"0","floor":0,"bridge":false,"wheelchair":null},"geometry":{"type":"LineString","coordinates":[[80.228385,26.528591],[80.228654,26.528963]]}},{"type":"Feature","properties":{"osmId":"way/951472312","kind":"road","highway":"residential","name":null,"level":"0","floor":0,"bridge":false,"wheelchair":null},"geometry":{"type":"LineString","coordinates":[[80.225773,26.529868],[80.226177,26.530429]]}},{"type":"Feature","properties":{"osmId":"way/951472315","kind":"road","highway":"residential","name":null,"level":"0","floor":0,"bridge":false,"wheelchair":null},"geometry":{"type":"LineString","coordinates":[[80.225557,26.526515],[80.225938,26.526854]]}},{"type":"Feature","properties":{"osmId":"way/951432131","kind":"road","highway":"residential","name":null,"level":"0","floor":0,"bridge":false,"wheelchair":null},"geometry":{"type":"LineString","coordinates":[[80.229747,26.524294],[80.230111,26.524017]]}},{"type":"Feature","properties":{"osmId":"way/951432132","kind":"road","highway":"residential","name":null,"level":"0","floor":0,"bridge":false,"wheelchair":null},"geometry":{"type":"LineString","coordinates":[[80.229402,26.523879],[80.229799,26.523625]]}},{"type":"Feature","properties":{"osmId":"way/1169724400","kind":"path","highway":"footway","name":null,"level":"0","floor":0,"bridge":false,"wheelchair":null},"geometry":{"type":"LineString","coordinates":[[80.231929,26.521216],[80.232378,26.521207],[80.232385,26.521406],[80.232389,26.521531]]}},{"type":"Feature","properties":{"osmId":"way/1169724401","kind":"path","highway":"footway","name":null,"level":"0","floor":0,"bridge":false,"wheelchair":null},"geometry":{"type":"LineString","coordinates":[[80.232037,26.521504],[80.232165,26.521503],[80.232165,26.52144]]}},{"type":"Feature","properties":{"osmId":"way/1169724402","kind":"path","highway":"footway","name":null,"level":"0","floor":0,"bridge":false,"wheelchair":null},"geometry":{"type":"LineString","coordinates":[[80.232194,26.521409],[80.232385,26.521406]]}},{"type":"Feature","properties":{"osmId":"way/951451726","kind":"road","highway":"residential","name":null,"level":"0","floor":0,"bridge":false,"wheelchair":null},"geometry":{"type":"LineString","coordinates":[[80.238162,26.525399],[80.238515,26.525163],[80.238808,26.524948],[80.238845,26.524944],[80.238871,26.52496],[80.239145,26.525256],[80.239333,26.525472]]}},{"type":"Feature","properties":{"osmId":"way/951458835","kind":"road","highway":"residential","name":null,"level":"0","floor":0,"bridge":false,"wheelchair":null},"geometry":{"type":"LineString","coordinates":[[80.237054,26.525539],[80.236842,26.525424],[80.236821,26.525407],[80.23639,26.525157]]}},{"type":"Feature","properties":{"osmId":"way/951446642","kind":"road","highway":"residential","name":null,"level":"0","floor":0,"bridge":false,"wheelchair":null},"geometry":{"type":"LineString","coordinates":[[80.234614,26.527706],[80.234852,26.527857],[80.23532,26.528197],[80.23536,26.528244],[80.235489,26.528435],[80.235555,26.528537],[80.235563,26.528559],[80.235565,26.528577],[80.235559,26.528598],[80.235501,26.52868],[80.235409,26.528792],[80.235316,26.528886],[80.235102,26.529064],[80.235068,26.529079],[80.235023,26.529097],[80.23497,26.529117],[80.234947,26.529135],[80.234913,26.529179],[80.23487,26.529246],[80.234856,26.529286],[80.23486,26.529347],[80.234886,26.529437],[80.234957,26.529556],[80.235098,26.529791],[80.235324,26.53016],[80.235415,26.530289],[80.23554,26.530409],[80.235741,26.530546],[80.235811,26.530581],[80.235918,26.530631],[80.235996,26.530672],[80.236065,26.530733],[80.23609,26.530767],[80.236279,26.531022],[80.23629,26.531036],[80.236436,26.531251],[80.236497,26.531313],[80.236541,26.531357],[80.236711,26.531488],[80.236732,26.531518],[80.236737,26.531544],[80.23673,26.531579],[80.236696,26.531632],[80.236612,26.531757],[80.236503,26.531894],[80.236479,26.531925],[80.236409,26.532001],[80.236318,26.532077],[80.236132,26.532216],[80.236096,26.53224]]}},{"type":"Feature","properties":{"osmId":"way/951450127","kind":"road","highway":"residential","name":null,"level":"0","floor":0,"bridge":false,"wheelchair":null},"geometry":{"type":"LineString","coordinates":[[80.23613,26.530186],[80.235689,26.529868]]}},{"type":"Feature","properties":{"osmId":"way/951451727","kind":"road","highway":"residential","name":null,"level":"0","floor":0,"bridge":false,"wheelchair":null},"geometry":{"type":"LineString","coordinates":[[80.239547,26.526876],[80.239369,26.526614],[80.239307,26.526513],[80.239278,26.526378],[80.239227,26.526102],[80.239165,26.52598],[80.238994,26.525702],[80.238696,26.525368],[80.238551,26.5252],[80.238515,26.525163]]}},{"type":"Feature","properties":{"osmId":"way/951451728","kind":"road","highway":"residential","name":null,"level":"0","floor":0,"bridge":false,"wheelchair":null},"geometry":{"type":"LineString","coordinates":[[80.237457,26.526215],[80.237813,26.525976],[80.23825,26.525664],[80.238279,26.525627],[80.238281,26.52558],[80.238263,26.525537],[80.238162,26.525399],[80.237819,26.525037],[80.237755,26.524954],[80.237738,26.524896],[80.237715,26.524788],[80.237692,26.524668],[80.23764,26.524542],[80.237593,26.524446],[80.237551,26.524388],[80.237466,26.524282],[80.237139,26.524101]]}},{"type":"Feature","properties":{"osmId":"way/951451731","kind":"road","highway":"residential","name":null,"level":"0","floor":0,"bridge":false,"wheelchair":null},"geometry":{"type":"LineString","coordinates":[[80.23844,26.527359],[80.23818,26.527056],[80.23791,26.526742],[80.237457,26.526215],[80.237406,26.526155],[80.237357,26.526108],[80.237308,26.526071],[80.237204,26.526016],[80.236913,26.525829],[80.236901,26.525802],[80.236906,26.525783],[80.237054,26.525539],[80.237272,26.525181]]}},{"type":"Feature","properties":{"osmId":"way/951451732","kind":"road","highway":"residential","name":null,"level":"0","floor":0,"bridge":false,"wheelchair":null},"geometry":{"type":"LineString","coordinates":[[80.241053,26.527209],[80.240203,26.526361],[80.239983,26.526109],[80.239975,26.526075],[80.239987,26.526032],[80.240095,26.525933],[80.240268,26.525825],[80.240286,26.5258],[80.240288,26.525767],[80.240272,26.525725],[80.239761,26.525272],[80.239502,26.525064],[80.239472,26.525056],[80.239441,26.525062],[80.239145,26.525256]]}},{"type":"Feature","properties":{"osmId":"way/951451733","kind":"road","highway":"residential","name":null,"level":"0","floor":0,"bridge":false,"wheelchair":null},"geometry":{"type":"LineString","coordinates":[[80.235565,26.528577],[80.23569,26.528535],[80.23576,26.528506],[80.235883,26.528468],[80.236139,26.528398],[80.236598,26.528247],[80.236686,26.52821],[80.236774,26.528154],[80.236915,26.528075],[80.237174,26.52793],[80.237697,26.527663],[80.237795,26.527628],[80.238055,26.527495],[80.238242,26.527422],[80.23844,26.527359],[80.239034,26.527168],[80.239224,26.527079],[80.239409,26.526978],[80.239486,26.526921],[80.239547,26.526876],[80.239715,26.526717],[80.240203,26.526361],[80.2406,26.526071]]}},{"type":"Feature","properties":{"osmId":"way/951458834","kind":"road","highway":"residential","name":null,"level":"0","floor":0,"bridge":false,"wheelchair":null},"geometry":{"type":"LineString","coordinates":[[80.236616,26.525723],[80.236821,26.525407],[80.236995,26.525139]]}},{"type":"Feature","properties":{"osmId":"way/951458836","kind":"road","highway":"service","name":null,"level":"0","floor":0,"bridge":false,"wheelchair":null},"geometry":{"type":"LineString","coordinates":[[80.236759,26.527105],[80.236352,26.526873],[80.236223,26.526788],[80.236162,26.526702],[80.23613,26.526616],[80.236103,26.526566],[80.236075,26.526527],[80.23603,26.52649],[80.235627,26.526246]]}},{"type":"Feature","properties":{"osmId":"way/951465795","kind":"road","highway":"service","name":null,"level":"0","floor":0,"bridge":false,"wheelchair":null},"geometry":{"type":"LineString","coordinates":[[80.233616,26.528467],[80.235252,26.525986],[80.23528,26.52593],[80.235287,26.525889],[80.23526,26.525794],[80.234879,26.525196]]}},{"type":"Feature","properties":{"osmId":"way/951465796","kind":"road","highway":"service","name":null,"level":"0","floor":0,"bridge":false,"wheelchair":null},"geometry":{"type":"LineString","coordinates":[[80.232068,26.523527],[80.23341,26.52425],[80.234246,26.524701],[80.23482,26.524982],[80.234888,26.525031],[80.23491,26.525082],[80.234909,26.525141],[80.234879,26.525196],[80.234815,26.525318],[80.233773,26.526817],[80.233342,26.527437],[80.233312,26.527465],[80.23328,26.527471],[80.233242,26.527471],[80.233207,26.52746],[80.231731,26.526724]]}},{"type":"Feature","properties":{"osmId":"way/951465797","kind":"road","highway":"service","name":null,"level":"0","floor":0,"bridge":false,"wheelchair":null},"geometry":{"type":"LineString","coordinates":[[80.233063,26.526441],[80.234246,26.524701]]}},{"type":"Feature","properties":{"osmId":"way/951465799","kind":"road","highway":"service","name":null,"level":"0","floor":0,"bridge":false,"wheelchair":null},"geometry":{"type":"LineString","coordinates":[[80.232956,26.5249],[80.23222,26.525996],[80.231731,26.526724],[80.231343,26.527301]]}},{"type":"Feature","properties":{"osmId":"way/951465801","kind":"road","highway":"residential","name":null,"level":"0","floor":0,"bridge":false,"wheelchair":null},"geometry":{"type":"LineString","coordinates":[[80.237545,26.523491],[80.23839,26.524319],[80.238943,26.52489],[80.239008,26.524923],[80.239058,26.524917],[80.239114,26.524889],[80.239515,26.524582],[80.239563,26.524565],[80.239627,26.524584],[80.239715,26.524652],[80.240251,26.52526],[80.240949,26.526026],[80.240988,26.526042],[80.241037,26.52605],[80.241097,26.526042],[80.241703,26.525628],[80.241749,26.525613],[80.241818,26.525627],[80.241889,26.525684],[80.242987,26.526935],[80.244838,26.528965]]}},{"type":"Feature","properties":{"osmId":"way/953393337","kind":"road","highway":"unclassified","name":null,"level":"0","floor":0,"bridge":false,"wheelchair":null},"geometry":{"type":"LineString","coordinates":[[80.246495,26.519346],[80.24484,26.520757],[80.242673,26.522745],[80.239516,26.520653]]}},{"type":"Feature","properties":{"osmId":"way/741266862","kind":"road","highway":"tertiary","name":null,"level":"0","floor":0,"bridge":true,"wheelchair":null},"geometry":{"type":"LineString","coordinates":[[80.230338,26.526989],[80.230456,26.527035]]}},{"type":"Feature","properties":{"osmId":"way/741266863","kind":"road","highway":"tertiary","name":null,"level":"0","floor":0,"bridge":false,"wheelchair":null},"geometry":{"type":"LineString","coordinates":[[80.230456,26.527035],[80.23052,26.527071],[80.231314,26.527635],[80.23153,26.527806],[80.231778,26.528049],[80.232004,26.528233],[80.232157,26.52831],[80.232555,26.528403],[80.232733,26.528479],[80.232786,26.528495],[80.233247,26.528593],[80.233783,26.528587],[80.23383,26.528593],[80.233876,26.528609],[80.233936,26.52863]]}},{"type":"Feature","properties":{"osmId":"way/951429682","kind":"road","highway":"residential","name":null,"level":"0","floor":0,"bridge":false,"wheelchair":null},"geometry":{"type":"LineString","coordinates":[[80.229781,26.527267],[80.229361,26.52677]]}},{"type":"Feature","properties":{"osmId":"way/951430530","kind":"road","highway":"residential","name":null,"level":"0","floor":0,"bridge":false,"wheelchair":null},"geometry":{"type":"LineString","coordinates":[[80.229232,26.527859],[80.229531,26.527734],[80.229546,26.527713],[80.229551,26.527679],[80.229533,26.527615],[80.229542,26.527589],[80.229568,26.527571],[80.229979,26.527408],[80.230014,26.52738],[80.230017,26.527346],[80.229931,26.527181]]}},{"type":"Feature","properties":{"osmId":"way/951430532","kind":"road","highway":"residential","name":null,"level":"0","floor":0,"bridge":false,"wheelchair":null},"geometry":{"type":"LineString","coordinates":[[80.230231,26.525912],[80.230176,26.526206],[80.230165,26.526279],[80.230199,26.526473],[80.230252,26.526752],[80.230259,26.52685],[80.230255,26.526961]]}},{"type":"Feature","properties":{"osmId":"way/951432140","kind":"road","highway":"residential","name":null,"level":"0","floor":0,"bridge":false,"wheelchair":null},"geometry":{"type":"LineString","coordinates":[[80.232932,26.529977],[80.232724,26.529697],[80.232677,26.529657],[80.232571,26.529561],[80.232562,26.529553],[80.232536,26.529512],[80.232532,26.52946],[80.232563,26.529366],[80.232833,26.529033],[80.232851,26.528998],[80.232853,26.52896],[80.232756,26.528789],[80.232734,26.528726],[80.232733,26.528479]]}},{"type":"Feature","properties":{"osmId":"way/951447120","kind":"road","highway":"residential","name":null,"level":"0","floor":0,"bridge":false,"wheelchair":null},"geometry":{"type":"LineString","coordinates":[[80.235077,26.531592],[80.234889,26.531462],[80.234832,26.531432],[80.234615,26.531317],[80.234451,26.531201],[80.2344,26.531136],[80.234383,26.531105],[80.234301,26.530961],[80.23428,26.530895],[80.234288,26.530852],[80.234357,26.530744],[80.234463,26.53056],[80.234474,26.530512],[80.234498,26.530411],[80.234525,26.530355],[80.234571,26.530256],[80.23463,26.530132],[80.234723,26.52998],[80.234733,26.529956],[80.234729,26.529933],[80.234666,26.529829],[80.234666,26.529811],[80.234681,26.529788],[80.234957,26.529556]]}},{"type":"Feature","properties":{"osmId":"way/951450125","kind":"road","highway":"residential","name":null,"level":"0","floor":0,"bridge":false,"wheelchair":null},"geometry":{"type":"LineString","coordinates":[[80.235638,26.529732],[80.235395,26.529545],[80.2353,26.529438],[80.235232,26.529315],[80.23522,26.529269],[80.235212,26.529216],[80.235102,26.529064]]}},{"type":"Feature","properties":{"osmId":"way/951450131","kind":"road","highway":"residential","name":null,"level":"0","floor":0,"bridge":false,"wheelchair":null},"geometry":{"type":"LineString","coordinates":[[80.23452,26.527845],[80.234505,26.527979],[80.234497,26.528091],[80.234451,26.528328],[80.234454,26.528407],[80.234463,26.528463],[80.234487,26.528511],[80.234554,26.528611],[80.234636,26.528676],[80.234819,26.528839],[80.234864,26.52889],[80.235023,26.529097]]}},{"type":"Feature","properties":{"osmId":"way/951450132","kind":"road","highway":"residential","name":null,"level":"0","floor":0,"bridge":false,"wheelchair":null},"geometry":{"type":"LineString","coordinates":[[80.233708,26.529777],[80.233936,26.529786],[80.23396,26.529796],[80.233995,26.529811],[80.234045,26.529845],[80.234095,26.529887],[80.234322,26.530124],[80.234525,26.530355]]}},{"type":"Feature","properties":{"osmId":"way/951451734","kind":"road","highway":"residential","name":null,"level":"0","floor":0,"bridge":false,"wheelchair":null},"geometry":{"type":"LineString","coordinates":[[80.235696,26.529283],[80.235555,26.529208],[80.235517,26.529179],[80.235502,26.529157],[80.235495,26.529124],[80.235501,26.528958],[80.235499,26.528915],[80.235484,26.528873],[80.235409,26.528792]]}},{"type":"Feature","properties":{"osmId":"way/951465798","kind":"road","highway":"service","name":null,"level":"0","floor":0,"bridge":false,"wheelchair":null},"geometry":{"type":"LineString","coordinates":[[80.23222,26.525996],[80.233063,26.526441],[80.233773,26.526817]]}},{"type":"Feature","properties":{"osmId":"way/951465800","kind":"road","highway":"service","name":null,"level":"0","floor":0,"bridge":false,"wheelchair":null},"geometry":{"type":"LineString","coordinates":[[80.233783,26.528587],[80.233749,26.528542],[80.233713,26.528517],[80.233616,26.528467],[80.232908,26.528115],[80.232655,26.527977],[80.232198,26.527744],[80.231343,26.527301],[80.231226,26.527241],[80.23084,26.527037]]}},{"type":"Feature","properties":{"osmId":"way/951467804","kind":"road","highway":"service","name":null,"level":"0","floor":0,"bridge":false,"wheelchair":null},"geometry":{"type":"LineString","coordinates":[[80.23294,26.527561],[80.232655,26.527977]]}},{"type":"Feature","properties":{"osmId":"way/951467821","kind":"road","highway":"residential","name":null,"level":"0","floor":0,"bridge":false,"wheelchair":null},"geometry":{"type":"LineString","coordinates":[[80.229742,26.528629],[80.230306,26.528514]]}},{"type":"Feature","properties":{"osmId":"way/951467822","kind":"road","highway":"residential","name":null,"level":"0","floor":0,"bridge":false,"wheelchair":null},"geometry":{"type":"LineString","coordinates":[[80.230939,26.528519],[80.230036,26.528996]]}},{"type":"Feature","properties":{"osmId":"way/951469664","kind":"road","highway":"residential","name":null,"level":"0","floor":0,"bridge":false,"wheelchair":null},"geometry":{"type":"LineString","coordinates":[[80.23396,26.529796],[80.23409,26.529729],[80.234173,26.529666],[80.234197,26.529642],[80.234217,26.529618],[80.234233,26.529577],[80.234245,26.529518],[80.234289,26.529403]]}},{"type":"Feature","properties":{"osmId":"way/1190775339","kind":"road","highway":"service","name":null,"level":"0","floor":0,"bridge":false,"wheelchair":null},"geometry":{"type":"LineString","coordinates":[[80.233342,26.527437],[80.232908,26.528115]]}},{"type":"Feature","properties":{"osmId":"way/1190775428","kind":"road","highway":"residential","name":null,"level":"0","floor":0,"bridge":false,"wheelchair":null},"geometry":{"type":"LineString","coordinates":[[80.232555,26.528403],[80.232498,26.528524],[80.232392,26.528776]]}},{"type":"Feature","properties":{"osmId":"way/951450126","kind":"road","highway":"residential","name":null,"level":"0","floor":0,"bridge":false,"wheelchair":null},"geometry":{"type":"LineString","coordinates":[[80.236437,26.529635],[80.236786,26.529949],[80.236997,26.530126],[80.237038,26.530154],[80.237064,26.530165]]}},{"type":"Feature","properties":{"osmId":"way/951450129","kind":"road","highway":"residential","name":null,"level":"0","floor":0,"bridge":false,"wheelchair":null},"geometry":{"type":"LineString","coordinates":[[80.23609,26.530767],[80.236458,26.530411],[80.236592,26.530282],[80.236629,26.530264],[80.23668,26.530256],[80.236946,26.530238],[80.236985,26.53023],[80.237015,26.530216],[80.237064,26.530165],[80.237088,26.530153],[80.237129,26.530122],[80.237677,26.529724],[80.2385,26.528905],[80.238517,26.528862],[80.238528,26.528805],[80.238532,26.528626]]}},{"type":"Feature","properties":{"osmId":"way/951451729","kind":"road","highway":"residential","name":null,"level":"0","floor":0,"bridge":false,"wheelchair":null},"geometry":{"type":"LineString","coordinates":[[80.23818,26.527056],[80.238507,26.526816]]}},{"type":"Feature","properties":{"osmId":"way/951451730","kind":"road","highway":"residential","name":null,"level":"0","floor":0,"bridge":false,"wheelchair":null},"geometry":{"type":"LineString","coordinates":[[80.238613,26.526954],[80.238507,26.526816],[80.237878,26.52605],[80.237813,26.525976]]}},{"type":"Feature","properties":{"osmId":"way/951458837","kind":"road","highway":"residential","name":null,"level":"0","floor":0,"bridge":false,"wheelchair":null},"geometry":{"type":"LineString","coordinates":[[80.236488,26.529165],[80.236562,26.529055],[80.236567,26.528992],[80.236565,26.528941],[80.236559,26.528893],[80.236541,26.528849],[80.236456,26.528736],[80.236139,26.528398]]}},{"type":"Feature","properties":{"osmId":"way/951458838","kind":"road","highway":"residential","name":null,"level":"0","floor":0,"bridge":false,"wheelchair":null},"geometry":{"type":"LineString","coordinates":[[80.238999,26.530286],[80.238729,26.530001],[80.238715,26.529959],[80.238718,26.529911],[80.238894,26.529725]]}},{"type":"Feature","properties":{"osmId":"way/951458839","kind":"road","highway":"residential","name":null,"level":"0","floor":0,"bridge":false,"wheelchair":null},"geometry":{"type":"LineString","coordinates":[[80.23913,26.529972],[80.239989,26.529294],[80.239995,26.529276],[80.239997,26.529252],[80.239984,26.529231],[80.239623,26.528859]]}},{"type":"Feature","properties":{"osmId":"way/951458840","kind":"road","highway":"residential","name":null,"level":"0","floor":0,"bridge":false,"wheelchair":null},"geometry":{"type":"LineString","coordinates":[[80.238757,26.529582],[80.238894,26.529725],[80.23913,26.529972],[80.239522,26.530381]]}},{"type":"Feature","properties":{"osmId":"way/951458841","kind":"road","highway":"residential","name":null,"level":"0","floor":0,"bridge":false,"wheelchair":null},"geometry":{"type":"LineString","coordinates":[[80.237397,26.530674],[80.237598,26.530491],[80.237879,26.530232],[80.237968,26.530151],[80.238185,26.529969],[80.238252,26.529914],[80.238312,26.529851],[80.2385,26.529673],[80.238538,26.529649],[80.238708,26.529608],[80.238757,26.529582],[80.23913,26.529253],[80.239284,26.529137],[80.239306,26.52912],[80.239623,26.528859],[80.239734,26.528769],[80.240095,26.528476]]}},{"type":"Feature","properties":{"osmId":"way/951469677","kind":"road","highway":"residential","name":null,"level":"0","floor":0,"bridge":false,"wheelchair":null},"geometry":{"type":"LineString","coordinates":[[80.239284,26.529137],[80.238932,26.528854],[80.238683,26.52867],[80.238652,26.528657],[80.238532,26.528626],[80.238501,26.528618],[80.23845,26.528593],[80.238331,26.528503],[80.238281,26.528449],[80.238181,26.528278],[80.238134,26.528226],[80.237891,26.52798],[80.237846,26.527926],[80.23782,26.527878],[80.237795,26.527628]]}},{"type":"Feature","properties":{"osmId":"way/951472308","kind":"road","highway":"residential","name":null,"level":"0","floor":0,"bridge":false,"wheelchair":null},"geometry":{"type":"LineString","coordinates":[[80.240471,26.527821],[80.239547,26.526876]]}},{"type":"Feature","properties":{"osmId":"way/951472320","kind":"road","highway":"residential","name":null,"level":"0","floor":0,"bridge":false,"wheelchair":null},"geometry":{"type":"LineString","coordinates":[[80.237807,26.527237],[80.237597,26.527017],[80.237591,26.526985],[80.237601,26.526961],[80.23791,26.526742]]}},{"type":"Feature","properties":{"osmId":"way/1190776311","kind":"road","highway":"residential","name":null,"level":"0","floor":0,"bridge":false,"wheelchair":null},"geometry":{"type":"LineString","coordinates":[[80.236565,26.528941],[80.236784,26.528615],[80.236936,26.528206],[80.236915,26.528075]]}},{"type":"Feature","properties":{"osmId":"way/1190776669","kind":"road","highway":"residential","name":null,"level":"0","floor":0,"bridge":false,"wheelchair":null},"geometry":{"type":"LineString","coordinates":[[80.236437,26.529635],[80.236389,26.529739],[80.236297,26.529841]]}},{"type":"Feature","properties":{"osmId":"way/1190779776","kind":"road","highway":"residential","name":null,"level":"0","floor":0,"bridge":false,"wheelchair":null},"geometry":{"type":"LineString","coordinates":[[80.236357,26.529564],[80.236373,26.52953],[80.236463,26.52926],[80.236488,26.529165]]}},{"type":"Feature","properties":{"osmId":"way/755211564","kind":"road","highway":"unclassified","name":null,"level":"0","floor":0,"bridge":false,"wheelchair":null},"geometry":{"type":"LineString","coordinates":[[80.242673,26.522745],[80.243662,26.523462],[80.243723,26.523502],[80.243804,26.523526],[80.243871,26.523519],[80.24394,26.523492],[80.245483,26.522659],[80.24814,26.521314]]}},{"type":"Feature","properties":{"osmId":"way/953393338","kind":"road","highway":"unclassified","name":null,"level":"0","floor":0,"bridge":true,"wheelchair":null},"geometry":{"type":"LineString","coordinates":[[80.246566,26.519287],[80.246495,26.519346]]}},{"type":"Feature","properties":{"osmId":"way/953393340","kind":"road","highway":"unclassified","name":null,"level":"0","floor":0,"bridge":true,"wheelchair":null},"geometry":{"type":"LineString","coordinates":[[80.24814,26.521314],[80.248222,26.521283]]}},{"type":"Feature","properties":{"osmId":"way/953393339","kind":"road","highway":"unclassified","name":null,"level":"0","floor":0,"bridge":false,"wheelchair":null},"geometry":{"type":"LineString","coordinates":[[80.248222,26.521283],[80.249318,26.5207],[80.250783,26.519952],[80.251469,26.519601]]}}]}